z_lookback,z_entry_short,z_entry_long,z_exit,z_stop,slope_lookback,max_hold_days,slope_confirmation,avg_return,median_return,avg_sharpe,median_sharpe,min_return,max_return,avg_max_dd,worst_dd,total_trades,avg_trades_per_window,avg_win_rate,pct_windows_profitable,n_windows
10,0.5,1.0,0.0,2.0,3,7,False,24.913194444444443,24.465,1.757064814814815,1.847,-98.91,135.92,-20.284259259259258,-197.88,6061,28.060185185185187,51.291666666666664,84.25925925925925,216
10,0.5,1.0,0.0,2.0,2,7,False,24.913194444444443,24.465,1.757064814814815,1.847,-98.91,135.92,-20.284259259259258,-197.88,6061,28.060185185185187,51.291666666666664,84.25925925925925,216
10,0.5,1.0,0.0,2.0,5,7,False,24.913194444444443,24.465,1.757064814814815,1.847,-98.91,135.92,-20.284259259259258,-197.88,6061,28.060185185185187,51.291666666666664,84.25925925925925,216
10,0.75,1.0,0.0,2.0,2,7,False,24.582824074074075,24.4,1.7505740740740743,1.81,-98.91,128.84,-20.309768518518517,-197.88,5756,26.64814814814815,50.579166666666666,84.72222222222221,216
10,0.75,1.0,0.0,2.0,5,7,False,24.582824074074075,24.4,1.7505740740740743,1.81,-98.91,128.84,-20.309768518518517,-197.88,5756,26.64814814814815,50.579166666666666,84.72222222222221,216
10,0.75,1.0,0.0,2.0,3,7,False,24.582824074074075,24.4,1.7505740740740743,1.81,-98.91,128.84,-20.309768518518517,-197.88,5756,26.64814814814815,50.579166666666666,84.72222222222221,216
10,0.5,1.5,0.0,2.0,2,7,False,24.484953703703702,23.025,1.7408148148148148,1.815,-97.08,127.07,-20.216574074074078,-196.26,5283,24.458333333333332,51.16203703703704,83.33333333333334,216
10,0.5,1.5,0.0,2.0,5,7,False,24.484953703703702,23.025,1.7408148148148148,1.815,-97.08,127.07,-20.216574074074078,-196.26,5283,24.458333333333332,51.16203703703704,83.33333333333334,216
10,0.5,1.5,0.0,2.0,3,7,False,24.484953703703702,23.025,1.7408148148148148,1.815,-97.08,127.07,-20.216574074074078,-196.26,5283,24.458333333333332,51.16203703703704,83.33333333333334,216
10,0.3,1.0,0.0,2.0,3,7,False,24.406481481481478,23.595,1.7281527777777779,1.8075,-98.35,136.13,-20.37388888888889,-197.88,6287,29.10648148148148,51.624537037037044,82.87037037037037,216
10,0.3,1.0,0.0,2.0,2,7,False,24.406481481481478,23.595,1.7281527777777779,1.8075,-98.35,136.13,-20.37388888888889,-197.88,6287,29.10648148148148,51.624537037037044,82.87037037037037,216
10,0.3,1.0,0.0,2.0,5,7,False,24.406481481481478,23.595,1.7281527777777779,1.8075,-98.35,136.13,-20.37388888888889,-197.88,6287,29.10648148148148,51.624537037037044,82.87037037037037,216
10,0.75,1.0,-0.3,2.0,2,5,False,24.244768518518523,23.175,1.7182592592592594,1.699,-60.39,123.77,-19.453425925925927,-171.74,6180,28.61111111111111,51.56064814814815,85.18518518518519,216
10,0.75,1.0,-0.3,2.0,5,5,False,24.244768518518523,23.175,1.7182592592592594,1.699,-60.39,123.77,-19.453425925925927,-171.74,6180,28.61111111111111,51.56064814814815,85.18518518518519,216
10,0.75,1.0,-0.3,2.0,3,5,False,24.244768518518523,23.175,1.7182592592592594,1.699,-60.39,123.77,-19.453425925925927,-171.74,6180,28.61111111111111,51.56064814814815,85.18518518518519,216
10,0.5,1.0,0.0,1.5,2,7,False,24.187546296296297,22.51,1.8034675925925925,1.8215,-64.61,145.8,-19.24462962962963,-155.2,7772,35.98148148148148,47.00648148148147,85.18518518518519,216
10,0.5,1.0,0.0,1.5,5,7,False,24.187546296296297,22.51,1.8034675925925925,1.8215,-64.61,145.8,-19.24462962962963,-155.2,7772,35.98148148148148,47.00648148148147,85.18518518518519,216
10,0.5,1.0,0.0,1.5,3,7,False,24.187546296296297,22.51,1.8034675925925925,1.8215,-64.61,145.8,-19.24462962962963,-155.2,7772,35.98148148148148,47.00648148148147,85.18518518518519,216
10,0.75,1.0,0.0,2.0,2,5,False,24.17601851851852,22.560000000000002,1.7423657407407407,1.743,-72.95,125.39,-19.37796296296296,-171.74,6210,28.75,52.59722222222222,84.72222222222221,216
10,0.75,1.0,0.0,2.0,3,5,False,24.17601851851852,22.560000000000002,1.7423657407407407,1.743,-72.95,125.39,-19.37796296296296,-171.74,6210,28.75,52.59722222222222,84.72222222222221,216
10,0.75,1.0,0.0,2.0,5,5,False,24.17601851851852,22.560000000000002,1.7423657407407407,1.743,-72.95,125.39,-19.37796296296296,-171.74,6210,28.75,52.59722222222222,84.72222222222221,216
10,0.5,1.0,0.0,2.5,2,7,False,24.042824074074073,21.95,1.7140370370370368,1.6960000000000002,-111.18,144.84,-20.383703703703706,-209.48,5326,24.65740740740741,56.025,82.4074074074074,216
10,0.5,1.0,0.0,2.5,3,7,False,24.042824074074073,21.95,1.7140370370370368,1.6960000000000002,-111.18,144.84,-20.383703703703706,-209.48,5326,24.65740740740741,56.025,82.4074074074074,216
10,0.5,1.0,0.0,2.5,5,7,False,24.042824074074073,21.95,1.7140370370370368,1.6960000000000002,-111.18,144.84,-20.383703703703706,-209.48,5326,24.65740740740741,56.025,82.4074074074074,216
10,0.75,1.0,0.0,2.5,2,5,False,23.949675925925924,21.95,1.7405138888888887,1.7505000000000002,-86.33,129.99,-19.51902777777778,-183.34,5536,25.62962962962963,56.4138888888889,85.64814814814815,216
10,0.75,1.0,0.0,2.5,3,5,False,23.949675925925924,21.95,1.7405138888888887,1.7505000000000002,-86.33,129.99,-19.51902777777778,-183.34,5536,25.62962962962963,56.4138888888889,85.64814814814815,216
10,0.75,1.0,0.0,2.5,5,5,False,23.949675925925924,21.95,1.7405138888888887,1.7505000000000002,-86.33,129.99,-19.51902777777778,-183.34,5536,25.62962962962963,56.4138888888889,85.64814814814815,216
10,0.5,1.0,-0.3,2.0,2,7,False,23.947916666666668,22.57,1.6901064814814815,1.7595,-98.82,122.99,-20.744861111111113,-197.88,5967,27.625,49.0800925925926,82.4074074074074,216
10,0.5,1.0,-0.3,2.0,3,7,False,23.947916666666668,22.57,1.6901064814814815,1.7595,-98.82,122.99,-20.744861111111113,-197.88,5967,27.625,49.0800925925926,82.4074074074074,216
10,0.5,1.0,-0.3,2.0,5,7,False,23.947916666666668,22.57,1.6901064814814815,1.7595,-98.82,122.99,-20.744861111111113,-197.88,5967,27.625,49.0800925925926,82.4074074074074,216
10,0.75,1.5,0.0,2.0,5,7,False,23.946712962962962,22.84,1.7335833333333335,1.7795,-98.38,132.03,-20.264166666666664,-196.26,4976,23.037037037037038,50.285185185185185,83.33333333333334,216
10,0.75,1.5,0.0,2.0,3,7,False,23.946712962962962,22.84,1.7335833333333335,1.7795,-98.38,132.03,-20.264166666666664,-196.26,4976,23.037037037037038,50.285185185185185,83.33333333333334,216
10,0.75,1.5,0.0,2.0,2,7,False,23.946712962962962,22.84,1.7335833333333335,1.7795,-98.38,132.03,-20.264166666666664,-196.26,4976,23.037037037037038,50.285185185185185,83.33333333333334,216
10,0.3,1.0,0.0,1.5,3,7,False,23.89037037037037,22.5,1.793564814814815,1.8155000000000001,-64.61,146.0,-19.32268518518519,-155.2,8020,37.129629629629626,47.11851851851851,84.72222222222221,216
10,0.3,1.0,0.0,1.5,2,7,False,23.89037037037037,22.5,1.793564814814815,1.8155000000000001,-64.61,146.0,-19.32268518518519,-155.2,8020,37.129629629629626,47.11851851851851,84.72222222222221,216
10,0.3,1.0,0.0,1.5,5,7,False,23.89037037037037,22.5,1.793564814814815,1.8155000000000001,-64.61,146.0,-19.32268518518519,-155.2,8020,37.129629629629626,47.11851851851851,84.72222222222221,216
10,0.75,1.0,-0.3,1.5,3,5,False,23.859074074074073,22.53,1.769666666666667,1.7149999999999999,-48.21,116.75,-18.70949074074074,-124.14,7692,35.611111111111114,47.610648148148144,86.11111111111111,216
10,0.75,1.0,-0.3,1.5,5,5,False,23.859074074074073,22.53,1.769666666666667,1.7149999999999999,-48.21,116.75,-18.70949074074074,-124.14,7692,35.611111111111114,47.610648148148144,86.11111111111111,216
10,0.75,1.0,-0.3,1.5,2,5,False,23.859074074074073,22.53,1.769666666666667,1.7149999999999999,-48.21,116.75,-18.70949074074074,-124.14,7692,35.611111111111114,47.610648148148144,86.11111111111111,216
10,0.3,1.5,0.0,2.0,5,7,False,23.823287037037037,22.43,1.7057407407407408,1.759,-96.52,128.1,-20.26055555555556,-196.26,5505,25.48611111111111,51.56111111111112,82.87037037037037,216
10,0.3,1.5,0.0,2.0,3,7,False,23.823287037037037,22.43,1.7057407407407408,1.759,-96.52,128.1,-20.26055555555556,-196.26,5505,25.48611111111111,51.56111111111112,82.87037037037037,216
10,0.3,1.5,0.0,2.0,2,7,False,23.823287037037037,22.43,1.7057407407407408,1.759,-96.52,128.1,-20.26055555555556,-196.26,5505,25.48611111111111,51.56111111111112,82.87037037037037,216
10,0.75,1.0,0.0,2.5,2,7,False,23.772268518518516,22.47,1.7238749999999998,1.7149999999999999,-111.18,131.93,-20.531898148148144,-209.48,5025,23.26388888888889,55.49074074074074,82.4074074074074,216
10,0.75,1.0,0.0,2.5,3,7,False,23.772268518518516,22.47,1.7238749999999998,1.7149999999999999,-111.18,131.93,-20.531898148148144,-209.48,5025,23.26388888888889,55.49074074074074,82.4074074074074,216
10,0.75,1.0,0.0,2.5,5,7,False,23.772268518518516,22.47,1.7238749999999998,1.7149999999999999,-111.18,131.93,-20.531898148148144,-209.48,5025,23.26388888888889,55.49074074074074,82.4074074074074,216
10,0.5,1.0,-0.3,1.5,2,7,False,23.715648148148148,21.634999999999998,1.763462962962963,1.745,-59.66,132.25,-19.605694444444445,-155.2,7688,35.592592592592595,45.02268518518518,84.72222222222221,216
10,0.5,1.0,-0.3,1.5,5,7,False,23.715648148148148,21.634999999999998,1.763462962962963,1.745,-59.66,132.25,-19.605694444444445,-155.2,7688,35.592592592592595,45.02268518518518,84.72222222222221,216
10,0.5,1.0,-0.3,1.5,3,7,False,23.715648148148148,21.634999999999998,1.763462962962963,1.745,-59.66,132.25,-19.605694444444445,-155.2,7688,35.592592592592595,45.02268518518518,84.72222222222221,216
10,0.5,1.5,0.0,2.5,2,7,False,23.710046296296294,20.14,1.721587962962963,1.7195,-109.35,130.17,-20.39699074074074,-207.86,4576,21.185185185185187,56.38564814814816,82.4074074074074,216
10,0.5,1.5,0.0,2.5,5,7,False,23.710046296296294,20.14,1.721587962962963,1.7195,-109.35,130.17,-20.39699074074074,-207.86,4576,21.185185185185187,56.38564814814816,82.4074074074074,216
10,0.5,1.5,0.0,2.5,3,7,False,23.710046296296294,20.14,1.721587962962963,1.7195,-109.35,130.17,-20.39699074074074,-207.86,4576,21.185185185185187,56.38564814814816,82.4074074074074,216
10,0.5,1.5,0.0,1.5,5,7,False,23.677777777777777,22.095,1.7853796296296296,1.8245,-56.71,135.44,-19.098657407407405,-153.12,6873,31.819444444444443,47.64675925925926,84.72222222222221,216
10,0.5,1.5,0.0,1.5,3,7,False,23.677777777777777,22.095,1.7853796296296296,1.8245,-56.71,135.44,-19.098657407407405,-153.12,6873,31.819444444444443,47.64675925925926,84.72222222222221,216
10,0.5,1.5,0.0,1.5,2,7,False,23.677777777777777,22.095,1.7853796296296296,1.8245,-56.71,135.44,-19.098657407407405,-153.12,6873,31.819444444444443,47.64675925925926,84.72222222222221,216
10,0.75,1.0,0.0,1.5,2,7,False,23.625972222222224,22.17,1.7889814814814815,1.792,-58.65,130.02,-19.27268518518519,-155.2,7435,34.4212962962963,46.57546296296296,84.72222222222221,216
10,0.75,1.0,0.0,1.5,3,7,False,23.625972222222224,22.17,1.7889814814814815,1.792,-58.65,130.02,-19.27268518518519,-155.2,7435,34.4212962962963,46.57546296296296,84.72222222222221,216
10,0.75,1.0,0.0,1.5,5,7,False,23.625972222222224,22.17,1.7889814814814815,1.792,-58.65,130.02,-19.27268518518519,-155.2,7435,34.4212962962963,46.57546296296296,84.72222222222221,216
10,0.75,1.0,-0.3,2.0,5,7,False,23.605601851851855,22.685000000000002,1.6838518518518517,1.7555,-98.82,127.96,-20.811064814814817,-197.88,5694,26.36111111111111,48.6837962962963,81.48148148148148,216
10,0.75,1.0,-0.3,2.0,2,7,False,23.605601851851855,22.685000000000002,1.6838518518518517,1.7555,-98.82,127.96,-20.811064814814817,-197.88,5694,26.36111111111111,48.6837962962963,81.48148148148148,216
10,0.75,1.0,-0.3,2.0,3,7,False,23.605601851851855,22.685000000000002,1.6838518518518517,1.7555,-98.82,127.96,-20.811064814814817,-197.88,5694,26.36111111111111,48.6837962962963,81.48148148148148,216
10,0.5,1.5,-0.3,2.0,2,7,False,23.586157407407406,22.195,1.6810694444444445,1.7095,-97.08,126.19,-20.629305555555558,-196.26,5194,24.046296296296298,49.1837962962963,81.48148148148148,216
10,0.5,1.5,-0.3,2.0,5,7,False,23.586157407407406,22.195,1.6810694444444445,1.7095,-97.08,126.19,-20.629305555555558,-196.26,5194,24.046296296296298,49.1837962962963,81.48148148148148,216
10,0.5,1.5,-0.3,2.0,3,7,False,23.586157407407406,22.195,1.6810694444444445,1.7095,-97.08,126.19,-20.629305555555558,-196.26,5194,24.046296296296298,49.1837962962963,81.48148148148148,216
10,0.5,1.0,0.3,2.0,5,7,False,23.567777777777778,23.085,1.760189814814815,1.824,-117.62,132.55,-19.649351851851854,-200.58,6201,28.708333333333332,53.36712962962962,84.72222222222221,216
10,0.5,1.0,0.3,2.0,3,7,False,23.567777777777778,23.085,1.760189814814815,1.824,-117.62,132.55,-19.649351851851854,-200.58,6201,28.708333333333332,53.36712962962962,84.72222222222221,216
10,0.5,1.0,0.3,2.0,2,7,False,23.567777777777778,23.085,1.760189814814815,1.824,-117.62,132.55,-19.649351851851854,-200.58,6201,28.708333333333332,53.36712962962962,84.72222222222221,216
10,0.3,1.0,-0.3,1.5,5,7,False,23.549212962962965,21.87,1.7552916666666665,1.766,-59.66,132.54,-19.674722222222222,-155.2,7924,36.68518518518518,45.08842592592592,84.72222222222221,216
10,0.3,1.0,-0.3,1.5,2,7,False,23.549212962962965,21.87,1.7552916666666665,1.766,-59.66,132.54,-19.674722222222222,-155.2,7924,36.68518518518518,45.08842592592592,84.72222222222221,216
10,0.3,1.0,-0.3,1.5,3,7,False,23.549212962962965,21.87,1.7552916666666665,1.766,-59.66,132.54,-19.674722222222222,-155.2,7924,36.68518518518518,45.08842592592592,84.72222222222221,216
10,0.5,1.0,-0.3,1.5,5,5,False,23.519305555555555,21.924999999999997,1.7603518518518517,1.72,-46.54,116.16,-18.71388888888889,-124.14,8065,37.33796296296296,47.7337962962963,85.18518518518519,216
10,0.5,1.0,-0.3,1.5,2,5,False,23.519305555555555,21.924999999999997,1.7603518518518517,1.72,-46.54,116.16,-18.71388888888889,-124.14,8065,37.33796296296296,47.7337962962963,85.18518518518519,216
10,0.5,1.0,-0.3,1.5,3,5,False,23.519305555555555,21.924999999999997,1.7603518518518517,1.72,-46.54,116.16,-18.71388888888889,-124.14,8065,37.33796296296296,47.7337962962963,85.18518518518519,216
10,0.3,1.0,-0.3,2.0,3,7,False,23.511018518518515,22.53,1.6663101851851851,1.773,-98.25,124.02,-20.813333333333336,-197.88,6187,28.64351851851852,49.37638888888888,81.01851851851852,216
10,0.3,1.0,-0.3,2.0,5,7,False,23.511018518518515,22.53,1.6663101851851851,1.773,-98.25,124.02,-20.813333333333336,-197.88,6187,28.64351851851852,49.37638888888888,81.01851851851852,216
10,0.3,1.0,-0.3,2.0,2,7,False,23.511018518518515,22.53,1.6663101851851851,1.773,-98.25,124.02,-20.813333333333336,-197.88,6187,28.64351851851852,49.37638888888888,81.01851851851852,216
10,0.75,1.0,-0.3,2.5,5,5,False,23.497824074074078,22.47,1.7071805555555555,1.71,-86.33,129.99,-19.63601851851852,-183.34,5500,25.462962962962962,55.26759259259259,84.72222222222221,216
10,0.75,1.0,-0.3,2.5,2,5,False,23.497824074074078,22.47,1.7071805555555555,1.71,-86.33,129.99,-19.63601851851852,-183.34,5500,25.462962962962962,55.26759259259259,84.72222222222221,216
10,0.75,1.0,-0.3,2.5,3,5,False,23.497824074074078,22.47,1.7071805555555555,1.71,-86.33,129.99,-19.63601851851852,-183.34,5500,25.462962962962962,55.26759259259259,84.72222222222221,216
10,0.75,1.0,0.3,2.5,2,5,False,23.46171296296296,21.91,1.7446018518518522,1.7805,-90.29,133.25,-19.016620370370372,-186.04,5587,25.86574074074074,57.77962962962964,83.79629629629629,216
10,0.75,1.0,0.3,2.5,3,5,False,23.46171296296296,21.91,1.7446018518518522,1.7805,-90.29,133.25,-19.016620370370372,-186.04,5587,25.86574074074074,57.77962962962964,83.79629629629629,216
10,0.75,1.0,0.3,2.5,5,5,False,23.46171296296296,21.91,1.7446018518518522,1.7805,-90.29,133.25,-19.016620370370372,-186.04,5587,25.86574074074074,57.77962962962964,83.79629629629629,216
10,0.75,1.5,0.0,2.5,5,7,False,23.45694444444445,21.66,1.7000462962962966,1.699,-109.35,131.67,-20.523240740740743,-207.86,4276,19.796296296296298,55.70231481481482,82.87037037037037,216
10,0.75,1.5,0.0,2.5,3,7,False,23.45694444444445,21.66,1.7000462962962966,1.699,-109.35,131.67,-20.523240740740743,-207.86,4276,19.796296296296298,55.70231481481482,82.87037037037037,216
10,0.75,1.5,0.0,2.5,2,7,False,23.45694444444445,21.66,1.7000462962962966,1.699,-109.35,131.67,-20.523240740740743,-207.86,4276,19.796296296296298,55.70231481481482,82.87037037037037,216
10,0.75,1.5,0.0,2.0,3,5,False,23.40912037037037,20.32,1.7120833333333334,1.679,-83.26,124.93,-19.31805555555556,-169.22,5226,24.194444444444443,52.84953703703704,86.11111111111111,216
10,0.75,1.5,0.0,2.0,2,5,False,23.40912037037037,20.32,1.7120833333333334,1.679,-83.26,124.93,-19.31805555555556,-169.22,5226,24.194444444444443,52.84953703703704,86.11111111111111,216
10,0.75,1.5,0.0,2.0,5,5,False,23.40912037037037,20.32,1.7120833333333334,1.679,-83.26,124.93,-19.31805555555556,-169.22,5226,24.194444444444443,52.84953703703704,86.11111111111111,216
10,0.3,1.5,0.0,1.5,5,7,False,23.386990740740742,21.995,1.7750370370370372,1.8135,-56.71,135.64,-19.170694444444443,-153.12,7119,32.958333333333336,47.77916666666666,84.25925925925925,216
10,0.3,1.5,0.0,1.5,3,7,False,23.386990740740742,21.995,1.7750370370370372,1.8135,-56.71,135.64,-19.170694444444443,-153.12,7119,32.958333333333336,47.77916666666666,84.25925925925925,216
10,0.3,1.5,0.0,1.5,2,7,False,23.386990740740742,21.995,1.7750370370370372,1.8135,-56.71,135.64,-19.170694444444443,-153.12,7119,32.958333333333336,47.77916666666666,84.25925925925925,216
10,0.75,1.0,0.3,2.0,3,7,False,23.377731481481483,23.1,1.7784444444444447,1.8054999999999999,-112.5,127.8,-19.672777777777778,-200.58,5846,27.064814814814813,52.54675925925927,84.72222222222221,216
10,0.75,1.0,0.3,2.0,5,7,False,23.377731481481483,23.1,1.7784444444444447,1.8054999999999999,-112.5,127.8,-19.672777777777778,-200.58,5846,27.064814814814813,52.54675925925927,84.72222222222221,216
10,0.75,1.0,0.3,2.0,2,7,False,23.377731481481483,23.1,1.7784444444444447,1.8054999999999999,-112.5,127.8,-19.672777777777778,-200.58,5846,27.064814814814813,52.54675925925927,84.72222222222221,216
10,0.75,1.5,0.0,2.5,5,5,False,23.357129629629625,21.32,1.7205416666666669,1.7355,-94.86,129.07,-19.480092592592595,-180.82,4604,21.314814814814813,57.18935185185186,86.11111111111111,216
10,0.75,1.5,0.0,2.5,2,5,False,23.357129629629625,21.32,1.7205416666666669,1.7355,-94.86,129.07,-19.480092592592595,-180.82,4604,21.314814814814813,57.18935185185186,86.11111111111111,216
10,0.75,1.5,0.0,2.5,3,5,False,23.357129629629625,21.32,1.7205416666666669,1.7355,-94.86,129.07,-19.480092592592595,-180.82,4604,21.314814814814813,57.18935185185186,86.11111111111111,216
10,0.75,1.5,-0.3,2.0,3,5,False,23.333333333333332,21.200000000000003,1.687763888888889,1.6520000000000001,-54.28,119.9,-19.399722222222223,-169.22,5208,24.11111111111111,51.78703703703704,85.18518518518519,216
10,0.75,1.5,-0.3,2.0,2,5,False,23.333333333333332,21.200000000000003,1.687763888888889,1.6520000000000001,-54.28,119.9,-19.399722222222223,-169.22,5208,24.11111111111111,51.78703703703704,85.18518518518519,216
10,0.75,1.5,-0.3,2.0,5,5,False,23.333333333333332,21.200000000000003,1.687763888888889,1.6520000000000001,-54.28,119.9,-19.399722222222223,-169.22,5208,24.11111111111111,51.78703703703704,85.18518518518519,216
10,0.3,1.0,0.0,2.5,2,7,False,23.331712962962964,23.475,1.672388888888889,1.7335,-110.62,145.04,-20.465925925925923,-209.48,5564,25.75925925925926,56.35277777777778,81.01851851851852,216
10,0.3,1.0,0.0,2.5,3,7,False,23.331712962962964,23.475,1.672388888888889,1.7335,-110.62,145.04,-20.465925925925923,-209.48,5564,25.75925925925926,56.35277777777778,81.01851851851852,216
10,0.3,1.0,0.0,2.5,5,7,False,23.331712962962964,23.475,1.672388888888889,1.7335,-110.62,145.04,-20.465925925925923,-209.48,5564,25.75925925925926,56.35277777777778,81.01851851851852,216
10,0.75,1.5,-0.3,2.5,2,5,False,23.304490740740743,21.595,1.6993842592592594,1.707,-85.42,124.04,-19.519259259259258,-180.82,4579,21.199074074074073,56.05138888888889,84.72222222222221,216
10,0.75,1.5,-0.3,2.5,5,5,False,23.304490740740743,21.595,1.6993842592592594,1.707,-85.42,124.04,-19.519259259259258,-180.82,4579,21.199074074074073,56.05138888888889,84.72222222222221,216
10,0.75,1.5,-0.3,2.5,3,5,False,23.304490740740743,21.595,1.6993842592592594,1.707,-85.42,124.04,-19.519259259259258,-180.82,4579,21.199074074074073,56.05138888888889,84.72222222222221,216
10,0.5,1.0,-0.3,2.5,3,7,False,23.288703703703707,23.295,1.6495925925925927,1.668,-111.09,126.09,-20.763842592592592,-209.48,5250,24.305555555555557,53.5662037037037,81.48148148148148,216
10,0.5,1.0,-0.3,2.5,5,7,False,23.288703703703707,23.295,1.6495925925925927,1.668,-111.09,126.09,-20.763842592592592,-209.48,5250,24.305555555555557,53.5662037037037,81.48148148148148,216
10,0.5,1.0,-0.3,2.5,2,7,False,23.288703703703707,23.295,1.6495925925925927,1.668,-111.09,126.09,-20.763842592592592,-209.48,5250,24.305555555555557,53.5662037037037,81.48148148148148,216
10,0.75,1.0,-0.3,2.5,2,7,False,23.287962962962965,23.055,1.6658611111111112,1.674,-111.09,131.05,-20.837685185185187,-209.48,4976,23.037037037037038,53.4587962962963,81.01851851851852,216
10,0.75,1.0,-0.3,2.5,5,7,False,23.287962962962965,23.055,1.6658611111111112,1.674,-111.09,131.05,-20.837685185185187,-209.48,4976,23.037037037037038,53.4587962962963,81.01851851851852,216
10,0.75,1.0,-0.3,2.5,3,7,False,23.287962962962965,23.055,1.6658611111111112,1.674,-111.09,131.05,-20.837685185185187,-209.48,4976,23.037037037037038,53.4587962962963,81.01851851851852,216
10,0.5,1.5,-0.3,1.5,2,7,False,23.253888888888884,21.14,1.7460601851851851,1.699,-53.81,131.0,-19.51759259259259,-153.12,6812,31.537037037037038,45.76759259259259,84.25925925925925,216
10,0.5,1.5,-0.3,1.5,3,7,False,23.253888888888884,21.14,1.7460601851851851,1.699,-53.81,131.0,-19.51759259259259,-153.12,6812,31.537037037037038,45.76759259259259,84.25925925925925,216
10,0.5,1.5,-0.3,1.5,5,7,False,23.253888888888884,21.14,1.7460601851851851,1.699,-53.81,131.0,-19.51759259259259,-153.12,6812,31.537037037037038,45.76759259259259,84.25925925925925,216
10,0.5,1.5,0.3,2.0,3,7,False,23.25037037037037,21.86,1.7485416666666667,1.884,-108.84,126.62,-19.466018518518517,-198.06,5392,24.962962962962962,53.29768518518518,84.25925925925925,216
10,0.5,1.5,0.3,2.0,2,7,False,23.25037037037037,21.86,1.7485416666666667,1.884,-108.84,126.62,-19.466018518518517,-198.06,5392,24.962962962962962,53.29768518518518,84.25925925925925,216
10,0.5,1.5,0.3,2.0,5,7,False,23.25037037037037,21.86,1.7485416666666667,1.884,-108.84,126.62,-19.466018518518517,-198.06,5392,24.962962962962962,53.29768518518518,84.25925925925925,216
10,0.3,1.0,-0.3,1.5,2,5,False,23.245416666666667,21.375,1.7437638888888887,1.681,-45.89,117.19,-18.77287037037037,-129.69,8330,38.56481481481482,47.81018518518518,84.72222222222221,216
10,0.3,1.0,-0.3,1.5,3,5,False,23.245416666666667,21.375,1.7437638888888887,1.681,-45.89,117.19,-18.77287037037037,-129.69,8330,38.56481481481482,47.81018518518518,84.72222222222221,216
10,0.3,1.0,-0.3,1.5,5,5,False,23.245416666666667,21.375,1.7437638888888887,1.681,-45.89,117.19,-18.77287037037037,-129.69,8330,38.56481481481482,47.81018518518518,84.72222222222221,216
10,0.75,1.0,-0.3,1.5,5,7,False,23.244398148148147,21.85,1.7508935185185184,1.724,-56.24,129.14,-19.659305555555555,-155.2,7386,34.19444444444444,44.831944444444446,84.72222222222221,216
10,0.75,1.0,-0.3,1.5,2,7,False,23.244398148148147,21.85,1.7508935185185184,1.724,-56.24,129.14,-19.659305555555555,-155.2,7386,34.19444444444444,44.831944444444446,84.72222222222221,216
10,0.75,1.0,-0.3,1.5,3,7,False,23.244398148148147,21.85,1.7508935185185184,1.724,-56.24,129.14,-19.659305555555555,-155.2,7386,34.19444444444444,44.831944444444446,84.72222222222221,216
10,0.75,1.5,0.3,2.0,3,7,False,23.195231481481482,22.285,1.7702361111111113,1.8335,-108.84,131.58,-19.476064814814816,-198.06,5037,23.319444444444443,52.38981481481482,84.25925925925925,216
10,0.75,1.5,0.3,2.0,2,7,False,23.195231481481482,22.285,1.7702361111111113,1.8335,-108.84,131.58,-19.476064814814816,-198.06,5037,23.319444444444443,52.38981481481482,84.25925925925925,216
10,0.75,1.5,0.3,2.0,5,7,False,23.195231481481482,22.285,1.7702361111111113,1.8335,-108.84,131.58,-19.476064814814816,-198.06,5037,23.319444444444443,52.38981481481482,84.25925925925925,216
10,0.75,1.0,0.0,1.5,2,5,False,23.18611111111111,21.035,1.7667083333333333,1.7000000000000002,-49.45,121.78,-18.587546296296296,-124.14,7704,35.666666666666664,48.64305555555556,85.18518518518519,216
10,0.75,1.0,0.0,1.5,3,5,False,23.18611111111111,21.035,1.7667083333333333,1.7000000000000002,-49.45,121.78,-18.587546296296296,-124.14,7704,35.666666666666664,48.64305555555556,85.18518518518519,216
10,0.75,1.0,0.0,1.5,5,5,False,23.18611111111111,21.035,1.7667083333333333,1.7000000000000002,-49.45,121.78,-18.587546296296296,-124.14,7704,35.666666666666664,48.64305555555556,85.18518518518519,216
10,0.75,1.5,-0.3,2.0,3,7,False,23.10092592592592,21.315,1.6686157407407405,1.702,-97.08,131.15,-20.719027777777775,-196.26,4923,22.791666666666668,48.61990740740742,81.48148148148148,216
10,0.75,1.5,-0.3,2.0,2,7,False,23.10092592592592,21.315,1.6686157407407405,1.702,-97.08,131.15,-20.719027777777775,-196.26,4923,22.791666666666668,48.61990740740742,81.48148148148148,216
10,0.75,1.5,-0.3,2.0,5,7,False,23.10092592592592,21.315,1.6686157407407405,1.702,-97.08,131.15,-20.719027777777775,-196.26,4923,22.791666666666668,48.61990740740742,81.48148148148148,216
10,0.75,1.0,0.3,2.0,2,5,False,23.094675925925927,20.735,1.7481203703703707,1.844,-99.8,131.09,-18.960972222222225,-174.44,6253,28.949074074074073,53.908796296296295,83.79629629629629,216
10,0.75,1.0,0.3,2.0,3,5,False,23.094675925925927,20.735,1.7481203703703707,1.844,-99.8,131.09,-18.960972222222225,-174.44,6253,28.949074074074073,53.908796296296295,83.79629629629629,216
10,0.75,1.0,0.3,2.0,5,5,False,23.094675925925927,20.735,1.7481203703703707,1.844,-99.8,131.09,-18.960972222222225,-174.44,6253,28.949074074074073,53.908796296296295,83.79629629629629,216
10,0.3,1.5,-0.3,2.0,2,7,False,23.073148148148146,22.055,1.653810185185185,1.698,-96.52,127.22,-20.70685185185185,-196.26,5413,25.060185185185187,49.49027777777778,81.01851851851852,216
10,0.3,1.5,-0.3,2.0,3,7,False,23.073148148148146,22.055,1.653810185185185,1.698,-96.52,127.22,-20.70685185185185,-196.26,5413,25.060185185185187,49.49027777777778,81.01851851851852,216
10,0.3,1.5,-0.3,2.0,5,7,False,23.073148148148146,22.055,1.653810185185185,1.698,-96.52,127.22,-20.70685185185185,-196.26,5413,25.060185185185187,49.49027777777778,81.01851851851852,216
10,0.3,1.0,0.3,2.0,3,7,False,23.070694444444445,22.439999999999998,1.732523148148148,1.7875,-117.62,132.75,-19.742916666666662,-200.58,6459,29.90277777777778,53.77777777777778,82.4074074074074,216
10,0.3,1.0,0.3,2.0,5,7,False,23.070694444444445,22.439999999999998,1.732523148148148,1.7875,-117.62,132.75,-19.742916666666662,-200.58,6459,29.90277777777778,53.77777777777778,82.4074074074074,216
10,0.3,1.0,0.3,2.0,2,7,False,23.070694444444445,22.439999999999998,1.732523148148148,1.7875,-117.62,132.75,-19.742916666666662,-200.58,6459,29.90277777777778,53.77777777777778,82.4074074074074,216
10,0.75,1.5,0.0,1.5,2,7,False,23.03680555555555,20.955,1.7676435185185186,1.802,-53.81,132.47,-19.15847222222222,-153.12,6535,30.25462962962963,47.157407407407405,84.72222222222221,216
10,0.75,1.5,0.0,1.5,5,7,False,23.03680555555555,20.955,1.7676435185185186,1.802,-53.81,132.47,-19.15847222222222,-153.12,6535,30.25462962962963,47.157407407407405,84.72222222222221,216
10,0.75,1.5,0.0,1.5,3,7,False,23.03680555555555,20.955,1.7676435185185186,1.802,-53.81,132.47,-19.15847222222222,-153.12,6535,30.25462962962963,47.157407407407405,84.72222222222221,216
10,0.5,1.0,0.0,2.0,3,5,False,23.012083333333337,22.38,1.7254722222222223,1.7185000000000001,-81.13,120.42,-19.631064814814813,-171.74,6590,30.50925925925926,53.15601851851852,82.87037037037037,216
10,0.5,1.0,0.0,2.0,2,5,False,23.012083333333337,22.38,1.7254722222222223,1.7185000000000001,-81.13,120.42,-19.631064814814813,-171.74,6590,30.50925925925926,53.15601851851852,82.87037037037037,216
10,0.5,1.0,0.0,2.0,5,5,False,23.012083333333337,22.38,1.7254722222222223,1.7185000000000001,-81.13,120.42,-19.631064814814813,-171.74,6590,30.50925925925926,53.15601851851852,82.87037037037037,216
10,0.75,1.0,0.3,2.5,5,7,False,23.00208333333333,23.450000000000003,1.7287592592592593,1.8319999999999999,-123.84,129.32,-19.949583333333337,-212.18,5116,23.685185185185187,57.43333333333333,84.25925925925925,216
10,0.75,1.0,0.3,2.5,3,7,False,23.00208333333333,23.450000000000003,1.7287592592592593,1.8319999999999999,-123.84,129.32,-19.949583333333337,-212.18,5116,23.685185185185187,57.43333333333333,84.25925925925925,216
10,0.75,1.0,0.3,2.5,2,7,False,23.00208333333333,23.450000000000003,1.7287592592592593,1.8319999999999999,-123.84,129.32,-19.949583333333337,-212.18,5116,23.685185185185187,57.43333333333333,84.25925925925925,216
10,0.5,1.0,0.0,1.5,5,5,False,22.973981481481477,20.585,1.7633287037037038,1.6995,-47.78,121.19,-18.57875,-124.14,8103,37.513888888888886,49.037962962962965,85.64814814814815,216
10,0.5,1.0,0.0,1.5,2,5,False,22.973981481481477,20.585,1.7633287037037038,1.6995,-47.78,121.19,-18.57875,-124.14,8103,37.513888888888886,49.037962962962965,85.64814814814815,216
10,0.5,1.0,0.0,1.5,3,5,False,22.973981481481477,20.585,1.7633287037037038,1.6995,-47.78,121.19,-18.57875,-124.14,8103,37.513888888888886,49.037962962962965,85.64814814814815,216
10,0.5,1.0,0.3,1.5,3,7,False,22.915972222222223,21.785,1.7747314814814814,1.7120000000000002,-79.51,128.19,-18.46638888888889,-157.0,7909,36.61574074074074,49.23194444444444,85.64814814814815,216
10,0.5,1.0,0.3,1.5,2,7,False,22.915972222222223,21.785,1.7747314814814814,1.7120000000000002,-79.51,128.19,-18.46638888888889,-157.0,7909,36.61574074074074,49.23194444444444,85.64814814814815,216
10,0.5,1.0,0.3,1.5,5,7,False,22.915972222222223,21.785,1.7747314814814814,1.7120000000000002,-79.51,128.19,-18.46638888888889,-157.0,7909,36.61574074074074,49.23194444444444,85.64814814814815,216
10,0.3,1.0,-0.3,2.0,2,5,False,22.90273148148148,22.17,1.676087962962963,1.668,-77.71,116.42,-19.648657407407406,-173.26,6797,31.46759259259259,51.95046296296296,82.87037037037037,216
10,0.3,1.0,-0.3,2.0,5,5,False,22.90273148148148,22.17,1.676087962962963,1.668,-77.71,116.42,-19.648657407407406,-173.26,6797,31.46759259259259,51.95046296296296,82.87037037037037,216
10,0.3,1.0,-0.3,2.0,3,5,False,22.90273148148148,22.17,1.676087962962963,1.668,-77.71,116.42,-19.648657407407406,-173.26,6797,31.46759259259259,51.95046296296296,82.87037037037037,216
10,0.3,1.5,0.0,2.5,5,7,False,22.898333333333337,20.314999999999998,1.6764120370370372,1.7315,-108.79,130.37,-20.433009259259258,-207.86,4814,22.287037037037038,56.77268518518519,81.01851851851852,216
10,0.3,1.5,0.0,2.5,3,7,False,22.898333333333337,20.314999999999998,1.6764120370370372,1.7315,-108.79,130.37,-20.433009259259258,-207.86,4814,22.287037037037038,56.77268518518519,81.01851851851852,216
10,0.3,1.5,0.0,2.5,2,7,False,22.898333333333337,20.314999999999998,1.6764120370370372,1.7315,-108.79,130.37,-20.433009259259258,-207.86,4814,22.287037037037038,56.77268518518519,81.01851851851852,216
10,0.5,1.5,-0.3,2.5,2,7,False,22.874120370370367,20.985,1.646898148148148,1.62,-109.35,125.83,-20.75212962962963,-207.86,4499,20.828703703703702,54.151388888888896,80.0925925925926,216
10,0.5,1.5,-0.3,2.5,5,7,False,22.874120370370367,20.985,1.646898148148148,1.62,-109.35,125.83,-20.75212962962963,-207.86,4499,20.828703703703702,54.151388888888896,80.0925925925926,216
10,0.5,1.5,-0.3,2.5,3,7,False,22.874120370370367,20.985,1.646898148148148,1.62,-109.35,125.83,-20.75212962962963,-207.86,4499,20.828703703703702,54.151388888888896,80.0925925925926,216
10,0.3,1.5,-0.3,1.5,5,7,False,22.868935185185187,20.465,1.7323148148148149,1.704,-53.24,132.03,-19.582962962962963,-153.12,7045,32.61574074074074,45.81388888888888,82.87037037037037,216
10,0.3,1.5,-0.3,1.5,2,7,False,22.868935185185187,20.465,1.7323148148148149,1.704,-53.24,132.03,-19.582962962962963,-153.12,7045,32.61574074074074,45.81388888888888,82.87037037037037,216
10,0.3,1.5,-0.3,1.5,3,7,False,22.868935185185187,20.465,1.7323148148148149,1.704,-53.24,132.03,-19.582962962962963,-153.12,7045,32.61574074074074,45.81388888888888,82.87037037037037,216
10,0.75,1.5,-0.3,2.5,3,7,False,22.852129629629626,20.8,1.6379583333333334,1.613,-109.35,130.79,-20.844259259259257,-207.86,4227,19.569444444444443,53.89953703703704,80.55555555555556,216
10,0.75,1.5,-0.3,2.5,5,7,False,22.852129629629626,20.8,1.6379583333333334,1.613,-109.35,130.79,-20.844259259259257,-207.86,4227,19.569444444444443,53.89953703703704,80.55555555555556,216
10,0.75,1.5,-0.3,2.5,2,7,False,22.852129629629626,20.8,1.6379583333333334,1.613,-109.35,130.79,-20.844259259259257,-207.86,4227,19.569444444444443,53.89953703703704,80.55555555555556,216
10,0.5,1.0,-0.3,2.0,5,5,False,22.82972222222222,22.105,1.6799583333333332,1.699,-73.96,115.39,-19.70300925925926,-171.74,6537,30.26388888888889,51.81481481481482,82.87037037037037,216
10,0.5,1.0,-0.3,2.0,2,5,False,22.82972222222222,22.105,1.6799583333333332,1.699,-73.96,115.39,-19.70300925925926,-171.74,6537,30.26388888888889,51.81481481481482,82.87037037037037,216
10,0.5,1.0,-0.3,2.0,3,5,False,22.82972222222222,22.105,1.6799583333333332,1.699,-73.96,115.39,-19.70300925925926,-171.74,6537,30.26388888888889,51.81481481481482,82.87037037037037,216
10,0.3,1.5,0.3,2.0,2,7,False,22.787685185185182,21.270000000000003,1.7180648148148148,1.8455,-108.28,127.65,-19.600324074074074,-198.06,5651,26.162037037037038,53.835648148148145,83.33333333333334,216
10,0.3,1.5,0.3,2.0,3,7,False,22.787685185185182,21.270000000000003,1.7180648148148148,1.8455,-108.28,127.65,-19.600324074074074,-198.06,5651,26.162037037037038,53.835648148148145,83.33333333333334,216
10,0.3,1.5,0.3,2.0,5,7,False,22.787685185185182,21.270000000000003,1.7180648148148148,1.8455,-108.28,127.65,-19.600324074074074,-198.06,5651,26.162037037037038,53.835648148148145,83.33333333333334,216
10,0.75,1.5,0.3,2.5,3,5,False,22.75324074074074,20.535,1.7137731481481482,1.7879999999999998,-82.52,132.21,-18.974351851851853,-183.52,4647,21.51388888888889,58.54490740740741,85.18518518518519,216
10,0.75,1.5,0.3,2.5,2,5,False,22.75324074074074,20.535,1.7137731481481482,1.7879999999999998,-82.52,132.21,-18.974351851851853,-183.52,4647,21.51388888888889,58.54490740740741,85.18518518518519,216
10,0.75,1.5,0.3,2.5,5,5,False,22.75324074074074,20.535,1.7137731481481482,1.7879999999999998,-82.52,132.21,-18.974351851851853,-183.52,4647,21.51388888888889,58.54490740740741,85.18518518518519,216
10,0.75,1.5,-0.3,1.5,2,7,False,22.75314814814815,20.125,1.7316666666666665,1.6735,-53.81,131.59,-19.610833333333336,-153.12,6508,30.12962962962963,45.57453703703704,83.79629629629629,216
10,0.75,1.5,-0.3,1.5,3,7,False,22.75314814814815,20.125,1.7316666666666665,1.6735,-53.81,131.59,-19.610833333333336,-153.12,6508,30.12962962962963,45.57453703703704,83.79629629629629,216
10,0.75,1.5,-0.3,1.5,5,7,False,22.75314814814815,20.125,1.7316666666666665,1.6735,-53.81,131.59,-19.610833333333336,-153.12,6508,30.12962962962963,45.57453703703704,83.79629629629629,216
10,0.3,1.0,0.3,1.5,2,7,False,22.749953703703703,21.61,1.7646388888888889,1.7135,-79.51,129.22,-18.488657407407405,-157.0,8199,37.958333333333336,49.5162037037037,84.72222222222221,216
10,0.3,1.0,0.3,1.5,3,7,False,22.749953703703703,21.61,1.7646388888888889,1.7135,-79.51,129.22,-18.488657407407405,-157.0,8199,37.958333333333336,49.5162037037037,84.72222222222221,216
10,0.3,1.0,0.3,1.5,5,7,False,22.749953703703703,21.61,1.7646388888888889,1.7135,-79.51,129.22,-18.488657407407405,-157.0,8199,37.958333333333336,49.5162037037037,84.72222222222221,216
10,0.5,2.0,0.0,2.0,5,7,False,22.744444444444444,21.175,1.6825324074074075,1.677,-98.44,124.96,-20.264490740740737,-197.54,4518,20.916666666666668,51.56666666666666,83.33333333333334,216
10,0.5,2.0,0.0,2.0,3,7,False,22.744444444444444,21.175,1.6825324074074075,1.677,-98.44,124.96,-20.264490740740737,-197.54,4518,20.916666666666668,51.56666666666666,83.33333333333334,216
10,0.5,2.0,0.0,2.0,2,7,False,22.744444444444444,21.175,1.6825324074074075,1.677,-98.44,124.96,-20.264490740740737,-197.54,4518,20.916666666666668,51.56666666666666,83.33333333333334,216
10,0.5,1.0,0.3,2.5,5,7,False,22.72962962962963,22.5,1.7276527777777777,1.819,-123.84,135.62,-19.80587962962963,-212.18,5453,25.24537037037037,58.09444444444445,83.33333333333334,216
10,0.5,1.0,0.3,2.5,2,7,False,22.72962962962963,22.5,1.7276527777777777,1.819,-123.84,135.62,-19.80587962962963,-212.18,5453,25.24537037037037,58.09444444444445,83.33333333333334,216
10,0.5,1.0,0.3,2.5,3,7,False,22.72962962962963,22.5,1.7276527777777777,1.819,-123.84,135.62,-19.80587962962963,-212.18,5453,25.24537037037037,58.09444444444445,83.33333333333334,216
10,0.5,1.0,0.3,2.5,3,5,False,22.72023148148148,21.854999999999997,1.7166250000000003,1.738,-95.09,128.76,-18.990601851851853,-186.04,6000,27.77777777777778,58.56805555555556,81.94444444444444,216
10,0.5,1.0,0.3,2.5,2,5,False,22.72023148148148,21.854999999999997,1.7166250000000003,1.738,-95.09,128.76,-18.990601851851853,-186.04,6000,27.77777777777778,58.56805555555556,81.94444444444444,216
10,0.5,1.0,0.3,2.5,5,5,False,22.72023148148148,21.854999999999997,1.7166250000000003,1.738,-95.09,128.76,-18.990601851851853,-186.04,6000,27.77777777777778,58.56805555555556,81.94444444444444,216
10,0.3,1.0,0.0,1.5,2,5,False,22.70356481481481,20.655,1.746925925925926,1.6804999999999999,-46.59,122.22,-18.621064814814815,-129.69,8391,38.84722222222222,49.27777777777778,84.72222222222221,216
10,0.3,1.0,0.0,1.5,3,5,False,22.70356481481481,20.655,1.746925925925926,1.6804999999999999,-46.59,122.22,-18.621064814814815,-129.69,8391,38.84722222222222,49.27777777777778,84.72222222222221,216
10,0.3,1.0,0.0,1.5,5,5,False,22.70356481481481,20.655,1.746925925925926,1.6804999999999999,-46.59,122.22,-18.621064814814815,-129.69,8391,38.84722222222222,49.27777777777778,84.72222222222221,216
10,0.5,1.0,0.3,2.0,3,5,False,22.66662037037037,21.125,1.7294768518518515,1.813,-98.61,126.12,-18.939212962962962,-174.44,6678,30.916666666666668,54.73657407407408,82.87037037037037,216
10,0.5,1.0,0.3,2.0,2,5,False,22.66662037037037,21.125,1.7294768518518515,1.813,-98.61,126.12,-18.939212962962962,-174.44,6678,30.916666666666668,54.73657407407408,82.87037037037037,216
10,0.5,1.0,0.3,2.0,5,5,False,22.66662037037037,21.125,1.7294768518518515,1.813,-98.61,126.12,-18.939212962962962,-174.44,6678,30.916666666666668,54.73657407407408,82.87037037037037,216
10,0.75,1.0,0.3,1.5,3,7,False,22.612037037037037,22.115000000000002,1.7713564814814815,1.701,-79.19,128.78,-18.484212962962964,-157.0,7522,34.824074074074076,48.69537037037036,86.11111111111111,216
10,0.75,1.0,0.3,1.5,2,7,False,22.612037037037037,22.115000000000002,1.7713564814814815,1.701,-79.19,128.78,-18.484212962962964,-157.0,7522,34.824074074074076,48.69537037037036,86.11111111111111,216
10,0.75,1.0,0.3,1.5,5,7,False,22.612037037037037,22.115000000000002,1.7713564814814815,1.701,-79.19,128.78,-18.484212962962964,-157.0,7522,34.824074074074076,48.69537037037036,86.11111111111111,216
10,0.3,1.0,-0.3,2.5,3,7,False,22.609814814814815,23.25,1.6135416666666667,1.6635,-110.52,127.12,-20.81953703703704,-209.48,5484,25.38888888888889,53.77407407407408,79.62962962962963,216
10,0.3,1.0,-0.3,2.5,2,7,False,22.609814814814815,23.25,1.6135416666666667,1.6635,-110.52,127.12,-20.81953703703704,-209.48,5484,25.38888888888889,53.77407407407408,79.62962962962963,216
10,0.3,1.0,-0.3,2.5,5,7,False,22.609814814814815,23.25,1.6135416666666667,1.6635,-110.52,127.12,-20.81953703703704,-209.48,5484,25.38888888888889,53.77407407407408,79.62962962962963,216
10,0.75,1.0,0.3,1.5,5,5,False,22.592361111111106,21.424999999999997,1.7811249999999998,1.7610000000000001,-99.47,128.88,-17.85912037037037,-130.86,7746,35.861111111111114,49.93703703703704,87.03703703703704,216
10,0.75,1.0,0.3,1.5,3,5,False,22.592361111111106,21.424999999999997,1.7811249999999998,1.7610000000000001,-99.47,128.88,-17.85912037037037,-130.86,7746,35.861111111111114,49.93703703703704,87.03703703703704,216
10,0.75,1.0,0.3,1.5,2,5,False,22.592361111111106,21.424999999999997,1.7811249999999998,1.7610000000000001,-99.47,128.88,-17.85912037037037,-130.86,7746,35.861111111111114,49.93703703703704,87.03703703703704,216
10,0.75,1.5,0.3,2.0,5,5,False,22.54027777777778,21.229999999999997,1.7468425925925926,1.814,-96.72,130.05,-18.722870370370373,-171.92,5265,24.375,54.10601851851852,86.57407407407408,216
10,0.75,1.5,0.3,2.0,2,5,False,22.54027777777778,21.229999999999997,1.7468425925925926,1.814,-96.72,130.05,-18.722870370370373,-171.92,5265,24.375,54.10601851851852,86.57407407407408,216
10,0.75,1.5,0.3,2.0,3,5,False,22.54027777777778,21.229999999999997,1.7468425925925926,1.814,-96.72,130.05,-18.722870370370373,-171.92,5265,24.375,54.10601851851852,86.57407407407408,216
10,0.5,1.5,0.3,2.5,2,7,False,22.48046296296296,21.0,1.7164259259259258,1.713,-121.11,128.14,-19.771527777777777,-209.66,4689,21.708333333333332,58.38611111111111,83.33333333333334,216
10,0.5,1.5,0.3,2.5,5,7,False,22.48046296296296,21.0,1.7164259259259258,1.713,-121.11,128.14,-19.771527777777777,-209.66,4689,21.708333333333332,58.38611111111111,83.33333333333334,216
10,0.5,1.5,0.3,2.5,3,7,False,22.48046296296296,21.0,1.7164259259259258,1.713,-121.11,128.14,-19.771527777777777,-209.66,4689,21.708333333333332,58.38611111111111,83.33333333333334,216
10,0.5,1.0,0.0,2.5,3,5,False,22.438148148148144,21.689999999999998,1.722949074074074,1.7565,-86.33,121.11,-19.7400462962963,-183.34,5903,27.328703703703702,56.916666666666664,81.94444444444444,216
10,0.5,1.0,0.0,2.5,5,5,False,22.438148148148144,21.689999999999998,1.722949074074074,1.7565,-86.33,121.11,-19.7400462962963,-183.34,5903,27.328703703703702,56.916666666666664,81.94444444444444,216
10,0.5,1.0,0.0,2.5,2,5,False,22.438148148148144,21.689999999999998,1.722949074074074,1.7565,-86.33,121.11,-19.7400462962963,-183.34,5903,27.328703703703702,56.916666666666664,81.94444444444444,216
10,0.5,1.0,0.3,1.5,3,5,False,22.426805555555557,21.29,1.7821296296296298,1.814,-98.28,128.29,-17.841944444444444,-130.86,8192,37.925925925925924,50.55555555555556,85.64814814814815,216
10,0.5,1.0,0.3,1.5,5,5,False,22.426805555555557,21.29,1.7821296296296298,1.814,-98.28,128.29,-17.841944444444444,-130.86,8192,37.925925925925924,50.55555555555556,85.64814814814815,216
10,0.5,1.0,0.3,1.5,2,5,False,22.426805555555557,21.29,1.7821296296296298,1.814,-98.28,128.29,-17.841944444444444,-130.86,8192,37.925925925925924,50.55555555555556,85.64814814814815,216
10,0.3,1.0,0.3,2.5,3,7,False,22.377824074074077,22.5,1.7047546296296294,1.8405,-123.75,135.82,-19.933101851851852,-212.18,5722,26.49074074074074,58.49305555555556,81.48148148148148,216
10,0.3,1.0,0.3,2.5,5,7,False,22.377824074074077,22.5,1.7047546296296294,1.8405,-123.75,135.82,-19.933101851851852,-212.18,5722,26.49074074074074,58.49305555555556,81.48148148148148,216
10,0.3,1.0,0.3,2.5,2,7,False,22.377824074074077,22.5,1.7047546296296294,1.8405,-123.75,135.82,-19.933101851851852,-212.18,5722,26.49074074074074,58.49305555555556,81.48148148148148,216
10,0.3,2.0,0.0,2.0,5,7,False,22.351805555555554,20.835,1.6561157407407407,1.6835,-97.88,125.16,-20.28949074074074,-197.54,4743,21.958333333333332,51.97824074074074,82.4074074074074,216
10,0.3,2.0,0.0,2.0,3,7,False,22.351805555555554,20.835,1.6561157407407407,1.6835,-97.88,125.16,-20.28949074074074,-197.54,4743,21.958333333333332,51.97824074074074,82.4074074074074,216
10,0.3,2.0,0.0,2.0,2,7,False,22.351805555555554,20.835,1.6561157407407407,1.6835,-97.88,125.16,-20.28949074074074,-197.54,4743,21.958333333333332,51.97824074074074,82.4074074074074,216
10,0.5,1.5,0.0,2.0,2,5,False,22.3400462962963,20.59,1.6835324074074076,1.699,-89.22,119.96,-19.544490740740745,-169.22,5608,25.962962962962962,53.562962962962956,84.72222222222221,216
10,0.5,1.5,0.0,2.0,3,5,False,22.3400462962963,20.59,1.6835324074074076,1.699,-89.22,119.96,-19.544490740740745,-169.22,5608,25.962962962962962,53.562962962962956,84.72222222222221,216
10,0.5,1.5,0.0,2.0,5,5,False,22.3400462962963,20.59,1.6835324074074076,1.699,-89.22,119.96,-19.544490740740745,-169.22,5608,25.962962962962962,53.562962962962956,84.72222222222221,216
10,0.5,1.5,0.3,1.5,3,7,False,22.33925925925926,21.035,1.7710925925925929,1.8395000000000001,-92.84,128.65,-18.244074074074074,-154.92,6975,32.291666666666664,49.825,86.57407407407408,216
10,0.5,1.5,0.3,1.5,2,7,False,22.33925925925926,21.035,1.7710925925925929,1.8395000000000001,-92.84,128.65,-18.244074074074074,-154.92,6975,32.291666666666664,49.825,86.57407407407408,216
10,0.5,1.5,0.3,1.5,5,7,False,22.33925925925926,21.035,1.7710925925925929,1.8395000000000001,-92.84,128.65,-18.244074074074074,-154.92,6975,32.291666666666664,49.825,86.57407407407408,216
10,0.3,1.5,0.3,2.5,2,7,False,22.322824074074074,21.33,1.7012685185185188,1.7,-120.55,129.17,-19.795092592592592,-209.66,4957,22.949074074074073,58.895833333333336,82.4074074074074,216
10,0.3,1.5,0.3,2.5,5,7,False,22.322824074074074,21.33,1.7012685185185188,1.7,-120.55,129.17,-19.795092592592592,-209.66,4957,22.949074074074073,58.895833333333336,82.4074074074074,216
10,0.3,1.5,0.3,2.5,3,7,False,22.322824074074074,21.33,1.7012685185185188,1.7,-120.55,129.17,-19.795092592592592,-209.66,4957,22.949074074074073,58.895833333333336,82.4074074074074,216
10,0.3,1.0,0.0,2.0,3,5,False,22.32222222222222,21.615000000000002,1.6915694444444445,1.7275,-82.65,121.45,-19.71125,-173.26,6865,31.78240740740741,53.54444444444444,81.01851851851852,216
10,0.3,1.0,0.0,2.0,2,5,False,22.32222222222222,21.615000000000002,1.6915694444444445,1.7275,-82.65,121.45,-19.71125,-173.26,6865,31.78240740740741,53.54444444444444,81.01851851851852,216
10,0.3,1.0,0.0,2.0,5,5,False,22.32222222222222,21.615000000000002,1.6915694444444445,1.7275,-82.65,121.45,-19.71125,-173.26,6865,31.78240740740741,53.54444444444444,81.01851851851852,216
10,0.75,1.5,0.3,2.5,5,7,False,22.30685185185185,20.84,1.7158981481481481,1.7445,-121.11,133.1,-19.95740740740741,-209.66,4352,20.14814814814815,57.5388888888889,83.33333333333334,216
10,0.75,1.5,0.3,2.5,3,7,False,22.30685185185185,20.84,1.7158981481481481,1.7445,-121.11,133.1,-19.95740740740741,-209.66,4352,20.14814814814815,57.5388888888889,83.33333333333334,216
10,0.75,1.5,0.3,2.5,2,7,False,22.30685185185185,20.84,1.7158981481481481,1.7445,-121.11,133.1,-19.95740740740741,-209.66,4352,20.14814814814815,57.5388888888889,83.33333333333334,216
10,0.3,1.0,0.3,1.5,3,5,False,22.245833333333334,21.355,1.7689074074074072,1.7879999999999998,-96.0,129.32,-17.84152777777778,-132.39,8507,39.38425925925926,50.8912037037037,85.64814814814815,216
10,0.3,1.0,0.3,1.5,2,5,False,22.245833333333334,21.355,1.7689074074074072,1.7879999999999998,-96.0,129.32,-17.84152777777778,-132.39,8507,39.38425925925926,50.8912037037037,85.64814814814815,216
10,0.3,1.0,0.3,1.5,5,5,False,22.245833333333334,21.355,1.7689074074074072,1.7879999999999998,-96.0,129.32,-17.84152777777778,-132.39,8507,39.38425925925926,50.8912037037037,85.64814814814815,216
10,0.75,1.5,0.0,1.5,3,5,False,22.20939814814815,20.06,1.7355,1.7315,-47.0,124.23,-18.56726851851852,-122.06,6637,30.72685185185185,48.95324074074074,86.57407407407408,216
10,0.75,1.5,0.0,1.5,5,5,False,22.20939814814815,20.06,1.7355,1.7315,-47.0,124.23,-18.56726851851852,-122.06,6637,30.72685185185185,48.95324074074074,86.57407407407408,216
10,0.75,1.5,0.0,1.5,2,5,False,22.20939814814815,20.06,1.7355,1.7315,-47.0,124.23,-18.56726851851852,-122.06,6637,30.72685185185185,48.95324074074074,86.57407407407408,216
10,0.75,1.5,0.3,1.5,5,7,False,22.20916666666667,21.134999999999998,1.771236111111111,1.8005,-87.72,129.25,-18.27634259259259,-154.92,6589,30.50462962962963,49.291666666666664,87.03703703703704,216
10,0.75,1.5,0.3,1.5,3,7,False,22.20916666666667,21.134999999999998,1.771236111111111,1.8005,-87.72,129.25,-18.27634259259259,-154.92,6589,30.50462962962963,49.291666666666664,87.03703703703704,216
10,0.75,1.5,0.3,1.5,2,7,False,22.20916666666667,21.134999999999998,1.771236111111111,1.8005,-87.72,129.25,-18.27634259259259,-154.92,6589,30.50462962962963,49.291666666666664,87.03703703703704,216
10,0.75,1.5,-0.3,1.5,5,5,False,22.191805555555558,21.560000000000002,1.706689814814815,1.721,-47.0,119.2,-18.79226851851852,-122.06,6628,30.685185185185187,47.835185185185175,85.64814814814815,216
10,0.75,1.5,-0.3,1.5,3,5,False,22.191805555555558,21.560000000000002,1.706689814814815,1.721,-47.0,119.2,-18.79226851851852,-122.06,6628,30.685185185185187,47.835185185185175,85.64814814814815,216
10,0.75,1.5,-0.3,1.5,2,5,False,22.191805555555558,21.560000000000002,1.706689814814815,1.721,-47.0,119.2,-18.79226851851852,-122.06,6628,30.685185185185187,47.835185185185175,85.64814814814815,216
10,0.3,1.5,0.3,1.5,5,7,False,22.172962962962963,20.995,1.760949074074074,1.843,-92.84,129.68,-18.264768518518515,-154.92,7265,33.63425925925926,50.14953703703704,86.57407407407408,216
10,0.3,1.5,0.3,1.5,3,7,False,22.172962962962963,20.995,1.760949074074074,1.843,-92.84,129.68,-18.264768518518515,-154.92,7265,33.63425925925926,50.14953703703704,86.57407407407408,216
10,0.3,1.5,0.3,1.5,2,7,False,22.172962962962963,20.995,1.760949074074074,1.843,-92.84,129.68,-18.264768518518515,-154.92,7265,33.63425925925926,50.14953703703704,86.57407407407408,216
10,0.3,1.0,0.3,2.0,2,5,False,22.14523148148148,20.61,1.712050925925926,1.714,-96.32,127.15,-18.980231481481482,-175.96,6974,32.28703703703704,55.20092592592593,81.94444444444444,216
10,0.3,1.0,0.3,2.0,3,5,False,22.14523148148148,20.61,1.712050925925926,1.714,-96.32,127.15,-18.980231481481482,-175.96,6974,32.28703703703704,55.20092592592593,81.94444444444444,216
10,0.3,1.0,0.3,2.0,5,5,False,22.14523148148148,20.61,1.712050925925926,1.714,-96.32,127.15,-18.980231481481482,-175.96,6974,32.28703703703704,55.20092592592593,81.94444444444444,216
10,0.5,1.5,0.0,1.5,3,5,False,22.13138888888889,20.380000000000003,1.736101851851852,1.7570000000000001,-45.09,123.63,-18.513749999999998,-122.06,7036,32.574074074074076,49.43518518518518,86.11111111111111,216
10,0.5,1.5,0.0,1.5,5,5,False,22.13138888888889,20.380000000000003,1.736101851851852,1.7570000000000001,-45.09,123.63,-18.513749999999998,-122.06,7036,32.574074074074076,49.43518518518518,86.11111111111111,216
10,0.5,1.5,0.0,1.5,2,5,False,22.13138888888889,20.380000000000003,1.736101851851852,1.7570000000000001,-45.09,123.63,-18.513749999999998,-122.06,7036,32.574074074074076,49.43518518518518,86.11111111111111,216
10,0.5,1.5,0.3,2.0,3,5,False,22.10101851851852,21.475,1.7237361111111111,1.8079999999999998,-97.92,125.08,-18.725555555555555,-171.92,5687,26.328703703703702,55.06898148148149,85.18518518518519,216
10,0.5,1.5,0.3,2.0,2,5,False,22.10101851851852,21.475,1.7237361111111111,1.8079999999999998,-97.92,125.08,-18.725555555555555,-171.92,5687,26.328703703703702,55.06898148148149,85.18518518518519,216
10,0.5,1.5,0.3,2.0,5,5,False,22.10101851851852,21.475,1.7237361111111111,1.8079999999999998,-97.92,125.08,-18.725555555555555,-171.92,5687,26.328703703703702,55.06898148148149,85.18518518518519,216
10,0.75,2.0,0.0,2.0,3,7,False,22.098657407407405,20.755,1.6818935185185184,1.5885,-98.44,111.31,-20.306990740740744,-197.54,4210,19.49074074074074,50.51342592592593,83.33333333333334,216
10,0.75,2.0,0.0,2.0,2,7,False,22.098657407407405,20.755,1.6818935185185184,1.5885,-98.44,111.31,-20.306990740740744,-197.54,4210,19.49074074074074,50.51342592592593,83.33333333333334,216
10,0.75,2.0,0.0,2.0,5,7,False,22.098657407407405,20.755,1.6818935185185184,1.5885,-98.44,111.31,-20.306990740740744,-197.54,4210,19.49074074074074,50.51342592592593,83.33333333333334,216
10,0.3,1.0,0.3,2.5,2,5,False,22.01587962962963,21.855,1.6814351851851854,1.6949999999999998,-96.62,129.31,-19.124120370370374,-187.56,6292,29.12962962962963,58.93981481481482,81.48148148148148,216
10,0.3,1.0,0.3,2.5,5,5,False,22.01587962962963,21.855,1.6814351851851854,1.6949999999999998,-96.62,129.31,-19.124120370370374,-187.56,6292,29.12962962962963,58.93981481481482,81.48148148148148,216
10,0.3,1.0,0.3,2.5,3,5,False,22.01587962962963,21.855,1.6814351851851854,1.6949999999999998,-96.62,129.31,-19.124120370370374,-187.56,6292,29.12962962962963,58.93981481481482,81.48148148148148,216
10,0.5,1.5,0.3,2.5,5,5,False,22.009212962962966,20.66,1.6881712962962963,1.7525,-87.64,129.22,-18.921944444444446,-183.52,5059,23.421296296296298,59.453240740740746,82.87037037037037,216
10,0.5,1.5,0.3,2.5,3,5,False,22.009212962962966,20.66,1.6881712962962963,1.7525,-87.64,129.22,-18.921944444444446,-183.52,5059,23.421296296296298,59.453240740740746,82.87037037037037,216
10,0.5,1.5,0.3,2.5,2,5,False,22.009212962962966,20.66,1.6881712962962963,1.7525,-87.64,129.22,-18.921944444444446,-183.52,5059,23.421296296296298,59.453240740740746,82.87037037037037,216
10,0.5,1.5,-0.3,1.5,3,5,False,22.008194444444445,21.575,1.703180555555556,1.6920000000000002,-45.09,118.6,-18.743796296296296,-122.06,7007,32.43981481481482,48.00833333333333,85.64814814814815,216
10,0.5,1.5,-0.3,1.5,2,5,False,22.008194444444445,21.575,1.703180555555556,1.6920000000000002,-45.09,118.6,-18.743796296296296,-122.06,7007,32.43981481481482,48.00833333333333,85.64814814814815,216
10,0.5,1.5,-0.3,1.5,5,5,False,22.008194444444445,21.575,1.703180555555556,1.6920000000000002,-45.09,118.6,-18.743796296296296,-122.06,7007,32.43981481481482,48.00833333333333,85.64814814814815,216
10,0.3,1.5,-0.3,2.5,5,7,False,22.007361111111113,21.119999999999997,1.6001851851851852,1.6415,-108.79,126.86,-20.779212962962966,-207.86,4735,21.921296296296298,54.38333333333333,79.16666666666666,216
10,0.3,1.5,-0.3,2.5,3,7,False,22.007361111111113,21.119999999999997,1.6001851851851852,1.6415,-108.79,126.86,-20.779212962962966,-207.86,4735,21.921296296296298,54.38333333333333,79.16666666666666,216
10,0.3,1.5,-0.3,2.5,2,7,False,22.007361111111113,21.119999999999997,1.6001851851851852,1.6415,-108.79,126.86,-20.779212962962966,-207.86,4735,21.921296296296298,54.38333333333333,79.16666666666666,216
15,0.75,1.0,0.0,2.0,3,7,False,21.983796296296298,22.97,1.8489907407407407,1.8265,-81.7,140.7,-21.475046296296295,-157.3,4970,23.00925925925926,51.112500000000004,81.94444444444444,216
15,0.75,1.0,0.0,2.0,2,7,False,21.983796296296298,22.97,1.8489907407407407,1.8265,-81.7,140.7,-21.475046296296295,-157.3,4970,23.00925925925926,51.112500000000004,81.94444444444444,216
15,0.75,1.0,0.0,2.0,5,7,False,21.983796296296298,22.97,1.8489907407407407,1.8265,-81.7,140.7,-21.475046296296295,-157.3,4970,23.00925925925926,51.112500000000004,81.94444444444444,216
10,0.5,2.0,0.0,2.5,2,7,False,21.969629629629633,19.990000000000002,1.642328703703704,1.5545,-110.04,121.97,-20.431481481481477,-209.14,3902,18.064814814814813,56.482870370370364,81.94444444444444,216
10,0.5,2.0,0.0,2.5,3,7,False,21.969629629629633,19.990000000000002,1.642328703703704,1.5545,-110.04,121.97,-20.431481481481477,-209.14,3902,18.064814814814813,56.482870370370364,81.94444444444444,216
10,0.5,2.0,0.0,2.5,5,7,False,21.969629629629633,19.990000000000002,1.642328703703704,1.5545,-110.04,121.97,-20.431481481481477,-209.14,3902,18.064814814814813,56.482870370370364,81.94444444444444,216
10,0.5,1.5,0.0,2.5,2,5,False,21.91861111111111,21.06,1.6838425925925924,1.748,-92.75,124.1,-19.684212962962967,-180.82,4977,23.041666666666668,57.798611111111114,83.33333333333334,216
10,0.5,1.5,0.0,2.5,5,5,False,21.91861111111111,21.06,1.6838425925925924,1.748,-92.75,124.1,-19.684212962962967,-180.82,4977,23.041666666666668,57.798611111111114,83.33333333333334,216
10,0.5,1.5,0.0,2.5,3,5,False,21.91861111111111,21.06,1.6838425925925924,1.748,-92.75,124.1,-19.684212962962967,-180.82,4977,23.041666666666668,57.798611111111114,83.33333333333334,216
10,0.5,1.5,-0.3,2.0,5,5,False,21.856250000000003,20.655,1.6443611111111112,1.6035,-87.41,114.93,-19.61759259259259,-169.22,5563,25.75462962962963,52.01805555555556,84.25925925925925,216
10,0.5,1.5,-0.3,2.0,2,5,False,21.856250000000003,20.655,1.6443611111111112,1.6035,-87.41,114.93,-19.61759259259259,-169.22,5563,25.75462962962963,52.01805555555556,84.25925925925925,216
10,0.5,1.5,-0.3,2.0,3,5,False,21.856250000000003,20.655,1.6443611111111112,1.6035,-87.41,114.93,-19.61759259259259,-169.22,5563,25.75462962962963,52.01805555555556,84.25925925925925,216
10,0.3,1.5,0.0,1.5,3,5,False,21.811527777777783,20.595,1.7240138888888892,1.7269999999999999,-44.93,124.66,-18.557777777777776,-123.59,7322,33.898148148148145,49.705555555555556,85.64814814814815,216
10,0.3,1.5,0.0,1.5,2,5,False,21.811527777777783,20.595,1.7240138888888892,1.7269999999999999,-44.93,124.66,-18.557777777777776,-123.59,7322,33.898148148148145,49.705555555555556,85.64814814814815,216
10,0.3,1.5,0.0,1.5,5,5,False,21.811527777777783,20.595,1.7240138888888892,1.7269999999999999,-44.93,124.66,-18.557777777777776,-123.59,7322,33.898148148148145,49.705555555555556,85.64814814814815,216
10,0.3,1.5,-0.3,1.5,3,5,False,21.80162037037037,21.345,1.6937777777777778,1.6635,-44.93,119.63,-18.791851851851852,-123.59,7274,33.675925925925924,48.10972222222222,85.64814814814815,216
10,0.3,1.5,-0.3,1.5,5,5,False,21.80162037037037,21.345,1.6937777777777778,1.6635,-44.93,119.63,-18.791851851851852,-123.59,7274,33.675925925925924,48.10972222222222,85.64814814814815,216
10,0.3,1.5,-0.3,1.5,2,5,False,21.80162037037037,21.345,1.6937777777777778,1.6635,-44.93,119.63,-18.791851851851852,-123.59,7274,33.675925925925924,48.10972222222222,85.64814814814815,216
10,0.3,1.0,0.0,2.5,2,5,False,21.79569444444444,21.695,1.6937129629629628,1.7765,-87.29,122.14,-19.88208333333333,-184.86,6180,28.61111111111111,57.249537037037044,81.94444444444444,216
10,0.3,1.0,0.0,2.5,3,5,False,21.79569444444444,21.695,1.6937129629629628,1.7765,-87.29,122.14,-19.88208333333333,-184.86,6180,28.61111111111111,57.249537037037044,81.94444444444444,216
10,0.3,1.0,0.0,2.5,5,5,False,21.79569444444444,21.695,1.6937129629629628,1.7765,-87.29,122.14,-19.88208333333333,-184.86,6180,28.61111111111111,57.249537037037044,81.94444444444444,216
10,0.75,2.0,0.3,2.0,5,7,False,21.780416666666664,21.92,1.7286666666666666,1.6955,-111.1,111.56,-19.679583333333333,-200.24,4273,19.78240740740741,52.78703703703704,84.72222222222221,216
10,0.75,2.0,0.3,2.0,3,7,False,21.780416666666664,21.92,1.7286666666666666,1.6955,-111.1,111.56,-19.679583333333333,-200.24,4273,19.78240740740741,52.78703703703704,84.72222222222221,216
10,0.75,2.0,0.3,2.0,2,7,False,21.780416666666664,21.92,1.7286666666666666,1.6955,-111.1,111.56,-19.679583333333333,-200.24,4273,19.78240740740741,52.78703703703704,84.72222222222221,216
10,0.5,2.0,0.3,2.0,5,7,False,21.63486111111111,21.634999999999998,1.7120000000000002,1.6909999999999998,-111.1,121.58,-19.71611111111111,-200.24,4627,21.421296296296298,53.908796296296295,84.25925925925925,216
10,0.5,2.0,0.3,2.0,3,7,False,21.63486111111111,21.634999999999998,1.7120000000000002,1.6909999999999998,-111.1,121.58,-19.71611111111111,-200.24,4627,21.421296296296298,53.908796296296295,84.25925925925925,216
10,0.5,2.0,0.3,2.0,2,7,False,21.63486111111111,21.634999999999998,1.7120000000000002,1.6909999999999998,-111.1,121.58,-19.71611111111111,-200.24,4627,21.421296296296298,53.908796296296295,84.25925925925925,216
10,0.3,1.5,-0.3,2.0,5,5,False,21.5837962962963,20.665,1.632587962962963,1.6085,-88.94,115.96,-19.615185185185187,-170.75,5822,26.953703703703702,52.22314814814815,82.87037037037037,216
10,0.3,1.5,-0.3,2.0,2,5,False,21.5837962962963,20.665,1.632587962962963,1.6085,-88.94,115.96,-19.615185185185187,-170.75,5822,26.953703703703702,52.22314814814815,82.87037037037037,216
10,0.3,1.5,-0.3,2.0,3,5,False,21.5837962962963,20.665,1.632587962962963,1.6085,-88.94,115.96,-19.615185185185187,-170.75,5822,26.953703703703702,52.22314814814815,82.87037037037037,216
10,0.75,1.0,-0.3,2.0,5,3,False,21.572546296296295,22.365000000000002,1.7264305555555555,1.771,-108.25,119.57,-18.460509259259258,-183.38,7234,33.49074074074074,53.731018518518525,85.64814814814815,216
10,0.75,1.0,-0.3,2.0,2,3,False,21.572546296296295,22.365000000000002,1.7264305555555555,1.771,-108.25,119.57,-18.460509259259258,-183.38,7234,33.49074074074074,53.731018518518525,85.64814814814815,216
10,0.75,1.0,-0.3,2.0,3,3,False,21.572546296296295,22.365000000000002,1.7264305555555555,1.771,-108.25,119.57,-18.460509259259258,-183.38,7234,33.49074074074074,53.731018518518525,85.64814814814815,216
10,0.3,1.5,0.3,2.0,2,5,False,21.5675,20.674999999999997,1.6877546296296297,1.7545,-99.45,126.11,-19.012638888888887,-173.45,5981,27.689814814814813,55.627314814814824,84.25925925925925,216
10,0.3,1.5,0.3,2.0,3,5,False,21.5675,20.674999999999997,1.6877546296296297,1.7545,-99.45,126.11,-19.012638888888887,-173.45,5981,27.689814814814813,55.627314814814824,84.25925925925925,216
10,0.3,1.5,0.3,2.0,5,5,False,21.5675,20.674999999999997,1.6877546296296297,1.7545,-99.45,126.11,-19.012638888888887,-173.45,5981,27.689814814814813,55.627314814814824,84.25925925925925,216
10,0.75,2.0,0.0,2.5,2,7,False,21.56638888888889,19.975,1.6283009259259258,1.5230000000000001,-110.04,112.69,-20.56064814814815,-209.14,3602,16.675925925925927,55.677314814814814,81.94444444444444,216
10,0.75,2.0,0.0,2.5,5,7,False,21.56638888888889,19.975,1.6283009259259258,1.5230000000000001,-110.04,112.69,-20.56064814814815,-209.14,3602,16.675925925925927,55.677314814814814,81.94444444444444,216
10,0.75,2.0,0.0,2.5,3,7,False,21.56638888888889,19.975,1.6283009259259258,1.5230000000000001,-110.04,112.69,-20.56064814814815,-209.14,3602,16.675925925925927,55.677314814814814,81.94444444444444,216
10,0.75,1.5,0.3,1.5,3,5,False,21.532777777777778,20.71,1.754013888888889,1.7765,-97.04,129.35,-17.760231481481483,-124.76,6666,30.86111111111111,50.1675925925926,87.5,216
10,0.75,1.5,0.3,1.5,2,5,False,21.532777777777778,20.71,1.754013888888889,1.7765,-97.04,129.35,-17.760231481481483,-124.76,6666,30.86111111111111,50.1675925925926,87.5,216
10,0.75,1.5,0.3,1.5,5,5,False,21.532777777777778,20.71,1.754013888888889,1.7765,-97.04,129.35,-17.760231481481483,-124.76,6666,30.86111111111111,50.1675925925926,87.5,216
15,0.75,1.0,0.0,2.5,2,7,False,21.5025462962963,20.48,1.8532407407407407,1.8570000000000002,-84.57,152.9,-21.508379629629626,-161.31,4328,20.037037037037038,55.20092592592593,81.94444444444444,216
15,0.75,1.0,0.0,2.5,3,7,False,21.5025462962963,20.48,1.8532407407407407,1.8570000000000002,-84.57,152.9,-21.508379629629626,-161.31,4328,20.037037037037038,55.20092592592593,81.94444444444444,216
15,0.75,1.0,0.0,2.5,5,7,False,21.5025462962963,20.48,1.8532407407407407,1.8570000000000002,-84.57,152.9,-21.508379629629626,-161.31,4328,20.037037037037038,55.20092592592593,81.94444444444444,216
10,0.3,1.5,0.3,1.5,2,5,False,21.454907407407408,20.48,1.7285833333333334,1.7595,-51.82,129.78,-17.79416666666667,-130.31,7427,34.38425925925926,51.295370370370364,87.5,216
10,0.3,1.5,0.3,1.5,3,5,False,21.454907407407408,20.48,1.7285833333333334,1.7595,-51.82,129.78,-17.79416666666667,-130.31,7427,34.38425925925926,51.295370370370364,87.5,216
10,0.3,1.5,0.3,1.5,5,5,False,21.454907407407408,20.48,1.7285833333333334,1.7595,-51.82,129.78,-17.79416666666667,-130.31,7427,34.38425925925926,51.295370370370364,87.5,216
10,0.3,1.5,0.0,2.0,5,5,False,21.454398148148147,19.91,1.646851851851852,1.7069999999999999,-90.75,120.99,-19.594583333333336,-170.75,5884,27.24074074074074,54.015277777777776,83.33333333333334,216
10,0.3,1.5,0.0,2.0,3,5,False,21.454398148148147,19.91,1.646851851851852,1.7069999999999999,-90.75,120.99,-19.594583333333336,-170.75,5884,27.24074074074074,54.015277777777776,83.33333333333334,216
10,0.3,1.5,0.0,2.0,2,5,False,21.454398148148147,19.91,1.646851851851852,1.7069999999999999,-90.75,120.99,-19.594583333333336,-170.75,5884,27.24074074074074,54.015277777777776,83.33333333333334,216
10,0.3,1.5,0.3,2.5,2,5,False,21.452546296296298,20.665,1.6594398148148146,1.6915,-89.17,128.27,-19.068287037037038,-185.05,5351,24.77314814814815,59.847685185185185,82.4074074074074,216
10,0.3,1.5,0.3,2.5,5,5,False,21.452546296296298,20.665,1.6594398148148146,1.6915,-89.17,128.27,-19.068287037037038,-185.05,5351,24.77314814814815,59.847685185185185,82.4074074074074,216
10,0.3,1.5,0.3,2.5,3,5,False,21.452546296296298,20.665,1.6594398148148146,1.6915,-89.17,128.27,-19.068287037037038,-185.05,5351,24.77314814814815,59.847685185185185,82.4074074074074,216
10,0.3,1.5,0.0,2.5,3,5,False,21.435925925925925,20.965,1.6612962962962963,1.7694999999999999,-94.27,125.13,-19.792407407407406,-182.35,5253,24.319444444444443,58.1712962962963,83.33333333333334,216
10,0.3,1.5,0.0,2.5,2,5,False,21.435925925925925,20.965,1.6612962962962963,1.7694999999999999,-94.27,125.13,-19.792407407407406,-182.35,5253,24.319444444444443,58.1712962962963,83.33333333333334,216
10,0.3,1.5,0.0,2.5,5,5,False,21.435925925925925,20.965,1.6612962962962963,1.7694999999999999,-94.27,125.13,-19.792407407407406,-182.35,5253,24.319444444444443,58.1712962962963,83.33333333333334,216
10,0.75,1.0,-0.3,1.5,3,3,False,21.434814814814814,20.085,1.7607638888888888,1.7845,-70.07,117.26,-17.856620370370372,-139.8,8413,38.949074074074076,50.81527777777777,86.11111111111111,216
10,0.75,1.0,-0.3,1.5,5,3,False,21.434814814814814,20.085,1.7607638888888888,1.7845,-70.07,117.26,-17.856620370370372,-139.8,8413,38.949074074074076,50.81527777777777,86.11111111111111,216
10,0.75,1.0,-0.3,1.5,2,3,False,21.434814814814814,20.085,1.7607638888888888,1.7845,-70.07,117.26,-17.856620370370372,-139.8,8413,38.949074074074076,50.81527777777777,86.11111111111111,216
10,0.3,1.0,-0.3,1.5,3,3,False,21.39962962962963,20.895000000000003,1.751037037037037,1.8205,-76.12,118.23,-17.906064814814815,-141.33,9299,43.050925925925924,51.06342592592593,85.18518518518519,216
10,0.3,1.0,-0.3,1.5,5,3,False,21.39962962962963,20.895000000000003,1.751037037037037,1.8205,-76.12,118.23,-17.906064814814815,-141.33,9299,43.050925925925924,51.06342592592593,85.18518518518519,216
10,0.3,1.0,-0.3,1.5,2,3,False,21.39962962962963,20.895000000000003,1.751037037037037,1.8205,-76.12,118.23,-17.906064814814815,-141.33,9299,43.050925925925924,51.06342592592593,85.18518518518519,216
15,0.75,1.0,0.3,2.5,2,7,False,21.390787037037036,21.075,1.872787037037037,1.8355000000000001,-90.04,128.94,-20.760324074074074,-169.08,4405,20.39351851851852,57.797222222222224,82.87037037037037,216
15,0.75,1.0,0.3,2.5,5,7,False,21.390787037037036,21.075,1.872787037037037,1.8355000000000001,-90.04,128.94,-20.760324074074074,-169.08,4405,20.39351851851852,57.797222222222224,82.87037037037037,216
15,0.75,1.0,0.3,2.5,3,7,False,21.390787037037036,21.075,1.872787037037037,1.8355000000000001,-90.04,128.94,-20.760324074074074,-169.08,4405,20.39351851851852,57.797222222222224,82.87037037037037,216
10,0.5,2.0,-0.3,2.0,2,7,False,21.36611111111111,21.095,1.5999074074074073,1.656,-98.44,112.65,-20.80351851851852,-197.54,4445,20.578703703703702,49.38703703703703,79.62962962962963,216
10,0.5,2.0,-0.3,2.0,3,7,False,21.36611111111111,21.095,1.5999074074074073,1.656,-98.44,112.65,-20.80351851851852,-197.54,4445,20.578703703703702,49.38703703703703,79.62962962962963,216
10,0.5,2.0,-0.3,2.0,5,7,False,21.36611111111111,21.095,1.5999074074074073,1.656,-98.44,112.65,-20.80351851851852,-197.54,4445,20.578703703703702,49.38703703703703,79.62962962962963,216
10,0.5,1.5,0.3,1.5,2,5,False,21.365092592592593,20.92,1.7515370370370371,1.7605,-95.85,128.75,-17.735925925925926,-124.76,7114,32.93518518518518,50.87083333333334,87.03703703703704,216
10,0.5,1.5,0.3,1.5,3,5,False,21.365092592592593,20.92,1.7515370370370371,1.7605,-95.85,128.75,-17.735925925925926,-124.76,7114,32.93518518518518,50.87083333333334,87.03703703703704,216
10,0.5,1.5,0.3,1.5,5,5,False,21.365092592592593,20.92,1.7515370370370371,1.7605,-95.85,128.75,-17.735925925925926,-124.76,7114,32.93518518518518,50.87083333333334,87.03703703703704,216
15,0.75,1.0,0.3,2.0,2,7,False,21.349444444444448,23.48,1.8688657407407405,1.835,-88.48,125.95,-20.714675925925924,-166.66,5061,23.430555555555557,53.351388888888884,82.4074074074074,216
15,0.75,1.0,0.3,2.0,3,7,False,21.349444444444448,23.48,1.8688657407407405,1.835,-88.48,125.95,-20.714675925925924,-166.66,5061,23.430555555555557,53.351388888888884,82.4074074074074,216
15,0.75,1.0,0.3,2.0,5,7,False,21.349444444444448,23.48,1.8688657407407405,1.835,-88.48,125.95,-20.714675925925924,-166.66,5061,23.430555555555557,53.351388888888884,82.4074074074074,216
10,0.75,1.0,0.3,2.0,2,3,False,21.300925925925927,22.53,1.7465972222222221,1.792,-123.22,121.19,-17.98953703703704,-184.82,7253,33.5787037037037,54.86990740740742,84.25925925925925,216
10,0.75,1.0,0.3,2.0,5,3,False,21.300925925925927,22.53,1.7465972222222221,1.792,-123.22,121.19,-17.98953703703704,-184.82,7253,33.5787037037037,54.86990740740742,84.25925925925925,216
10,0.75,1.0,0.3,2.0,3,3,False,21.300925925925927,22.53,1.7465972222222221,1.792,-123.22,121.19,-17.98953703703704,-184.82,7253,33.5787037037037,54.86990740740742,84.25925925925925,216
10,0.3,2.0,0.0,2.5,3,7,False,21.282175925925927,19.745,1.5929583333333335,1.5905,-109.48,122.17,-20.4587962962963,-209.14,4140,19.166666666666668,56.92407407407408,81.01851851851852,216
10,0.3,2.0,0.0,2.5,2,7,False,21.282175925925927,19.745,1.5929583333333335,1.5905,-109.48,122.17,-20.4587962962963,-209.14,4140,19.166666666666668,56.92407407407408,81.01851851851852,216
10,0.3,2.0,0.0,2.5,5,7,False,21.282175925925927,19.745,1.5929583333333335,1.5905,-109.48,122.17,-20.4587962962963,-209.14,4140,19.166666666666668,56.92407407407408,81.01851851851852,216
10,0.75,2.0,0.0,2.5,5,5,False,21.27958333333333,20.485,1.6393009259259261,1.6575,-94.68,105.59,-19.565925925925924,-183.0,3832,17.74074074074074,56.68981481481482,85.18518518518519,216
10,0.75,2.0,0.0,2.5,3,5,False,21.27958333333333,20.485,1.6393009259259261,1.6575,-94.68,105.59,-19.565925925925924,-183.0,3832,17.74074074074074,56.68981481481482,85.18518518518519,216
10,0.75,2.0,0.0,2.5,2,5,False,21.27958333333333,20.485,1.6393009259259261,1.6575,-94.68,105.59,-19.565925925925924,-183.0,3832,17.74074074074074,56.68981481481482,85.18518518518519,216
15,0.5,1.0,0.0,2.0,5,7,False,21.267824074074074,22.605,1.8121712962962961,1.789,-93.73,143.3,-21.53523148148148,-157.3,5216,24.14814814814815,51.53055555555556,81.94444444444444,216
15,0.5,1.0,0.0,2.0,2,7,False,21.267824074074074,22.605,1.8121712962962961,1.789,-93.73,143.3,-21.53523148148148,-157.3,5216,24.14814814814815,51.53055555555556,81.94444444444444,216
15,0.5,1.0,0.0,2.0,3,7,False,21.267824074074074,22.605,1.8121712962962961,1.789,-93.73,143.3,-21.53523148148148,-157.3,5216,24.14814814814815,51.53055555555556,81.94444444444444,216
10,0.75,1.0,0.0,2.0,3,3,False,21.255231481481477,21.97,1.723550925925926,1.7685,-120.82,119.82,-18.437175925925924,-183.38,7236,33.5,54.0412037037037,84.72222222222221,216
10,0.75,1.0,0.0,2.0,5,3,False,21.255231481481477,21.97,1.723550925925926,1.7685,-120.82,119.82,-18.437175925925924,-183.38,7236,33.5,54.0412037037037,84.72222222222221,216
10,0.75,1.0,0.0,2.0,2,3,False,21.255231481481477,21.97,1.723550925925926,1.7685,-120.82,119.82,-18.437175925925924,-183.38,7236,33.5,54.0412037037037,84.72222222222221,216
10,0.5,1.0,-0.3,1.5,5,3,False,21.202129629629628,20.705,1.7480648148148148,1.7934999999999999,-68.31,116.67,-17.933703703703706,-139.8,8929,41.33796296296296,50.99444444444444,85.64814814814815,216
10,0.5,1.0,-0.3,1.5,2,3,False,21.202129629629628,20.705,1.7480648148148148,1.7934999999999999,-68.31,116.67,-17.933703703703706,-139.8,8929,41.33796296296296,50.99444444444444,85.64814814814815,216
10,0.5,1.0,-0.3,1.5,3,3,False,21.202129629629628,20.705,1.7480648148148148,1.7934999999999999,-68.31,116.67,-17.933703703703706,-139.8,8929,41.33796296296296,50.99444444444444,85.64814814814815,216
10,0.75,2.0,0.0,2.0,2,5,False,21.192453703703702,19.005,1.6232175925925927,1.6269999999999998,-83.08,104.21,-19.406851851851858,-171.4,4379,20.27314814814815,52.65925925925926,85.18518518518519,216
10,0.75,2.0,0.0,2.0,5,5,False,21.192453703703702,19.005,1.6232175925925927,1.6269999999999998,-83.08,104.21,-19.406851851851858,-171.4,4379,20.27314814814815,52.65925925925926,85.18518518518519,216
10,0.75,2.0,0.0,2.0,3,5,False,21.192453703703702,19.005,1.6232175925925927,1.6269999999999998,-83.08,104.21,-19.406851851851858,-171.4,4379,20.27314814814815,52.65925925925926,85.18518518518519,216
10,0.3,1.0,0.0,1.5,5,3,False,21.16106481481481,20.520000000000003,1.7557731481481482,1.843,-79.98,118.42,-17.798703703703705,-141.33,9309,43.09722222222222,51.859722222222224,83.79629629629629,216
10,0.3,1.0,0.0,1.5,2,3,False,21.16106481481481,20.520000000000003,1.7557731481481482,1.843,-79.98,118.42,-17.798703703703705,-141.33,9309,43.09722222222222,51.859722222222224,83.79629629629629,216
10,0.3,1.0,0.0,1.5,3,3,False,21.16106481481481,20.520000000000003,1.7557731481481482,1.843,-79.98,118.42,-17.798703703703705,-141.33,9309,43.09722222222222,51.859722222222224,83.79629629629629,216
10,0.75,1.0,0.0,1.5,3,3,False,21.059675925925927,20.439999999999998,1.7734814814814814,1.824,-82.65,117.51,-17.77388888888889,-139.8,8408,38.925925925925924,51.20972222222222,84.25925925925925,216
10,0.75,1.0,0.0,1.5,2,3,False,21.059675925925927,20.439999999999998,1.7734814814814814,1.824,-82.65,117.51,-17.77388888888889,-139.8,8408,38.925925925925924,51.20972222222222,84.25925925925925,216
10,0.75,1.0,0.0,1.5,5,3,False,21.059675925925927,20.439999999999998,1.7734814814814814,1.824,-82.65,117.51,-17.77388888888889,-139.8,8408,38.925925925925924,51.20972222222222,84.25925925925925,216
10,0.3,2.0,0.3,2.0,3,7,False,21.05717592592592,21.15,1.677337962962963,1.693,-110.54,121.78,-19.852777777777778,-200.24,4886,22.62037037037037,54.4337962962963,82.87037037037037,216
10,0.3,2.0,0.3,2.0,2,7,False,21.05717592592592,21.15,1.677337962962963,1.693,-110.54,121.78,-19.852777777777778,-200.24,4886,22.62037037037037,54.4337962962963,82.87037037037037,216
10,0.3,2.0,0.3,2.0,5,7,False,21.05717592592592,21.15,1.677337962962963,1.693,-110.54,121.78,-19.852777777777778,-200.24,4886,22.62037037037037,54.4337962962963,82.87037037037037,216
10,0.75,2.0,-0.3,2.0,2,7,False,21.048194444444444,20.509999999999998,1.5946527777777777,1.63,-98.44,112.14,-20.800648148148152,-197.54,4169,19.300925925925927,48.774537037037035,79.16666666666666,216
10,0.75,2.0,-0.3,2.0,5,7,False,21.048194444444444,20.509999999999998,1.5946527777777777,1.63,-98.44,112.14,-20.800648148148152,-197.54,4169,19.300925925925927,48.774537037037035,79.16666666666666,216
10,0.75,2.0,-0.3,2.0,3,7,False,21.048194444444444,20.509999999999998,1.5946527777777777,1.63,-98.44,112.14,-20.800648148148152,-197.54,4169,19.300925925925927,48.774537037037035,79.16666666666666,216
10,0.3,2.0,-0.3,2.0,3,7,False,21.039861111111108,21.26,1.5782175925925928,1.6675,-97.88,110.44,-20.848287037037036,-197.54,4664,21.59259259259259,49.68611111111112,77.77777777777779,216
10,0.3,2.0,-0.3,2.0,5,7,False,21.039861111111108,21.26,1.5782175925925928,1.6675,-97.88,110.44,-20.848287037037036,-197.54,4664,21.59259259259259,49.68611111111112,77.77777777777779,216
10,0.3,2.0,-0.3,2.0,2,7,False,21.039861111111108,21.26,1.5782175925925928,1.6675,-97.88,110.44,-20.848287037037036,-197.54,4664,21.59259259259259,49.68611111111112,77.77777777777779,216
10,0.3,1.0,0.3,1.5,5,3,False,21.032314814814814,21.09,1.7636805555555557,1.927,-82.31,119.47,-17.512592592592593,-142.77,9351,43.291666666666664,52.826851851851856,82.87037037037037,216
10,0.3,1.0,0.3,1.5,3,3,False,21.032314814814814,21.09,1.7636805555555557,1.927,-82.31,119.47,-17.512592592592593,-142.77,9351,43.291666666666664,52.826851851851856,82.87037037037037,216
10,0.3,1.0,0.3,1.5,2,3,False,21.032314814814814,21.09,1.7636805555555557,1.927,-82.31,119.47,-17.512592592592593,-142.77,9351,43.291666666666664,52.826851851851856,82.87037037037037,216
20,0.75,1.0,0.3,2.0,5,5,False,21.01143518518518,21.450000000000003,2.009023148148148,1.887,-84.69,111.24,-18.69023148148148,-144.93,4873,22.560185185185187,55.10648148148148,84.25925925925925,216
20,0.75,1.0,0.3,2.0,3,5,False,21.01143518518518,21.450000000000003,2.009023148148148,1.887,-84.69,111.24,-18.69023148148148,-144.93,4873,22.560185185185187,55.10648148148148,84.25925925925925,216
20,0.75,1.0,0.3,2.0,2,5,False,21.01143518518518,21.450000000000003,2.009023148148148,1.887,-84.69,111.24,-18.69023148148148,-144.93,4873,22.560185185185187,55.10648148148148,84.25925925925925,216
15,0.5,1.0,0.3,2.0,2,7,False,21.010462962962965,22.92,1.8584074074074077,1.8275000000000001,-93.89,131.46,-20.643564814814816,-166.66,5329,24.671296296296298,54.161111111111104,82.4074074074074,216
15,0.5,1.0,0.3,2.0,5,7,False,21.010462962962965,22.92,1.8584074074074077,1.8275000000000001,-93.89,131.46,-20.643564814814816,-166.66,5329,24.671296296296298,54.161111111111104,82.4074074074074,216
15,0.5,1.0,0.3,2.0,3,7,False,21.010462962962965,22.92,1.8584074074074077,1.8275000000000001,-93.89,131.46,-20.643564814814816,-166.66,5329,24.671296296296298,54.161111111111104,82.4074074074074,216
10,0.75,2.0,-0.3,2.0,5,5,False,20.967916666666664,18.75,1.5897268518518517,1.5950000000000002,-54.1,99.18,-19.550324074074076,-171.4,4359,20.180555555555557,51.59027777777778,82.4074074074074,216
10,0.75,2.0,-0.3,2.0,2,5,False,20.967916666666664,18.75,1.5897268518518517,1.5950000000000002,-54.1,99.18,-19.550324074074076,-171.4,4359,20.180555555555557,51.59027777777778,82.4074074074074,216
10,0.75,2.0,-0.3,2.0,3,5,False,20.967916666666664,18.75,1.5897268518518517,1.5950000000000002,-54.1,99.18,-19.550324074074076,-171.4,4359,20.180555555555557,51.59027777777778,82.4074074074074,216
10,0.5,1.0,0.0,1.5,5,3,False,20.938472222222217,20.54,1.760412037037037,1.835,-80.88,116.92,-17.81787037037037,-139.8,8932,41.351851851851855,51.64537037037038,84.25925925925925,216
10,0.5,1.0,0.0,1.5,3,3,False,20.938472222222217,20.54,1.760412037037037,1.835,-80.88,116.92,-17.81787037037037,-139.8,8932,41.351851851851855,51.64537037037038,84.25925925925925,216
10,0.5,1.0,0.0,1.5,2,3,False,20.938472222222217,20.54,1.760412037037037,1.835,-80.88,116.92,-17.81787037037037,-139.8,8932,41.351851851851855,51.64537037037038,84.25925925925925,216
10,0.75,2.0,0.3,2.5,2,5,False,20.93638888888889,20.22,1.6369953703703704,1.6804999999999999,-82.34,109.47,-19.113842592592594,-185.7,3871,17.921296296296298,58.18981481481482,84.72222222222221,216
10,0.75,2.0,0.3,2.5,3,5,False,20.93638888888889,20.22,1.6369953703703704,1.6804999999999999,-82.34,109.47,-19.113842592592594,-185.7,3871,17.921296296296298,58.18981481481482,84.72222222222221,216
10,0.75,2.0,0.3,2.5,5,5,False,20.93638888888889,20.22,1.6369953703703704,1.6804999999999999,-82.34,109.47,-19.113842592592594,-185.7,3871,17.921296296296298,58.18981481481482,84.72222222222221,216
15,0.3,1.0,0.3,2.0,2,7,False,20.92953703703704,23.375,1.8814444444444447,1.9355,-95.37,131.62,-20.584351851851853,-167.36,5561,25.74537037037037,54.80185185185186,82.4074074074074,216
15,0.3,1.0,0.3,2.0,3,7,False,20.92953703703704,23.375,1.8814444444444447,1.9355,-95.37,131.62,-20.584351851851853,-167.36,5561,25.74537037037037,54.80185185185186,82.4074074074074,216
15,0.3,1.0,0.3,2.0,5,7,False,20.92953703703704,23.375,1.8814444444444447,1.9355,-95.37,131.62,-20.584351851851853,-167.36,5561,25.74537037037037,54.80185185185186,82.4074074074074,216
20,0.5,1.0,0.3,2.0,3,5,False,20.923657407407408,21.924999999999997,1.9993888888888887,1.8675,-84.07,111.68,-18.62175925925926,-144.93,5144,23.814814814814813,56.13333333333333,83.79629629629629,216
20,0.5,1.0,0.3,2.0,2,5,False,20.923657407407408,21.924999999999997,1.9993888888888887,1.8675,-84.07,111.68,-18.62175925925926,-144.93,5144,23.814814814814813,56.13333333333333,83.79629629629629,216
20,0.5,1.0,0.3,2.0,5,5,False,20.923657407407408,21.924999999999997,1.9993888888888887,1.8675,-84.07,111.68,-18.62175925925926,-144.93,5144,23.814814814814813,56.13333333333333,83.79629629629629,216
10,0.75,2.0,0.3,2.0,2,5,False,20.91898148148148,20.13,1.6839953703703705,1.7495,-98.98,106.37,-18.816574074074076,-174.1,4413,20.430555555555557,54.11944444444444,85.64814814814815,216
10,0.75,2.0,0.3,2.0,3,5,False,20.91898148148148,20.13,1.6839953703703705,1.7495,-98.98,106.37,-18.816574074074076,-174.1,4413,20.430555555555557,54.11944444444444,85.64814814814815,216
10,0.75,2.0,0.3,2.0,5,5,False,20.91898148148148,20.13,1.6839953703703705,1.7495,-98.98,106.37,-18.816574074074076,-174.1,4413,20.430555555555557,54.11944444444444,85.64814814814815,216
15,0.3,1.0,0.0,2.0,3,7,False,20.892268518518517,22.6,1.8205555555555557,1.8115,-95.22,143.46,-21.401435185185186,-157.93,5415,25.069444444444443,52.226851851851855,81.01851851851852,216
15,0.3,1.0,0.0,2.0,5,7,False,20.892268518518517,22.6,1.8205555555555557,1.8115,-95.22,143.46,-21.401435185185186,-157.93,5415,25.069444444444443,52.226851851851855,81.01851851851852,216
15,0.3,1.0,0.0,2.0,2,7,False,20.892268518518517,22.6,1.8205555555555557,1.8115,-95.22,143.46,-21.401435185185186,-157.93,5415,25.069444444444443,52.226851851851855,81.01851851851852,216
10,0.75,1.0,0.0,2.5,5,3,False,20.879444444444445,20.755000000000003,1.685773148148148,1.805,-132.42,122.35,-18.87837962962963,-194.98,6716,31.09259259259259,56.1638888888889,83.79629629629629,216
10,0.75,1.0,0.0,2.5,3,3,False,20.879444444444445,20.755000000000003,1.685773148148148,1.805,-132.42,122.35,-18.87837962962963,-194.98,6716,31.09259259259259,56.1638888888889,83.79629629629629,216
10,0.75,1.0,0.0,2.5,2,3,False,20.879444444444445,20.755000000000003,1.685773148148148,1.805,-132.42,122.35,-18.87837962962963,-194.98,6716,31.09259259259259,56.1638888888889,83.79629629629629,216
15,0.75,1.0,-0.3,2.0,5,7,False,20.875879629629633,22.39,1.7402824074074075,1.7255,-89.83,130.75,-21.924444444444447,-174.02,4908,22.72222222222222,49.3736111111111,79.16666666666666,216
15,0.75,1.0,-0.3,2.0,3,7,False,20.875879629629633,22.39,1.7402824074074075,1.7255,-89.83,130.75,-21.924444444444447,-174.02,4908,22.72222222222222,49.3736111111111,79.16666666666666,216
15,0.75,1.0,-0.3,2.0,2,7,False,20.875879629629633,22.39,1.7402824074074075,1.7255,-89.83,130.75,-21.924444444444447,-174.02,4908,22.72222222222222,49.3736111111111,79.16666666666666,216
15,0.75,1.0,-0.3,2.0,5,5,False,20.853564814814813,20.875,1.8159722222222223,1.7930000000000001,-71.54,106.93,-20.106944444444448,-147.74,5411,25.050925925925927,52.37685185185186,82.87037037037037,216
15,0.75,1.0,-0.3,2.0,3,5,False,20.853564814814813,20.875,1.8159722222222223,1.7930000000000001,-71.54,106.93,-20.106944444444448,-147.74,5411,25.050925925925927,52.37685185185186,82.87037037037037,216
15,0.75,1.0,-0.3,2.0,2,5,False,20.853564814814813,20.875,1.8159722222222223,1.7930000000000001,-71.54,106.93,-20.106944444444448,-147.74,5411,25.050925925925927,52.37685185185186,82.87037037037037,216
10,0.75,1.0,-0.3,2.5,2,3,False,20.826111111111114,21.575,1.6760555555555556,1.6785,-119.85,122.1,-18.963333333333335,-194.98,6715,31.087962962962962,55.800925925925924,83.33333333333334,216
10,0.75,1.0,-0.3,2.5,3,3,False,20.826111111111114,21.575,1.6760555555555556,1.6785,-119.85,122.1,-18.963333333333335,-194.98,6715,31.087962962962962,55.800925925925924,83.33333333333334,216
10,0.75,1.0,-0.3,2.5,5,3,False,20.826111111111114,21.575,1.6760555555555556,1.6785,-119.85,122.1,-18.963333333333335,-194.98,6715,31.087962962962962,55.800925925925924,83.33333333333334,216
10,0.75,1.0,0.3,2.5,2,3,False,20.772824074074077,22.425,1.6963194444444445,1.8045,-134.82,123.72,-18.650324074074074,-196.42,6730,31.15740740740741,57.05416666666667,82.87037037037037,216
10,0.75,1.0,0.3,2.5,3,3,False,20.772824074074077,22.425,1.6963194444444445,1.8045,-134.82,123.72,-18.650324074074074,-196.42,6730,31.15740740740741,57.05416666666667,82.87037037037037,216
10,0.75,1.0,0.3,2.5,5,3,False,20.772824074074077,22.425,1.6963194444444445,1.8045,-134.82,123.72,-18.650324074074074,-196.42,6730,31.15740740740741,57.05416666666667,82.87037037037037,216
10,0.75,1.0,0.3,1.5,3,3,False,20.769814814814815,21.634999999999998,1.7591944444444445,1.8929999999999998,-86.69,118.88,-17.535370370370373,-141.24,8423,38.995370370370374,51.99768518518518,82.87037037037037,216
10,0.75,1.0,0.3,1.5,5,3,False,20.769814814814815,21.634999999999998,1.7591944444444445,1.8929999999999998,-86.69,118.88,-17.535370370370373,-141.24,8423,38.995370370370374,51.99768518518518,82.87037037037037,216
10,0.75,1.0,0.3,1.5,2,3,False,20.769814814814815,21.634999999999998,1.7591944444444445,1.8929999999999998,-86.69,118.88,-17.535370370370373,-141.24,8423,38.995370370370374,51.99768518518518,82.87037037037037,216
15,0.5,1.0,-0.3,2.0,2,5,False,20.756944444444443,21.085,1.8027407407407408,1.799,-90.32,111.81,-20.111203703703705,-147.74,5664,26.22222222222222,52.277314814814815,81.94444444444444,216
15,0.5,1.0,-0.3,2.0,3,5,False,20.756944444444443,21.085,1.8027407407407408,1.799,-90.32,111.81,-20.111203703703705,-147.74,5664,26.22222222222222,52.277314814814815,81.94444444444444,216
15,0.5,1.0,-0.3,2.0,5,5,False,20.756944444444443,21.085,1.8027407407407408,1.799,-90.32,111.81,-20.111203703703705,-147.74,5664,26.22222222222222,52.277314814814815,81.94444444444444,216
10,0.75,2.0,0.3,2.5,5,7,False,20.69476851851852,21.229999999999997,1.6536064814814813,1.658,-122.7,109.28,-20.12388888888889,-211.84,3673,17.00462962962963,57.614814814814814,84.25925925925925,216
10,0.75,2.0,0.3,2.5,2,7,False,20.69476851851852,21.229999999999997,1.6536064814814813,1.658,-122.7,109.28,-20.12388888888889,-211.84,3673,17.00462962962963,57.614814814814814,84.25925925925925,216
10,0.75,2.0,0.3,2.5,3,7,False,20.69476851851852,21.229999999999997,1.6536064814814813,1.658,-122.7,109.28,-20.12388888888889,-211.84,3673,17.00462962962963,57.614814814814814,84.25925925925925,216
15,0.75,1.0,-0.3,2.5,5,7,False,20.68925925925926,20.994999999999997,1.758125,1.83,-86.61,138.54,-22.092916666666664,-193.66,4267,19.75462962962963,53.17685185185186,79.62962962962963,216
15,0.75,1.0,-0.3,2.5,3,7,False,20.68925925925926,20.994999999999997,1.758125,1.83,-86.61,138.54,-22.092916666666664,-193.66,4267,19.75462962962963,53.17685185185186,79.62962962962963,216
15,0.75,1.0,-0.3,2.5,2,7,False,20.68925925925926,20.994999999999997,1.758125,1.83,-86.61,138.54,-22.092916666666664,-193.66,4267,19.75462962962963,53.17685185185186,79.62962962962963,216
10,0.5,1.0,-0.3,2.0,5,3,False,20.67833333333333,21.695,1.6957453703703702,1.779,-120.84,118.98,-18.82050925925926,-183.38,7742,35.842592592592595,53.74768518518518,83.33333333333334,216
10,0.5,1.0,-0.3,2.0,2,3,False,20.67833333333333,21.695,1.6957453703703702,1.779,-120.84,118.98,-18.82050925925926,-183.38,7742,35.842592592592595,53.74768518518518,83.33333333333334,216
10,0.5,1.0,-0.3,2.0,3,3,False,20.67833333333333,21.695,1.6957453703703702,1.779,-120.84,118.98,-18.82050925925926,-183.38,7742,35.842592592592595,53.74768518518518,83.33333333333334,216
15,0.3,1.0,-0.3,2.0,5,5,False,20.675694444444442,21.565,1.8233055555555557,1.822,-91.81,109.92,-20.040601851851854,-147.99,5912,27.37037037037037,52.642129629629636,81.48148148148148,216
15,0.3,1.0,-0.3,2.0,3,5,False,20.675694444444442,21.565,1.8233055555555557,1.822,-91.81,109.92,-20.040601851851854,-147.99,5912,27.37037037037037,52.642129629629636,81.48148148148148,216
15,0.3,1.0,-0.3,2.0,2,5,False,20.675694444444442,21.565,1.8233055555555557,1.822,-91.81,109.92,-20.040601851851854,-147.99,5912,27.37037037037037,52.642129629629636,81.48148148148148,216
10,0.5,2.0,-0.3,2.5,3,7,False,20.667037037037037,20.09,1.5599351851851853,1.5145,-110.04,109.38,-20.834027777777777,-209.14,3829,17.72685185185185,54.13842592592592,79.16666666666666,216
10,0.5,2.0,-0.3,2.5,2,7,False,20.667037037037037,20.09,1.5599351851851853,1.5145,-110.04,109.38,-20.834027777777777,-209.14,3829,17.72685185185185,54.13842592592592,79.16666666666666,216
10,0.5,2.0,-0.3,2.5,5,7,False,20.667037037037037,20.09,1.5599351851851853,1.5145,-110.04,109.38,-20.834027777777777,-209.14,3829,17.72685185185185,54.13842592592592,79.16666666666666,216
10,0.3,1.0,-0.3,2.5,5,5,False,20.649722222222223,21.674999999999997,1.643550925925926,1.732,-87.29,117.11,-20.437175925925928,-184.86,6119,28.328703703703702,55.43194444444444,80.55555555555556,216
10,0.3,1.0,-0.3,2.5,3,5,False,20.649722222222223,21.674999999999997,1.643550925925926,1.732,-87.29,117.11,-20.437175925925928,-184.86,6119,28.328703703703702,55.43194444444444,80.55555555555556,216
10,0.3,1.0,-0.3,2.5,2,5,False,20.649722222222223,21.674999999999997,1.643550925925926,1.732,-87.29,117.11,-20.437175925925928,-184.86,6119,28.328703703703702,55.43194444444444,80.55555555555556,216
20,0.3,1.0,0.3,2.0,3,5,False,20.648425925925924,21.41,2.013902777777778,1.8599999999999999,-82.83,114.59,-18.633425925925923,-144.93,5431,25.14351851851852,57.23194444444444,84.72222222222221,216
20,0.3,1.0,0.3,2.0,5,5,False,20.648425925925924,21.41,2.013902777777778,1.8599999999999999,-82.83,114.59,-18.633425925925923,-144.93,5431,25.14351851851852,57.23194444444444,84.72222222222221,216
20,0.3,1.0,0.3,2.0,2,5,False,20.648425925925924,21.41,2.013902777777778,1.8599999999999999,-82.83,114.59,-18.633425925925923,-144.93,5431,25.14351851851852,57.23194444444444,84.72222222222221,216
10,0.5,1.0,0.3,1.5,3,3,False,20.64481481481482,21.425,1.7541898148148147,1.892,-80.78,118.29,-17.551898148148148,-141.24,8970,41.52777777777778,52.579629629629636,83.79629629629629,216
10,0.5,1.0,0.3,1.5,2,3,False,20.64481481481482,21.425,1.7541898148148147,1.892,-80.78,118.29,-17.551898148148148,-141.24,8970,41.52777777777778,52.579629629629636,83.79629629629629,216
10,0.5,1.0,0.3,1.5,5,3,False,20.64481481481482,21.425,1.7541898148148147,1.892,-80.78,118.29,-17.551898148148148,-141.24,8970,41.52777777777778,52.579629629629636,83.79629629629629,216
10,0.5,2.0,0.3,2.5,2,7,False,20.643703703703707,20.229999999999997,1.6414444444444445,1.6640000000000001,-122.7,107.32,-20.108148148148146,-211.84,4008,18.555555555555557,58.640740740740746,82.87037037037037,216
10,0.5,2.0,0.3,2.5,3,7,False,20.643703703703707,20.229999999999997,1.6414444444444445,1.6640000000000001,-122.7,107.32,-20.108148148148146,-211.84,4008,18.555555555555557,58.640740740740746,82.87037037037037,216
10,0.5,2.0,0.3,2.5,5,7,False,20.643703703703707,20.229999999999997,1.6414444444444445,1.6640000000000001,-122.7,107.32,-20.108148148148146,-211.84,4008,18.555555555555557,58.640740740740746,82.87037037037037,216
10,0.5,1.0,0.0,2.0,3,3,False,20.612731481481482,21.7,1.7046666666666666,1.7665,-124.7,119.23,-18.78009259259259,-183.38,7745,35.85648148148148,54.41342592592592,82.4074074074074,216
10,0.5,1.0,0.0,2.0,5,3,False,20.612731481481482,21.7,1.7046666666666666,1.7665,-124.7,119.23,-18.78009259259259,-183.38,7745,35.85648148148148,54.41342592592592,82.4074074074074,216
10,0.5,1.0,0.0,2.0,2,3,False,20.612731481481482,21.7,1.7046666666666666,1.7665,-124.7,119.23,-18.78009259259259,-183.38,7745,35.85648148148148,54.41342592592592,82.4074074074074,216
10,0.3,1.0,0.3,2.0,3,3,False,20.60925925925926,21.525,1.7192268518518519,1.807,-128.68,121.78,-18.27541666666667,-186.34,8156,37.75925925925926,55.63333333333334,81.94444444444444,216
10,0.3,1.0,0.3,2.0,5,3,False,20.60925925925926,21.525,1.7192268518518519,1.807,-128.68,121.78,-18.27541666666667,-186.34,8156,37.75925925925926,55.63333333333334,81.94444444444444,216
10,0.3,1.0,0.3,2.0,2,3,False,20.60925925925926,21.525,1.7192268518518519,1.807,-128.68,121.78,-18.27541666666667,-186.34,8156,37.75925925925926,55.63333333333334,81.94444444444444,216
10,0.75,2.0,-0.3,2.5,5,7,False,20.602777777777778,20.35,1.5561157407407407,1.5419999999999998,-110.04,111.81,-20.95837962962963,-209.14,3558,16.47222222222222,53.88703703703703,80.0925925925926,216
10,0.75,2.0,-0.3,2.5,2,7,False,20.602777777777778,20.35,1.5561157407407407,1.5419999999999998,-110.04,111.81,-20.95837962962963,-209.14,3558,16.47222222222222,53.88703703703703,80.0925925925926,216
10,0.75,2.0,-0.3,2.5,3,7,False,20.602777777777778,20.35,1.5561157407407407,1.5419999999999998,-110.04,111.81,-20.95837962962963,-209.14,3558,16.47222222222222,53.88703703703703,80.0925925925926,216
15,0.5,1.0,0.3,2.5,5,7,False,20.6,20.605,1.8340277777777776,1.8385,-93.89,126.28,-20.662175925925926,-169.08,4661,21.578703703703702,58.61990740740742,83.33333333333334,216
15,0.5,1.0,0.3,2.5,2,7,False,20.6,20.605,1.8340277777777776,1.8385,-93.89,126.28,-20.662175925925926,-169.08,4661,21.578703703703702,58.61990740740742,83.33333333333334,216
15,0.5,1.0,0.3,2.5,3,7,False,20.6,20.605,1.8340277777777776,1.8385,-93.89,126.28,-20.662175925925926,-169.08,4661,21.578703703703702,58.61990740740742,83.33333333333334,216
10,0.3,1.0,-0.3,2.0,2,3,False,20.58240740740741,20.975,1.6856342592592592,1.7825,-122.37,120.54,-18.736527777777777,-184.9,8101,37.504629629629626,53.739814814814814,82.87037037037037,216
10,0.3,1.0,-0.3,2.0,5,3,False,20.58240740740741,20.975,1.6856342592592592,1.7825,-122.37,120.54,-18.736527777777777,-184.9,8101,37.504629629629626,53.739814814814814,82.87037037037037,216
10,0.3,1.0,-0.3,2.0,3,3,False,20.58240740740741,20.975,1.6856342592592592,1.7825,-122.37,120.54,-18.736527777777777,-184.9,8101,37.504629629629626,53.739814814814814,82.87037037037037,216
15,0.5,1.0,0.0,2.0,3,5,False,20.567731481481477,20.994999999999997,1.852824074074074,1.7835,-94.23,121.12,-19.982731481481483,-143.11,5717,26.46759259259259,53.454166666666666,83.79629629629629,216
15,0.5,1.0,0.0,2.0,2,5,False,20.567731481481477,20.994999999999997,1.852824074074074,1.7835,-94.23,121.12,-19.982731481481483,-143.11,5717,26.46759259259259,53.454166666666666,83.79629629629629,216
15,0.5,1.0,0.0,2.0,5,5,False,20.567731481481477,20.994999999999997,1.852824074074074,1.7835,-94.23,121.12,-19.982731481481483,-143.11,5717,26.46759259259259,53.454166666666666,83.79629629629629,216
10,0.5,1.0,0.3,2.0,5,3,False,20.56310185185185,22.009999999999998,1.7177083333333332,1.8145,-127.15,120.6,-18.35064814814815,-184.82,7792,36.074074074074076,55.36296296296297,81.94444444444444,216
10,0.5,1.0,0.3,2.0,3,3,False,20.56310185185185,22.009999999999998,1.7177083333333332,1.8145,-127.15,120.6,-18.35064814814815,-184.82,7792,36.074074074074076,55.36296296296297,81.94444444444444,216
10,0.5,1.0,0.3,2.0,2,3,False,20.56310185185185,22.009999999999998,1.7177083333333332,1.8145,-127.15,120.6,-18.35064814814815,-184.82,7792,36.074074074074076,55.36296296296297,81.94444444444444,216
15,0.75,1.0,0.0,2.0,2,5,False,20.553472222222222,21.29,1.860277777777778,1.842,-73.26,118.52,-20.0449537037037,-143.11,5443,25.199074074074073,53.242592592592594,83.33333333333334,216
15,0.75,1.0,0.0,2.0,5,5,False,20.553472222222222,21.29,1.860277777777778,1.842,-73.26,118.52,-20.0449537037037,-143.11,5443,25.199074074074073,53.242592592592594,83.33333333333334,216
15,0.75,1.0,0.0,2.0,3,5,False,20.553472222222222,21.29,1.860277777777778,1.842,-73.26,118.52,-20.0449537037037,-143.11,5443,25.199074074074073,53.242592592592594,83.33333333333334,216
15,0.5,1.0,0.0,2.5,5,7,False,20.51222222222222,19.715,1.793810185185185,1.7930000000000001,-93.73,155.78,-21.34375,-161.31,4560,21.11111111111111,55.895833333333336,81.94444444444444,216
15,0.5,1.0,0.0,2.5,3,7,False,20.51222222222222,19.715,1.793810185185185,1.7930000000000001,-93.73,155.78,-21.34375,-161.31,4560,21.11111111111111,55.895833333333336,81.94444444444444,216
15,0.5,1.0,0.0,2.5,2,7,False,20.51222222222222,19.715,1.793810185185185,1.7930000000000001,-93.73,155.78,-21.34375,-161.31,4560,21.11111111111111,55.895833333333336,81.94444444444444,216
15,0.75,1.5,0.3,2.5,2,7,False,20.506944444444443,22.185000000000002,1.8147268518518518,1.795,-92.67,118.04,-20.538842592592594,-172.09,3628,16.796296296296298,57.77037037037038,83.33333333333334,216
15,0.75,1.5,0.3,2.5,5,7,False,20.506944444444443,22.185000000000002,1.8147268518518518,1.795,-92.67,118.04,-20.538842592592594,-172.09,3628,16.796296296296298,57.77037037037038,83.33333333333334,216
15,0.75,1.5,0.3,2.5,3,7,False,20.506944444444443,22.185000000000002,1.8147268518518518,1.795,-92.67,118.04,-20.538842592592594,-172.09,3628,16.796296296296298,57.77037037037038,83.33333333333334,216
10,0.3,1.0,0.0,2.0,3,3,False,20.490462962962965,20.83,1.692384259259259,1.7435,-126.23,120.73,-18.69550925925926,-184.9,8108,37.53703703703704,54.609722222222224,81.48148148148148,216
10,0.3,1.0,0.0,2.0,2,3,False,20.490462962962965,20.83,1.692384259259259,1.7435,-126.23,120.73,-18.69550925925926,-184.9,8108,37.53703703703704,54.609722222222224,81.48148148148148,216
10,0.3,1.0,0.0,2.0,5,3,False,20.490462962962965,20.83,1.692384259259259,1.7435,-126.23,120.73,-18.69550925925926,-184.9,8108,37.53703703703704,54.609722222222224,81.48148148148148,216
10,0.75,1.5,0.3,2.5,5,3,False,20.487083333333334,20.075000000000003,1.6919490740740741,1.7530000000000001,-128.29,119.79,-18.303055555555556,-193.9,5422,25.10185185185185,57.583796296296306,83.79629629629629,216
10,0.75,1.5,0.3,2.5,2,3,False,20.487083333333334,20.075000000000003,1.6919490740740741,1.7530000000000001,-128.29,119.79,-18.303055555555556,-193.9,5422,25.10185185185185,57.583796296296306,83.79629629629629,216
10,0.75,1.5,0.3,2.5,3,3,False,20.487083333333334,20.075000000000003,1.6919490740740741,1.7530000000000001,-128.29,119.79,-18.303055555555556,-193.9,5422,25.10185185185185,57.583796296296306,83.79629629629629,216
20,0.75,1.0,0.0,2.0,2,5,False,20.473842592592593,20.715,1.9242731481481483,1.847,-90.64,119.19,-19.335740740740743,-146.95,4831,22.36574074074074,53.831944444444446,83.79629629629629,216
20,0.75,1.0,0.0,2.0,3,5,False,20.473842592592593,20.715,1.9242731481481483,1.847,-90.64,119.19,-19.335740740740743,-146.95,4831,22.36574074074074,53.831944444444446,83.79629629629629,216
20,0.75,1.0,0.0,2.0,5,5,False,20.473842592592593,20.715,1.9242731481481483,1.847,-90.64,119.19,-19.335740740740743,-146.95,4831,22.36574074074074,53.831944444444446,83.79629629629629,216
15,0.3,1.0,0.0,2.0,2,5,False,20.466712962962962,21.955,1.8758240740740741,1.7905,-95.72,121.29,-19.768935185185185,-143.46,5977,27.671296296296298,54.00694444444444,82.4074074074074,216
15,0.3,1.0,0.0,2.0,3,5,False,20.466712962962962,21.955,1.8758240740740741,1.7905,-95.72,121.29,-19.768935185185185,-143.46,5977,27.671296296296298,54.00694444444444,82.4074074074074,216
15,0.3,1.0,0.0,2.0,5,5,False,20.466712962962962,21.955,1.8758240740740741,1.7905,-95.72,121.29,-19.768935185185185,-143.46,5977,27.671296296296298,54.00694444444444,82.4074074074074,216
10,0.5,1.0,-0.3,2.5,2,5,False,20.445787037037036,20.869999999999997,1.6399583333333334,1.6755,-86.33,116.08,-20.414583333333333,-183.34,5856,27.11111111111111,55.28287037037036,80.0925925925926,216
10,0.5,1.0,-0.3,2.5,3,5,False,20.445787037037036,20.869999999999997,1.6399583333333334,1.6755,-86.33,116.08,-20.414583333333333,-183.34,5856,27.11111111111111,55.28287037037036,80.0925925925926,216
10,0.5,1.0,-0.3,2.5,5,5,False,20.445787037037036,20.869999999999997,1.6399583333333334,1.6755,-86.33,116.08,-20.414583333333333,-183.34,5856,27.11111111111111,55.28287037037036,80.0925925925926,216
15,0.3,1.0,0.0,2.5,5,7,False,20.43574074074074,20.185000000000002,1.8020462962962962,1.8285,-95.22,155.79,-21.217777777777776,-161.97,4755,22.01388888888889,56.68842592592593,80.55555555555556,216
15,0.3,1.0,0.0,2.5,2,7,False,20.43574074074074,20.185000000000002,1.8020462962962962,1.8285,-95.22,155.79,-21.217777777777776,-161.97,4755,22.01388888888889,56.68842592592593,80.55555555555556,216
15,0.3,1.0,0.0,2.5,3,7,False,20.43574074074074,20.185000000000002,1.8020462962962962,1.8285,-95.22,155.79,-21.217777777777776,-161.97,4755,22.01388888888889,56.68842592592593,80.55555555555556,216
20,0.5,1.0,0.0,2.0,5,5,False,20.401481481481483,20.78,1.9172546296296293,1.8325,-90.03,118.79,-19.18217592592593,-146.95,5093,23.578703703703702,54.460648148148145,83.79629629629629,216
20,0.5,1.0,0.0,2.0,3,5,False,20.401481481481483,20.78,1.9172546296296293,1.8325,-90.03,118.79,-19.18217592592593,-146.95,5093,23.578703703703702,54.460648148148145,83.79629629629629,216
20,0.5,1.0,0.0,2.0,2,5,False,20.401481481481483,20.78,1.9172546296296293,1.8325,-90.03,118.79,-19.18217592592593,-146.95,5093,23.578703703703702,54.460648148148145,83.79629629629629,216
10,0.3,1.5,-0.3,2.5,2,5,False,20.364953703703705,21.06,1.6178981481481483,1.6915,-93.55,120.1,-20.33319444444444,-182.35,5196,24.055555555555557,56.136574074074076,81.01851851851852,216
10,0.3,1.5,-0.3,2.5,3,5,False,20.364953703703705,21.06,1.6178981481481483,1.6915,-93.55,120.1,-20.33319444444444,-182.35,5196,24.055555555555557,56.136574074074076,81.01851851851852,216
10,0.3,1.5,-0.3,2.5,5,5,False,20.364953703703705,21.06,1.6178981481481483,1.6915,-93.55,120.1,-20.33319444444444,-182.35,5196,24.055555555555557,56.136574074074076,81.01851851851852,216
15,0.3,1.0,0.3,2.5,3,7,False,20.33412037037037,21.21,1.853685185185185,1.8679999999999999,-95.37,126.44,-20.62245370370371,-169.8,4885,22.61574074074074,59.29814814814816,81.94444444444444,216
15,0.3,1.0,0.3,2.5,2,7,False,20.33412037037037,21.21,1.853685185185185,1.8679999999999999,-95.37,126.44,-20.62245370370371,-169.8,4885,22.61574074074074,59.29814814814816,81.94444444444444,216
15,0.3,1.0,0.3,2.5,5,7,False,20.33412037037037,21.21,1.853685185185185,1.8679999999999999,-95.37,126.44,-20.62245370370371,-169.8,4885,22.61574074074074,59.29814814814816,81.94444444444444,216
10,0.75,2.0,-0.3,2.5,5,5,False,20.329814814814814,18.04,1.5802268518518516,1.647,-85.24,100.56,-19.810092592592596,-183.0,3813,17.65277777777778,55.43564814814815,81.48148148148148,216
10,0.75,2.0,-0.3,2.5,3,5,False,20.329814814814814,18.04,1.5802268518518516,1.647,-85.24,100.56,-19.810092592592596,-183.0,3813,17.65277777777778,55.43564814814815,81.48148148148148,216
10,0.75,2.0,-0.3,2.5,2,5,False,20.329814814814814,18.04,1.5802268518518516,1.647,-85.24,100.56,-19.810092592592596,-183.0,3813,17.65277777777778,55.43564814814815,81.48148148148148,216
20,0.75,1.0,0.3,2.5,3,5,False,20.302500000000002,21.455,1.9914814814814816,1.913,-104.72,101.56,-18.73263888888889,-174.94,4321,20.00462962962963,57.99814814814815,83.33333333333334,216
20,0.75,1.0,0.3,2.5,2,5,False,20.302500000000002,21.455,1.9914814814814816,1.913,-104.72,101.56,-18.73263888888889,-174.94,4321,20.00462962962963,57.99814814814815,83.33333333333334,216
20,0.75,1.0,0.3,2.5,5,5,False,20.302500000000002,21.455,1.9914814814814816,1.913,-104.72,101.56,-18.73263888888889,-174.94,4321,20.00462962962963,57.99814814814815,83.33333333333334,216
10,0.5,2.0,0.0,2.0,2,5,False,20.299583333333338,19.175,1.5926666666666667,1.609,-89.04,99.24,-19.669444444444448,-171.4,4760,22.037037037037038,53.5675925925926,84.25925925925925,216
10,0.5,2.0,0.0,2.0,5,5,False,20.299583333333338,19.175,1.5926666666666667,1.609,-89.04,99.24,-19.669444444444448,-171.4,4760,22.037037037037038,53.5675925925926,84.25925925925925,216
10,0.5,2.0,0.0,2.0,3,5,False,20.299583333333338,19.175,1.5926666666666667,1.609,-89.04,99.24,-19.669444444444448,-171.4,4760,22.037037037037038,53.5675925925926,84.25925925925925,216
10,0.5,2.0,0.3,2.0,3,5,False,20.291759259259262,19.744999999999997,1.6415694444444444,1.7365,-97.79,101.4,-18.90810185185185,-174.1,4839,22.40277777777778,55.28101851851852,85.64814814814815,216
10,0.5,2.0,0.3,2.0,2,5,False,20.291759259259262,19.744999999999997,1.6415694444444444,1.7365,-97.79,101.4,-18.90810185185185,-174.1,4839,22.40277777777778,55.28101851851852,85.64814814814815,216
10,0.5,2.0,0.3,2.0,5,5,False,20.291759259259262,19.744999999999997,1.6415694444444444,1.7365,-97.79,101.4,-18.90810185185185,-174.1,4839,22.40277777777778,55.28101851851852,85.64814814814815,216
10,0.5,1.5,-0.3,2.5,5,5,False,20.26912037037037,20.46,1.621476851851852,1.6795,-92.03,119.07,-20.245138888888892,-180.82,4936,22.85185185185185,56.045833333333334,79.62962962962963,216
10,0.5,1.5,-0.3,2.5,3,5,False,20.26912037037037,20.46,1.621476851851852,1.6795,-92.03,119.07,-20.245138888888892,-180.82,4936,22.85185185185185,56.045833333333334,79.62962962962963,216
10,0.5,1.5,-0.3,2.5,2,5,False,20.26912037037037,20.46,1.621476851851852,1.6795,-92.03,119.07,-20.245138888888892,-180.82,4936,22.85185185185185,56.045833333333334,79.62962962962963,216
15,0.75,1.0,0.0,2.5,3,5,False,20.234212962962964,21.41,1.8463703703703704,1.8555000000000001,-73.26,106.63,-20.096851851851852,-147.14,4798,22.212962962962962,56.392129629629636,81.94444444444444,216
15,0.75,1.0,0.0,2.5,2,5,False,20.234212962962964,21.41,1.8463703703703704,1.8555000000000001,-73.26,106.63,-20.096851851851852,-147.14,4798,22.212962962962962,56.392129629629636,81.94444444444444,216
15,0.75,1.0,0.0,2.5,5,5,False,20.234212962962964,21.41,1.8463703703703704,1.8555000000000001,-73.26,106.63,-20.096851851851852,-147.14,4798,22.212962962962962,56.392129629629636,81.94444444444444,216
15,0.75,1.0,0.3,1.5,2,7,False,20.214537037037037,21.12,1.9141064814814814,1.8495,-72.13,132.54,-19.629351851851855,-113.51,6573,30.430555555555557,49.486111111111114,84.72222222222221,216
15,0.75,1.0,0.3,1.5,3,7,False,20.214537037037037,21.12,1.9141064814814814,1.8495,-72.13,132.54,-19.629351851851855,-113.51,6573,30.430555555555557,49.486111111111114,84.72222222222221,216
15,0.75,1.0,0.3,1.5,5,7,False,20.214537037037037,21.12,1.9141064814814814,1.8495,-72.13,132.54,-19.629351851851855,-113.51,6573,30.430555555555557,49.486111111111114,84.72222222222221,216
10,0.5,2.0,0.3,2.5,3,5,False,20.214398148148145,19.759999999999998,1.6114675925925925,1.648,-87.46,102.78,-19.11277777777778,-185.7,4281,19.819444444444443,59.326851851851856,82.87037037037037,216
10,0.5,2.0,0.3,2.5,2,5,False,20.214398148148145,19.759999999999998,1.6114675925925925,1.648,-87.46,102.78,-19.11277777777778,-185.7,4281,19.819444444444443,59.326851851851856,82.87037037037037,216
10,0.5,2.0,0.3,2.5,5,5,False,20.214398148148145,19.759999999999998,1.6114675925925925,1.648,-87.46,102.78,-19.11277777777778,-185.7,4281,19.819444444444443,59.326851851851856,82.87037037037037,216
15,0.3,1.0,-0.3,2.5,2,7,False,20.213333333333335,19.73,1.7397083333333332,1.8279999999999998,-91.55,141.43,-21.58726851851852,-170.81,4657,21.560185185185187,53.986111111111114,79.62962962962963,216
15,0.3,1.0,-0.3,2.5,5,7,False,20.213333333333335,19.73,1.7397083333333332,1.8279999999999998,-91.55,141.43,-21.58726851851852,-170.81,4657,21.560185185185187,53.986111111111114,79.62962962962963,216
15,0.3,1.0,-0.3,2.5,3,7,False,20.213333333333335,19.73,1.7397083333333332,1.8279999999999998,-91.55,141.43,-21.58726851851852,-170.81,4657,21.560185185185187,53.986111111111114,79.62962962962963,216
10,0.5,1.0,0.3,2.5,2,3,False,20.186064814814817,21.685000000000002,1.6842962962962962,1.903,-138.75,123.13,-18.860694444444444,-196.42,7257,33.59722222222222,57.50138888888888,82.4074074074074,216
10,0.5,1.0,0.3,2.5,5,3,False,20.186064814814817,21.685000000000002,1.6842962962962962,1.903,-138.75,123.13,-18.860694444444444,-196.42,7257,33.59722222222222,57.50138888888888,82.4074074074074,216
10,0.5,1.0,0.3,2.5,3,3,False,20.186064814814817,21.685000000000002,1.6842962962962962,1.903,-138.75,123.13,-18.860694444444444,-196.42,7257,33.59722222222222,57.50138888888888,82.4074074074074,216
15,0.5,1.0,-0.3,2.0,5,7,False,20.180185185185184,20.695,1.7074444444444443,1.7189999999999999,-90.06,133.68,-21.987546296296294,-174.02,5131,23.75462962962963,49.46898148148148,78.24074074074075,216
15,0.5,1.0,-0.3,2.0,2,7,False,20.180185185185184,20.695,1.7074444444444443,1.7189999999999999,-90.06,133.68,-21.987546296296294,-174.02,5131,23.75462962962963,49.46898148148148,78.24074074074075,216
15,0.5,1.0,-0.3,2.0,3,7,False,20.180185185185184,20.695,1.7074444444444443,1.7189999999999999,-90.06,133.68,-21.987546296296294,-174.02,5131,23.75462962962963,49.46898148148148,78.24074074074075,216
10,0.3,2.0,0.3,2.5,5,7,False,20.170185185185186,20.24,1.6142685185185186,1.6320000000000001,-122.14,107.52,-20.180833333333332,-211.84,4272,19.77777777777778,59.18333333333334,81.94444444444444,216
10,0.3,2.0,0.3,2.5,2,7,False,20.170185185185186,20.24,1.6142685185185186,1.6320000000000001,-122.14,107.52,-20.180833333333332,-211.84,4272,19.77777777777778,59.18333333333334,81.94444444444444,216
10,0.3,2.0,0.3,2.5,3,7,False,20.170185185185186,20.24,1.6142685185185186,1.6320000000000001,-122.14,107.52,-20.180833333333332,-211.84,4272,19.77777777777778,59.18333333333334,81.94444444444444,216
20,0.3,1.0,0.0,2.0,2,5,False,20.16018518518518,20.645000000000003,1.927699074074074,1.8345,-89.19,121.69,-19.110138888888887,-146.95,5339,24.71759259259259,55.306481481481484,83.33333333333334,216
20,0.3,1.0,0.0,2.0,5,5,False,20.16018518518518,20.645000000000003,1.927699074074074,1.8345,-89.19,121.69,-19.110138888888887,-146.95,5339,24.71759259259259,55.306481481481484,83.33333333333334,216
20,0.3,1.0,0.0,2.0,3,5,False,20.16018518518518,20.645000000000003,1.927699074074074,1.8345,-89.19,121.69,-19.110138888888887,-146.95,5339,24.71759259259259,55.306481481481484,83.33333333333334,216
10,0.3,1.0,0.3,2.5,5,3,False,20.15634259259259,20.505,1.6942916666666665,1.847,-156.6,124.31,-18.748703703703704,-214.26,7618,35.26851851851852,57.692129629629626,81.48148148148148,216
10,0.3,1.0,0.3,2.5,2,3,False,20.15634259259259,20.505,1.6942916666666665,1.847,-156.6,124.31,-18.748703703703704,-214.26,7618,35.26851851851852,57.692129629629626,81.48148148148148,216
10,0.3,1.0,0.3,2.5,3,3,False,20.15634259259259,20.505,1.6942916666666665,1.847,-156.6,124.31,-18.748703703703704,-214.26,7618,35.26851851851852,57.692129629629626,81.48148148148148,216
15,0.75,1.0,-0.3,2.5,5,5,False,20.15125,21.244999999999997,1.8008333333333335,1.765,-71.54,105.41,-20.221342592592592,-148.2,4770,22.083333333333332,55.284259259259265,82.87037037037037,216
15,0.75,1.0,-0.3,2.5,3,5,False,20.15125,21.244999999999997,1.8008333333333335,1.765,-71.54,105.41,-20.221342592592592,-148.2,4770,22.083333333333332,55.284259259259265,82.87037037037037,216
15,0.75,1.0,-0.3,2.5,2,5,False,20.15125,21.244999999999997,1.8008333333333335,1.765,-71.54,105.41,-20.221342592592592,-148.2,4770,22.083333333333332,55.284259259259265,82.87037037037037,216
15,0.75,1.0,0.3,2.0,2,5,False,20.15060185185185,21.485,1.896314814814815,1.8545,-77.43,122.41,-19.59574074074074,-139.76,5505,25.48611111111111,54.80833333333334,81.94444444444444,216
15,0.75,1.0,0.3,2.0,3,5,False,20.15060185185185,21.485,1.896314814814815,1.8545,-77.43,122.41,-19.59574074074074,-139.76,5505,25.48611111111111,54.80833333333334,81.94444444444444,216
15,0.75,1.0,0.3,2.0,5,5,False,20.15060185185185,21.485,1.896314814814815,1.8545,-77.43,122.41,-19.59574074074074,-139.76,5505,25.48611111111111,54.80833333333334,81.94444444444444,216
10,0.75,1.5,0.0,2.5,5,3,False,20.142824074074074,19.095,1.648935185185185,1.7445,-125.89,120.4,-18.778194444444445,-192.46,5405,25.02314814814815,56.72037037037036,83.33333333333334,216
10,0.75,1.5,0.0,2.5,3,3,False,20.142824074074074,19.095,1.648935185185185,1.7445,-125.89,120.4,-18.778194444444445,-192.46,5405,25.02314814814815,56.72037037037036,83.33333333333334,216
10,0.75,1.5,0.0,2.5,2,3,False,20.142824074074074,19.095,1.648935185185185,1.7445,-125.89,120.4,-18.778194444444445,-192.46,5405,25.02314814814815,56.72037037037036,83.33333333333334,216
10,0.5,1.0,0.0,2.5,3,3,False,20.13486111111111,19.965,1.6732777777777779,1.774,-136.3,121.76,-19.11018518518518,-194.98,7217,33.41203703703704,56.463888888888896,81.94444444444444,216
10,0.5,1.0,0.0,2.5,5,3,False,20.13486111111111,19.965,1.6732777777777779,1.774,-136.3,121.76,-19.11018518518518,-194.98,7217,33.41203703703704,56.463888888888896,81.94444444444444,216
10,0.5,1.0,0.0,2.5,2,3,False,20.13486111111111,19.965,1.6732777777777779,1.774,-136.3,121.76,-19.11018518518518,-194.98,7217,33.41203703703704,56.463888888888896,81.94444444444444,216
10,0.3,1.0,0.0,2.5,3,3,False,20.121990740740742,20.29,1.6644027777777781,1.803,-137.83,123.26,-19.017314814814814,-196.5,7578,35.083333333333336,56.591203703703705,82.4074074074074,216
10,0.3,1.0,0.0,2.5,5,3,False,20.121990740740742,20.29,1.6644027777777781,1.803,-137.83,123.26,-19.017314814814814,-196.5,7578,35.083333333333336,56.591203703703705,82.4074074074074,216
10,0.3,1.0,0.0,2.5,2,3,False,20.121990740740742,20.29,1.6644027777777781,1.803,-137.83,123.26,-19.017314814814814,-196.5,7578,35.083333333333336,56.591203703703705,82.4074074074074,216
20,0.75,1.0,-0.3,2.0,2,5,False,20.11967592592593,20.615000000000002,1.8860694444444444,1.7475,-90.64,119.43,-19.69953703703704,-146.95,4809,22.26388888888889,53.03842592592592,81.48148148148148,216
20,0.75,1.0,-0.3,2.0,3,5,False,20.11967592592593,20.615000000000002,1.8860694444444444,1.7475,-90.64,119.43,-19.69953703703704,-146.95,4809,22.26388888888889,53.03842592592592,81.48148148148148,216
20,0.75,1.0,-0.3,2.0,5,5,False,20.11967592592593,20.615000000000002,1.8860694444444444,1.7475,-90.64,119.43,-19.69953703703704,-146.95,4809,22.26388888888889,53.03842592592592,81.48148148148148,216
15,0.75,1.5,0.0,2.0,2,7,False,20.119490740740744,22.439999999999998,1.7671712962962962,1.862,-84.32,107.36,-21.540462962962962,-160.41,4202,19.453703703703702,50.6662037037037,79.16666666666666,216
15,0.75,1.5,0.0,2.0,3,7,False,20.119490740740744,22.439999999999998,1.7671712962962962,1.862,-84.32,107.36,-21.540462962962962,-160.41,4202,19.453703703703702,50.6662037037037,79.16666666666666,216
15,0.75,1.5,0.0,2.0,5,7,False,20.119490740740744,22.439999999999998,1.7671712962962962,1.862,-84.32,107.36,-21.540462962962962,-160.41,4202,19.453703703703702,50.6662037037037,79.16666666666666,216
20,0.5,1.0,-0.3,2.0,5,5,False,20.090833333333332,20.86,1.88575,1.7995,-90.03,119.58,-19.536435185185184,-146.95,5058,23.416666666666668,53.50787037037036,82.87037037037037,216
20,0.5,1.0,-0.3,2.0,3,5,False,20.090833333333332,20.86,1.88575,1.7995,-90.03,119.58,-19.536435185185184,-146.95,5058,23.416666666666668,53.50787037037036,82.87037037037037,216
20,0.5,1.0,-0.3,2.0,2,5,False,20.090833333333332,20.86,1.88575,1.7995,-90.03,119.58,-19.536435185185184,-146.95,5058,23.416666666666668,53.50787037037036,82.87037037037037,216
10,0.75,1.5,0.0,2.0,3,3,False,20.077546296296298,19.505000000000003,1.6665046296296295,1.6705,-114.29,117.87,-18.417824074074076,-180.86,5868,27.166666666666668,54.10555555555557,86.11111111111111,216
10,0.75,1.5,0.0,2.0,5,3,False,20.077546296296298,19.505000000000003,1.6665046296296295,1.6705,-114.29,117.87,-18.417824074074076,-180.86,5868,27.166666666666668,54.10555555555557,86.11111111111111,216
10,0.75,1.5,0.0,2.0,2,3,False,20.077546296296298,19.505000000000003,1.6665046296296295,1.6705,-114.29,117.87,-18.417824074074076,-180.86,5868,27.166666666666668,54.10555555555557,86.11111111111111,216
10,0.75,1.5,0.3,2.0,3,3,False,20.075324074074075,20.535,1.691101851851852,1.6644999999999999,-116.69,117.26,-17.978749999999998,-182.3,5881,27.22685185185185,54.92685185185186,85.18518518518519,216
10,0.75,1.5,0.3,2.0,2,3,False,20.075324074074075,20.535,1.691101851851852,1.6644999999999999,-116.69,117.26,-17.978749999999998,-182.3,5881,27.22685185185185,54.92685185185186,85.18518518518519,216
10,0.75,1.5,0.3,2.0,5,3,False,20.075324074074075,20.535,1.691101851851852,1.6644999999999999,-116.69,117.26,-17.978749999999998,-182.3,5881,27.22685185185185,54.92685185185186,85.18518518518519,216
10,0.3,1.5,0.0,1.5,2,3,False,20.073287037037037,20.04,1.7168518518518516,1.8210000000000002,-93.16,116.47,-17.701898148148146,-139.25,7811,36.16203703703704,52.504629629629626,83.79629629629629,216
10,0.3,1.5,0.0,1.5,5,3,False,20.073287037037037,20.04,1.7168518518518516,1.8210000000000002,-93.16,116.47,-17.701898148148146,-139.25,7811,36.16203703703704,52.504629629629626,83.79629629629629,216
10,0.3,1.5,0.0,1.5,3,3,False,20.073287037037037,20.04,1.7168518518518516,1.8210000000000002,-93.16,116.47,-17.701898148148146,-139.25,7811,36.16203703703704,52.504629629629626,83.79629629629629,216
10,0.75,1.5,-0.3,2.5,3,3,False,20.065555555555555,18.045,1.6364999999999998,1.654,-113.32,120.15,-18.86634259259259,-192.46,5400,25.0,56.317129629629626,83.33333333333334,216
10,0.75,1.5,-0.3,2.5,5,3,False,20.065555555555555,18.045,1.6364999999999998,1.654,-113.32,120.15,-18.86634259259259,-192.46,5400,25.0,56.317129629629626,83.33333333333334,216
10,0.75,1.5,-0.3,2.5,2,3,False,20.065555555555555,18.045,1.6364999999999998,1.654,-113.32,120.15,-18.86634259259259,-192.46,5400,25.0,56.317129629629626,83.33333333333334,216
15,0.5,1.0,-0.3,2.5,3,7,False,20.04759259259259,19.835,1.7346898148148147,1.83,-90.06,142.05,-21.78050925925926,-193.66,4476,20.72222222222222,53.504629629629626,80.0925925925926,216
15,0.5,1.0,-0.3,2.5,2,7,False,20.04759259259259,19.835,1.7346898148148147,1.83,-90.06,142.05,-21.78050925925926,-193.66,4476,20.72222222222222,53.504629629629626,80.0925925925926,216
15,0.5,1.0,-0.3,2.5,5,7,False,20.04759259259259,19.835,1.7346898148148147,1.83,-90.06,142.05,-21.78050925925926,-193.66,4476,20.72222222222222,53.504629629629626,80.0925925925926,216
15,0.5,1.0,0.3,2.0,3,5,False,20.030416666666664,20.72,1.8826851851851851,1.8215,-94.38,127.92,-19.516851851851854,-139.76,5811,26.90277777777778,55.37592592592593,82.4074074074074,216
15,0.5,1.0,0.3,2.0,2,5,False,20.030416666666664,20.72,1.8826851851851851,1.8215,-94.38,127.92,-19.516851851851854,-139.76,5811,26.90277777777778,55.37592592592593,82.4074074074074,216
15,0.5,1.0,0.3,2.0,5,5,False,20.030416666666664,20.72,1.8826851851851851,1.8215,-94.38,127.92,-19.516851851851854,-139.76,5811,26.90277777777778,55.37592592592593,82.4074074074074,216
10,0.5,2.0,0.0,2.5,5,5,False,20.013842592592592,19.384999999999998,1.595351851851852,1.656,-85.03,100.62,-19.82189814814815,-183.0,4199,19.439814814814813,57.47592592592592,82.4074074074074,216
10,0.5,2.0,0.0,2.5,3,5,False,20.013842592592592,19.384999999999998,1.595351851851852,1.656,-85.03,100.62,-19.82189814814815,-183.0,4199,19.439814814814813,57.47592592592592,82.4074074074074,216
10,0.5,2.0,0.0,2.5,2,5,False,20.013842592592592,19.384999999999998,1.595351851851852,1.656,-85.03,100.62,-19.82189814814815,-183.0,4199,19.439814814814813,57.47592592592592,82.4074074074074,216
15,0.3,1.0,0.3,2.0,3,5,False,20.00564814814815,21.615000000000002,1.9096805555555554,1.8595,-95.87,128.08,-19.406574074074072,-140.09,6097,28.22685185185185,56.038888888888884,81.94444444444444,216
15,0.3,1.0,0.3,2.0,5,5,False,20.00564814814815,21.615000000000002,1.9096805555555554,1.8595,-95.87,128.08,-19.406574074074072,-140.09,6097,28.22685185185185,56.038888888888884,81.94444444444444,216
15,0.3,1.0,0.3,2.0,2,5,False,20.00564814814815,21.615000000000002,1.9096805555555554,1.8595,-95.87,128.08,-19.406574074074072,-140.09,6097,28.22685185185185,56.038888888888884,81.94444444444444,216
15,0.75,1.5,0.3,2.0,2,7,False,20.001250000000002,22.835,1.7937546296296294,1.822,-91.11,115.05,-20.694027777777777,-170.09,4264,19.74074074074074,52.50138888888888,81.48148148148148,216
15,0.75,1.5,0.3,2.0,3,7,False,20.001250000000002,22.835,1.7937546296296294,1.822,-91.11,115.05,-20.694027777777777,-170.09,4264,19.74074074074074,52.50138888888888,81.48148148148148,216
15,0.75,1.5,0.3,2.0,5,7,False,20.001250000000002,22.835,1.7937546296296294,1.822,-91.11,115.05,-20.694027777777777,-170.09,4264,19.74074074074074,52.50138888888888,81.48148148148148,216
10,0.3,1.5,0.3,1.5,2,3,False,19.989537037037035,19.725,1.7238657407407407,1.8245,-93.06,115.54,-17.412407407407407,-140.69,7849,36.33796296296296,53.463888888888896,83.33333333333334,216
10,0.3,1.5,0.3,1.5,5,3,False,19.989537037037035,19.725,1.7238657407407407,1.8245,-93.06,115.54,-17.412407407407407,-140.69,7849,36.33796296296296,53.463888888888896,83.33333333333334,216
10,0.3,1.5,0.3,1.5,3,3,False,19.989537037037035,19.725,1.7238657407407407,1.8245,-93.06,115.54,-17.412407407407407,-140.69,7849,36.33796296296296,53.463888888888896,83.33333333333334,216
10,0.3,1.5,-0.3,1.5,3,3,False,19.984907407407405,19.305,1.6969027777777776,1.825,-83.72,116.28,-17.885324074074074,-139.25,7801,36.11574074074074,51.57222222222222,83.33333333333334,216
10,0.3,1.5,-0.3,1.5,2,3,False,19.984907407407405,19.305,1.6969027777777776,1.825,-83.72,116.28,-17.885324074074074,-139.25,7801,36.11574074074074,51.57222222222222,83.33333333333334,216
10,0.3,1.5,-0.3,1.5,5,3,False,19.984907407407405,19.305,1.6969027777777776,1.825,-83.72,116.28,-17.885324074074074,-139.25,7801,36.11574074074074,51.57222222222222,83.33333333333334,216
15,0.75,1.5,0.0,2.5,2,7,False,19.982824074074074,22.78,1.771,1.789,-87.19,119.56,-21.46097222222222,-164.56,3573,16.541666666666668,55.37546296296296,80.0925925925926,216
15,0.75,1.5,0.0,2.5,5,7,False,19.982824074074074,22.78,1.771,1.789,-87.19,119.56,-21.46097222222222,-164.56,3573,16.541666666666668,55.37546296296296,80.0925925925926,216
15,0.75,1.5,0.0,2.5,3,7,False,19.982824074074074,22.78,1.771,1.789,-87.19,119.56,-21.46097222222222,-164.56,3573,16.541666666666668,55.37546296296296,80.0925925925926,216
10,0.3,1.0,-0.3,2.5,5,3,False,19.963703703703704,20.915,1.6485185185185185,1.7295,-133.97,123.07,-19.143472222222222,-196.5,7571,35.050925925925924,55.6462962962963,81.48148148148148,216
10,0.3,1.0,-0.3,2.5,3,3,False,19.963703703703704,20.915,1.6485185185185185,1.7295,-133.97,123.07,-19.143472222222222,-196.5,7571,35.050925925925924,55.6462962962963,81.48148148148148,216
10,0.3,1.0,-0.3,2.5,2,3,False,19.963703703703704,20.915,1.6485185185185185,1.7295,-133.97,123.07,-19.143472222222222,-196.5,7571,35.050925925925924,55.6462962962963,81.48148148148148,216
10,0.3,2.0,-0.3,2.5,5,7,False,19.93365740740741,19.955,1.5131064814814816,1.4795,-109.48,107.88,-20.863611111111112,-209.14,4063,18.810185185185187,54.36851851851852,79.16666666666666,216
10,0.3,2.0,-0.3,2.5,3,7,False,19.93365740740741,19.955,1.5131064814814816,1.4795,-109.48,107.88,-20.863611111111112,-209.14,4063,18.810185185185187,54.36851851851852,79.16666666666666,216
10,0.3,2.0,-0.3,2.5,2,7,False,19.93365740740741,19.955,1.5131064814814816,1.4795,-109.48,107.88,-20.863611111111112,-209.14,4063,18.810185185185187,54.36851851851852,79.16666666666666,216
10,0.5,1.5,0.0,1.5,3,3,False,19.928981481481483,19.815,1.718060185185185,1.7965,-91.64,114.96,-17.701157407407408,-137.72,7434,34.416666666666664,52.23703703703704,84.25925925925925,216
10,0.5,1.5,0.0,1.5,2,3,False,19.928981481481483,19.815,1.718060185185185,1.7965,-91.64,114.96,-17.701157407407408,-137.72,7434,34.416666666666664,52.23703703703704,84.25925925925925,216
10,0.5,1.5,0.0,1.5,5,3,False,19.928981481481483,19.815,1.718060185185185,1.7965,-91.64,114.96,-17.701157407407408,-137.72,7434,34.416666666666664,52.23703703703704,84.25925925925925,216
10,0.75,1.5,-0.3,2.0,2,3,False,19.90476851851852,19.064999999999998,1.6449814814814814,1.6615,-101.72,117.62,-18.595277777777778,-180.86,5865,27.15277777777778,53.65046296296296,84.25925925925925,216
10,0.75,1.5,-0.3,2.0,3,3,False,19.90476851851852,19.064999999999998,1.6449814814814814,1.6615,-101.72,117.62,-18.595277777777778,-180.86,5865,27.15277777777778,53.65046296296296,84.25925925925925,216
10,0.75,1.5,-0.3,2.0,5,3,False,19.90476851851852,19.064999999999998,1.6449814814814814,1.6615,-101.72,117.62,-18.595277777777778,-180.86,5865,27.15277777777778,53.65046296296296,84.25925925925925,216
20,0.3,1.0,-0.3,2.0,5,5,False,19.904074074074078,20.11,1.904648148148148,1.7965,-88.8,122.49,-19.46712962962963,-146.95,5283,24.458333333333332,54.13333333333333,82.4074074074074,216
20,0.3,1.0,-0.3,2.0,3,5,False,19.904074074074078,20.11,1.904648148148148,1.7965,-88.8,122.49,-19.46712962962963,-146.95,5283,24.458333333333332,54.13333333333333,82.4074074074074,216
20,0.3,1.0,-0.3,2.0,2,5,False,19.904074074074078,20.11,1.904648148148148,1.7965,-88.8,122.49,-19.46712962962963,-146.95,5283,24.458333333333332,54.13333333333333,82.4074074074074,216
10,0.5,1.0,-0.3,2.5,2,3,False,19.88300925925926,20.244999999999997,1.6543703703703703,1.751,-132.44,121.51,-19.22208333333333,-194.98,7215,33.40277777777778,55.72962962962962,81.94444444444444,216
10,0.5,1.0,-0.3,2.5,5,3,False,19.88300925925926,20.244999999999997,1.6543703703703703,1.751,-132.44,121.51,-19.22208333333333,-194.98,7215,33.40277777777778,55.72962962962962,81.94444444444444,216
10,0.5,1.0,-0.3,2.5,3,3,False,19.88300925925926,20.244999999999997,1.6543703703703703,1.751,-132.44,121.51,-19.22208333333333,-194.98,7215,33.40277777777778,55.72962962962962,81.94444444444444,216
15,0.5,1.5,0.3,2.5,2,7,False,19.871944444444445,21.55,1.7856944444444443,1.8105,-92.67,115.37,-20.446574074074075,-172.09,3888,18.0,58.635185185185186,82.87037037037037,216
15,0.5,1.5,0.3,2.5,3,7,False,19.871944444444445,21.55,1.7856944444444443,1.8105,-92.67,115.37,-20.446574074074075,-172.09,3888,18.0,58.635185185185186,82.87037037037037,216
15,0.5,1.5,0.3,2.5,5,7,False,19.871944444444445,21.55,1.7856944444444443,1.8105,-92.67,115.37,-20.446574074074075,-172.09,3888,18.0,58.635185185185186,82.87037037037037,216
15,0.3,1.0,-0.3,2.0,3,7,False,19.848240740740742,20.145,1.734351851851852,1.741,-91.55,133.22,-21.880046296296292,-180.79,5314,24.60185185185185,49.93472222222222,78.24074074074075,216
15,0.3,1.0,-0.3,2.0,5,7,False,19.848240740740742,20.145,1.734351851851852,1.741,-91.55,133.22,-21.880046296296292,-180.79,5314,24.60185185185185,49.93472222222222,78.24074074074075,216
15,0.3,1.0,-0.3,2.0,2,7,False,19.848240740740742,20.145,1.734351851851852,1.741,-91.55,133.22,-21.880046296296292,-180.79,5314,24.60185185185185,49.93472222222222,78.24074074074075,216
15,0.75,1.0,0.3,2.5,5,5,False,19.83990740740741,20.77,1.8809444444444443,1.866,-77.43,111.29,-19.616157407407407,-143.6,4859,22.49537037037037,58.525,81.48148148148148,216
15,0.75,1.0,0.3,2.5,3,5,False,19.83990740740741,20.77,1.8809444444444443,1.866,-77.43,111.29,-19.616157407407407,-143.6,4859,22.49537037037037,58.525,81.48148148148148,216
15,0.75,1.0,0.3,2.5,2,5,False,19.83990740740741,20.77,1.8809444444444443,1.866,-77.43,111.29,-19.616157407407407,-143.6,4859,22.49537037037037,58.525,81.48148148148148,216
20,0.5,1.0,0.3,2.5,5,5,False,19.837222222222223,21.6,1.9658842592592591,1.9264999999999999,-104.72,102.0,-18.657824074074075,-174.94,4581,21.208333333333332,58.97777777777778,83.79629629629629,216
20,0.5,1.0,0.3,2.5,2,5,False,19.837222222222223,21.6,1.9658842592592591,1.9264999999999999,-104.72,102.0,-18.657824074074075,-174.94,4581,21.208333333333332,58.97777777777778,83.79629629629629,216
20,0.5,1.0,0.3,2.5,3,5,False,19.837222222222223,21.6,1.9658842592592591,1.9264999999999999,-104.72,102.0,-18.657824074074075,-174.94,4581,21.208333333333332,58.97777777777778,83.79629629629629,216
20,0.75,1.0,0.0,2.5,2,5,False,19.83023148148148,19.865000000000002,1.9188888888888889,1.8515000000000001,-97.33,107.27,-19.267222222222223,-172.69,4273,19.78240740740741,56.65277777777778,82.87037037037037,216
20,0.75,1.0,0.0,2.5,5,5,False,19.83023148148148,19.865000000000002,1.9188888888888889,1.8515000000000001,-97.33,107.27,-19.267222222222223,-172.69,4273,19.78240740740741,56.65277777777778,82.87037037037037,216
20,0.75,1.0,0.0,2.5,3,5,False,19.83023148148148,19.865000000000002,1.9188888888888889,1.8515000000000001,-97.33,107.27,-19.267222222222223,-172.69,4273,19.78240740740741,56.65277777777778,82.87037037037037,216
15,0.5,1.0,0.3,1.5,5,7,False,19.81504629629629,20.549999999999997,1.8974814814814815,1.8105,-83.79,132.09,-19.77731481481481,-113.51,6867,31.791666666666668,49.8912037037037,83.79629629629629,216
15,0.5,1.0,0.3,1.5,2,7,False,19.81504629629629,20.549999999999997,1.8974814814814815,1.8105,-83.79,132.09,-19.77731481481481,-113.51,6867,31.791666666666668,49.8912037037037,83.79629629629629,216
15,0.5,1.0,0.3,1.5,3,7,False,19.81504629629629,20.549999999999997,1.8974814814814815,1.8105,-83.79,132.09,-19.77731481481481,-113.51,6867,31.791666666666668,49.8912037037037,83.79629629629629,216
10,0.75,1.5,-0.3,1.5,5,3,False,19.78194444444445,19.085,1.6936851851851853,1.7005,-83.96,115.31,-17.99675925925926,-137.72,6914,32.00925925925926,51.29675925925926,83.33333333333334,216
10,0.75,1.5,-0.3,1.5,3,3,False,19.78194444444445,19.085,1.6936851851851853,1.7005,-83.96,115.31,-17.99675925925926,-137.72,6914,32.00925925925926,51.29675925925926,83.33333333333334,216
10,0.75,1.5,-0.3,1.5,2,3,False,19.78194444444445,19.085,1.6936851851851853,1.7005,-83.96,115.31,-17.99675925925926,-137.72,6914,32.00925925925926,51.29675925925926,83.33333333333334,216
15,0.75,1.0,0.0,1.5,3,7,False,19.778425925925923,21.259999999999998,1.8402685185185186,1.7505,-76.97,145.62,-20.63773148148148,-114.92,6497,30.078703703703702,47.2875,81.01851851851852,216
15,0.75,1.0,0.0,1.5,2,7,False,19.778425925925923,21.259999999999998,1.8402685185185186,1.7505,-76.97,145.62,-20.63773148148148,-114.92,6497,30.078703703703702,47.2875,81.01851851851852,216
15,0.75,1.0,0.0,1.5,5,7,False,19.778425925925923,21.259999999999998,1.8402685185185186,1.7505,-76.97,145.62,-20.63773148148148,-114.92,6497,30.078703703703702,47.2875,81.01851851851852,216
10,0.5,1.5,-0.3,1.5,2,3,False,19.77777777777778,19.405,1.6943425925925923,1.781,-82.2,114.71,-17.890925925925924,-137.72,7429,34.39351851851852,51.476851851851855,83.79629629629629,216
10,0.5,1.5,-0.3,1.5,3,3,False,19.77777777777778,19.405,1.6943425925925923,1.781,-82.2,114.71,-17.890925925925924,-137.72,7429,34.39351851851852,51.476851851851855,83.79629629629629,216
10,0.5,1.5,-0.3,1.5,5,3,False,19.77777777777778,19.405,1.6943425925925923,1.781,-82.2,114.71,-17.890925925925924,-137.72,7429,34.39351851851852,51.476851851851855,83.79629629629629,216
10,0.5,1.5,0.3,2.5,2,3,False,19.77212962962963,19.365000000000002,1.6722916666666667,1.7985,-132.22,119.19,-18.497314814814814,-193.9,5944,27.51851851851852,58.09675925925926,82.87037037037037,216
10,0.5,1.5,0.3,2.5,3,3,False,19.77212962962963,19.365000000000002,1.6722916666666667,1.7985,-132.22,119.19,-18.497314814814814,-193.9,5944,27.51851851851852,58.09675925925926,82.87037037037037,216
10,0.5,1.5,0.3,2.5,5,3,False,19.77212962962963,19.365000000000002,1.6722916666666667,1.7985,-132.22,119.19,-18.497314814814814,-193.9,5944,27.51851851851852,58.09675925925926,82.87037037037037,216
10,0.3,2.0,0.0,2.0,3,5,False,19.735833333333336,18.985,1.5595972222222225,1.5790000000000002,-90.57,100.27,-19.727962962962962,-172.93,5036,23.314814814814813,54.0550925925926,83.33333333333334,216
10,0.3,2.0,0.0,2.0,5,5,False,19.735833333333336,18.985,1.5595972222222225,1.5790000000000002,-90.57,100.27,-19.727962962962962,-172.93,5036,23.314814814814813,54.0550925925926,83.33333333333334,216
10,0.3,2.0,0.0,2.0,2,5,False,19.735833333333336,18.985,1.5595972222222225,1.5790000000000002,-90.57,100.27,-19.727962962962962,-172.93,5036,23.314814814814813,54.0550925925926,83.33333333333334,216
10,0.75,1.5,0.3,1.5,3,3,False,19.728657407407404,20.255000000000003,1.7253703703703702,1.7595,-95.8,114.95,-17.45773148148148,-139.16,6922,32.0462962962963,52.4587962962963,83.79629629629629,216
10,0.75,1.5,0.3,1.5,2,3,False,19.728657407407404,20.255000000000003,1.7253703703703702,1.7595,-95.8,114.95,-17.45773148148148,-139.16,6922,32.0462962962963,52.4587962962963,83.79629629629629,216
10,0.75,1.5,0.3,1.5,5,3,False,19.728657407407404,20.255000000000003,1.7253703703703702,1.7595,-95.8,114.95,-17.45773148148148,-139.16,6922,32.0462962962963,52.4587962962963,83.79629629629629,216
10,0.75,1.5,0.0,1.5,3,3,False,19.723101851851855,19.35,1.7082361111111113,1.776,-93.4,115.56,-17.79837962962963,-137.72,6911,31.99537037037037,51.72453703703704,83.33333333333334,216
10,0.75,1.5,0.0,1.5,2,3,False,19.723101851851855,19.35,1.7082361111111113,1.776,-93.4,115.56,-17.79837962962963,-137.72,6911,31.99537037037037,51.72453703703704,83.33333333333334,216
10,0.75,1.5,0.0,1.5,5,3,False,19.723101851851855,19.35,1.7082361111111113,1.776,-93.4,115.56,-17.79837962962963,-137.72,6911,31.99537037037037,51.72453703703704,83.33333333333334,216
10,0.3,2.0,0.3,2.0,5,5,False,19.683101851851852,19.21,1.606958333333333,1.7065000000000001,-95.5,102.43,-18.971944444444446,-175.63,5135,23.77314814814815,55.8625,83.79629629629629,216
10,0.3,2.0,0.3,2.0,3,5,False,19.683101851851852,19.21,1.606958333333333,1.7065000000000001,-95.5,102.43,-18.971944444444446,-175.63,5135,23.77314814814815,55.8625,83.79629629629629,216
10,0.3,2.0,0.3,2.0,2,5,False,19.683101851851852,19.21,1.606958333333333,1.7065000000000001,-95.5,102.43,-18.971944444444446,-175.63,5135,23.77314814814815,55.8625,83.79629629629629,216
10,0.5,2.0,-0.3,2.0,5,5,False,19.645185185185184,18.405,1.5453611111111112,1.5875,-87.23,94.21,-19.864537037037035,-171.4,4715,21.828703703703702,51.92638888888888,81.01851851851852,216
10,0.5,2.0,-0.3,2.0,2,5,False,19.645185185185184,18.405,1.5453611111111112,1.5875,-87.23,94.21,-19.864537037037035,-171.4,4715,21.828703703703702,51.92638888888888,81.01851851851852,216
10,0.5,2.0,-0.3,2.0,3,5,False,19.645185185185184,18.405,1.5453611111111112,1.5875,-87.23,94.21,-19.864537037037035,-171.4,4715,21.828703703703702,51.92638888888888,81.01851851851852,216
15,0.75,1.0,0.3,1.5,3,5,False,19.63435185185185,19.740000000000002,1.8911574074074073,1.8719999999999999,-73.72,127.87,-19.506990740740743,-114.37,6882,31.86111111111111,50.85370370370371,83.33333333333334,216
15,0.75,1.0,0.3,1.5,2,5,False,19.63435185185185,19.740000000000002,1.8911574074074073,1.8719999999999999,-73.72,127.87,-19.506990740740743,-114.37,6882,31.86111111111111,50.85370370370371,83.33333333333334,216
15,0.75,1.0,0.3,1.5,5,5,False,19.63435185185185,19.740000000000002,1.8911574074074073,1.8719999999999999,-73.72,127.87,-19.506990740740743,-114.37,6882,31.86111111111111,50.85370370370371,83.33333333333334,216
15,0.3,1.5,0.3,2.0,2,7,False,19.628703703703703,23.48,1.8141342592592593,1.8275000000000001,-93.12,120.72,-20.60263888888889,-170.81,4762,22.046296296296298,54.22731481481482,81.94444444444444,216
15,0.3,1.5,0.3,2.0,5,7,False,19.628703703703703,23.48,1.8141342592592593,1.8275000000000001,-93.12,120.72,-20.60263888888889,-170.81,4762,22.046296296296298,54.22731481481482,81.94444444444444,216
15,0.3,1.5,0.3,2.0,3,7,False,19.628703703703703,23.48,1.8141342592592593,1.8275000000000001,-93.12,120.72,-20.60263888888889,-170.81,4762,22.046296296296298,54.22731481481482,81.94444444444444,216
10,0.3,2.0,-0.3,2.0,3,5,False,19.627361111111114,18.405,1.5339305555555556,1.57,-88.76,95.24,-19.857361111111114,-172.93,4975,23.03240740740741,52.0824074074074,81.94444444444444,216
10,0.3,2.0,-0.3,2.0,2,5,False,19.627361111111114,18.405,1.5339305555555556,1.57,-88.76,95.24,-19.857361111111114,-172.93,4975,23.03240740740741,52.0824074074074,81.94444444444444,216
10,0.3,2.0,-0.3,2.0,5,5,False,19.627361111111114,18.405,1.5339305555555556,1.57,-88.76,95.24,-19.857361111111114,-172.93,4975,23.03240740740741,52.0824074074074,81.94444444444444,216
15,0.5,1.5,0.3,2.0,3,7,False,19.62638888888889,22.895000000000003,1.787773148148148,1.8050000000000002,-91.11,120.56,-20.687453703703703,-170.09,4533,20.98611111111111,53.422222222222224,81.48148148148148,216
15,0.5,1.5,0.3,2.0,5,7,False,19.62638888888889,22.895000000000003,1.787773148148148,1.8050000000000002,-91.11,120.56,-20.687453703703703,-170.09,4533,20.98611111111111,53.422222222222224,81.48148148148148,216
15,0.5,1.5,0.3,2.0,2,7,False,19.62638888888889,22.895000000000003,1.787773148148148,1.8050000000000002,-91.11,120.56,-20.687453703703703,-170.09,4533,20.98611111111111,53.422222222222224,81.48148148148148,216
10,0.5,2.0,0.0,1.5,5,7,False,19.620462962962964,19.33,1.6083425925925925,1.638,-59.86,113.54,-19.493101851851854,-154.4,5222,24.175925925925927,49.61064814814816,81.48148148148148,216
10,0.5,2.0,0.0,1.5,3,7,False,19.620462962962964,19.33,1.6083425925925925,1.638,-59.86,113.54,-19.493101851851854,-154.4,5222,24.175925925925927,49.61064814814816,81.48148148148148,216
10,0.5,2.0,0.0,1.5,2,7,False,19.620462962962964,19.33,1.6083425925925925,1.638,-59.86,113.54,-19.493101851851854,-154.4,5222,24.175925925925927,49.61064814814816,81.48148148148148,216
15,0.3,1.0,-0.3,2.5,5,5,False,19.603472222222223,20.525,1.7969444444444445,1.803,-91.81,102.1,-19.97537037037037,-146.7,5253,24.319444444444443,55.578240740740746,79.62962962962963,216
15,0.3,1.0,-0.3,2.5,2,5,False,19.603472222222223,20.525,1.7969444444444445,1.803,-91.81,102.1,-19.97537037037037,-146.7,5253,24.319444444444443,55.578240740740746,79.62962962962963,216
15,0.3,1.0,-0.3,2.5,3,5,False,19.603472222222223,20.525,1.7969444444444445,1.803,-91.81,102.1,-19.97537037037037,-146.7,5253,24.319444444444443,55.578240740740746,79.62962962962963,216
10,0.5,1.5,0.3,1.5,3,3,False,19.579675925925923,19.835,1.714740740740741,1.7805,-94.93,114.35,-17.46199074074074,-139.16,7468,34.574074074074076,53.115277777777784,83.33333333333334,216
10,0.5,1.5,0.3,1.5,2,3,False,19.579675925925923,19.835,1.714740740740741,1.7805,-94.93,114.35,-17.46199074074074,-139.16,7468,34.574074074074076,53.115277777777784,83.33333333333334,216
10,0.5,1.5,0.3,1.5,5,3,False,19.579675925925923,19.835,1.714740740740741,1.7805,-94.93,114.35,-17.46199074074074,-139.16,7468,34.574074074074076,53.115277777777784,83.33333333333334,216
15,0.75,1.0,0.0,1.5,5,5,False,19.56972222222222,20.47,1.8435185185185188,1.868,-72.49,123.98,-20.19152777777778,-113.39,6843,31.680555555555557,49.473611111111104,81.48148148148148,216
15,0.75,1.0,0.0,1.5,3,5,False,19.56972222222222,20.47,1.8435185185185188,1.868,-72.49,123.98,-20.19152777777778,-113.39,6843,31.680555555555557,49.473611111111104,81.48148148148148,216
15,0.75,1.0,0.0,1.5,2,5,False,19.56972222222222,20.47,1.8435185185185188,1.868,-72.49,123.98,-20.19152777777778,-113.39,6843,31.680555555555557,49.473611111111104,81.48148148148148,216
15,0.5,1.0,0.0,1.5,5,7,False,19.531574074074072,21.47,1.8294305555555554,1.672,-80.47,145.69,-20.729537037037037,-114.92,6752,31.25925925925926,47.523611111111116,82.4074074074074,216
15,0.5,1.0,0.0,1.5,2,7,False,19.531574074074072,21.47,1.8294305555555554,1.672,-80.47,145.69,-20.729537037037037,-114.92,6752,31.25925925925926,47.523611111111116,82.4074074074074,216
15,0.5,1.0,0.0,1.5,3,7,False,19.531574074074072,21.47,1.8294305555555554,1.672,-80.47,145.69,-20.729537037037037,-114.92,6752,31.25925925925926,47.523611111111116,82.4074074074074,216
10,0.5,1.5,0.0,2.5,5,3,False,19.51550925925926,18.4,1.6381944444444445,1.7414999999999998,-129.77,119.81,-18.954675925925926,-192.46,5904,27.333333333333332,57.095370370370375,82.87037037037037,216
10,0.5,1.5,0.0,2.5,2,3,False,19.51550925925926,18.4,1.6381944444444445,1.7414999999999998,-129.77,119.81,-18.954675925925926,-192.46,5904,27.333333333333332,57.095370370370375,82.87037037037037,216
10,0.5,1.5,0.0,2.5,3,3,False,19.51550925925926,18.4,1.6381944444444445,1.7414999999999998,-129.77,119.81,-18.954675925925926,-192.46,5904,27.333333333333332,57.095370370370375,82.87037037037037,216
15,0.5,1.0,0.0,1.5,5,5,False,19.49648148148148,20.515,1.8407638888888889,1.8675000000000002,-93.46,124.04,-20.146250000000002,-113.39,7140,33.05555555555556,49.6449074074074,81.94444444444444,216
15,0.5,1.0,0.0,1.5,2,5,False,19.49648148148148,20.515,1.8407638888888889,1.8675000000000002,-93.46,124.04,-20.146250000000002,-113.39,7140,33.05555555555556,49.6449074074074,81.94444444444444,216
15,0.5,1.0,0.0,1.5,3,5,False,19.49648148148148,20.515,1.8407638888888889,1.8675000000000002,-93.46,124.04,-20.146250000000002,-113.39,7140,33.05555555555556,49.6449074074074,81.94444444444444,216
15,0.5,1.5,0.0,2.0,5,7,False,19.478888888888893,21.115000000000002,1.74937037037037,1.734,-88.93,109.96,-21.572731481481483,-160.41,4447,20.587962962962962,51.15601851851852,79.16666666666666,216
15,0.5,1.5,0.0,2.0,2,7,False,19.478888888888893,21.115000000000002,1.74937037037037,1.734,-88.93,109.96,-21.572731481481483,-160.41,4447,20.587962962962962,51.15601851851852,79.16666666666666,216
15,0.5,1.5,0.0,2.0,3,7,False,19.478888888888893,21.115000000000002,1.74937037037037,1.734,-88.93,109.96,-21.572731481481483,-160.41,4447,20.587962962962962,51.15601851851852,79.16666666666666,216
15,0.3,1.5,0.3,2.5,2,7,False,19.46337962962963,21.549999999999997,1.7753703703703703,1.8359999999999999,-93.13,115.54,-20.297037037037036,-172.83,4109,19.02314814814815,59.45,81.94444444444444,216
15,0.3,1.5,0.3,2.5,5,7,False,19.46337962962963,21.549999999999997,1.7753703703703703,1.8359999999999999,-93.13,115.54,-20.297037037037036,-172.83,4109,19.02314814814815,59.45,81.94444444444444,216
15,0.3,1.5,0.3,2.5,3,7,False,19.46337962962963,21.549999999999997,1.7753703703703703,1.8359999999999999,-93.13,115.54,-20.297037037037036,-172.83,4109,19.02314814814815,59.45,81.94444444444444,216
10,0.3,1.5,0.3,2.5,2,3,False,19.440879629629627,18.555,1.6604814814814814,1.796,-133.74,120.38,-18.47587962962963,-195.43,6300,29.166666666666668,58.34444444444445,81.94444444444444,216
10,0.3,1.5,0.3,2.5,3,3,False,19.440879629629627,18.555,1.6604814814814814,1.796,-133.74,120.38,-18.47587962962963,-195.43,6300,29.166666666666668,58.34444444444445,81.94444444444444,216
10,0.3,1.5,0.3,2.5,5,3,False,19.440879629629627,18.555,1.6604814814814814,1.796,-133.74,120.38,-18.47587962962963,-195.43,6300,29.166666666666668,58.34444444444445,81.94444444444444,216
10,0.5,1.5,0.0,2.0,3,3,False,19.432083333333335,19.205,1.6500046296296296,1.7085,-118.17,117.28,-18.733148148148146,-180.86,6374,29.50925925925926,54.601388888888884,85.64814814814815,216
10,0.5,1.5,0.0,2.0,2,3,False,19.432083333333335,19.205,1.6500046296296296,1.7085,-118.17,117.28,-18.733148148148146,-180.86,6374,29.50925925925926,54.601388888888884,85.64814814814815,216
10,0.5,1.5,0.0,2.0,5,3,False,19.432083333333335,19.205,1.6500046296296296,1.7085,-118.17,117.28,-18.733148148148146,-180.86,6374,29.50925925925926,54.601388888888884,85.64814814814815,216
10,0.5,1.5,-0.3,2.5,5,3,False,19.421111111111113,18.28,1.6217222222222223,1.6885,-125.91,119.56,-19.017916666666665,-192.46,5896,27.296296296296298,56.26203703703704,82.87037037037037,216
10,0.5,1.5,-0.3,2.5,3,3,False,19.421111111111113,18.28,1.6217222222222223,1.6885,-125.91,119.56,-19.017916666666665,-192.46,5896,27.296296296296298,56.26203703703704,82.87037037037037,216
10,0.5,1.5,-0.3,2.5,2,3,False,19.421111111111113,18.28,1.6217222222222223,1.6885,-125.91,119.56,-19.017916666666665,-192.46,5896,27.296296296296298,56.26203703703704,82.87037037037037,216
15,0.75,1.0,-0.3,1.5,3,7,False,19.403935185185187,20.8,1.7682175925925927,1.7675,-71.3,135.67,-21.127407407407404,-140.51,6446,29.84259259259259,45.848611111111104,79.62962962962963,216
15,0.75,1.0,-0.3,1.5,2,7,False,19.403935185185187,20.8,1.7682175925925927,1.7675,-71.3,135.67,-21.127407407407404,-140.51,6446,29.84259259259259,45.848611111111104,79.62962962962963,216
15,0.75,1.0,-0.3,1.5,5,7,False,19.403935185185187,20.8,1.7682175925925927,1.7675,-71.3,135.67,-21.127407407407404,-140.51,6446,29.84259259259259,45.848611111111104,79.62962962962963,216
15,0.5,1.0,0.3,1.5,2,5,False,19.39435185185185,19.915,1.8787175925925925,1.8780000000000001,-93.62,127.41,-19.58962962962963,-114.37,7211,33.38425925925926,51.24675925925926,83.33333333333334,216
15,0.5,1.0,0.3,1.5,3,5,False,19.39435185185185,19.915,1.8787175925925925,1.8780000000000001,-93.62,127.41,-19.58962962962963,-114.37,7211,33.38425925925926,51.24675925925926,83.33333333333334,216
15,0.5,1.0,0.3,1.5,5,5,False,19.39435185185185,19.915,1.8787175925925925,1.8780000000000001,-93.62,127.41,-19.58962962962963,-114.37,7211,33.38425925925926,51.24675925925926,83.33333333333334,216
20,0.3,1.0,0.3,2.5,5,5,False,19.380138888888887,20.285,1.9536712962962963,1.9024999999999999,-94.14,99.32,-18.689675925925926,-174.94,4862,22.50925925925926,59.968055555555566,84.72222222222221,216
20,0.3,1.0,0.3,2.5,3,5,False,19.380138888888887,20.285,1.9536712962962963,1.9024999999999999,-94.14,99.32,-18.689675925925926,-174.94,4862,22.50925925925926,59.968055555555566,84.72222222222221,216
20,0.3,1.0,0.3,2.5,2,5,False,19.380138888888887,20.285,1.9536712962962963,1.9024999999999999,-94.14,99.32,-18.689675925925926,-174.94,4862,22.50925925925926,59.968055555555566,84.72222222222221,216
10,0.3,2.0,0.3,2.5,5,5,False,19.372314814814814,18.655,1.5689629629629631,1.641,-88.99,103.81,-19.289768518518517,-187.23,4576,21.185185185185187,59.78842592592593,81.48148148148148,216
10,0.3,2.0,0.3,2.5,3,5,False,19.372314814814814,18.655,1.5689629629629631,1.641,-88.99,103.81,-19.289768518518517,-187.23,4576,21.185185185185187,59.78842592592593,81.48148148148148,216
10,0.3,2.0,0.3,2.5,2,5,False,19.372314814814814,18.655,1.5689629629629631,1.641,-88.99,103.81,-19.289768518518517,-187.23,4576,21.185185185185187,59.78842592592593,81.48148148148148,216
15,0.5,1.0,-0.3,2.5,5,5,False,19.350046296296295,21.15,1.7512592592592588,1.799,-90.32,106.35,-20.165601851851854,-148.2,5011,23.199074074074073,55.280555555555566,79.62962962962963,216
15,0.5,1.0,-0.3,2.5,3,5,False,19.350046296296295,21.15,1.7512592592592588,1.799,-90.32,106.35,-20.165601851851854,-148.2,5011,23.199074074074073,55.280555555555566,79.62962962962963,216
15,0.5,1.0,-0.3,2.5,2,5,False,19.350046296296295,21.15,1.7512592592592588,1.799,-90.32,106.35,-20.165601851851854,-148.2,5011,23.199074074074073,55.280555555555566,79.62962962962963,216
15,0.75,1.5,-0.3,2.5,5,7,False,19.343472222222225,20.325000000000003,1.7016759259259258,1.7165,-89.23,105.2,-21.87138888888889,-166.4,3531,16.34722222222222,53.71296296296296,78.70370370370371,216
15,0.75,1.5,-0.3,2.5,2,7,False,19.343472222222225,20.325000000000003,1.7016759259259258,1.7165,-89.23,105.2,-21.87138888888889,-166.4,3531,16.34722222222222,53.71296296296296,78.70370370370371,216
15,0.75,1.5,-0.3,2.5,3,7,False,19.343472222222225,20.325000000000003,1.7016759259259258,1.7165,-89.23,105.2,-21.87138888888889,-166.4,3531,16.34722222222222,53.71296296296296,78.70370370370371,216
10,0.3,2.0,0.0,1.5,3,7,False,19.323703703703703,19.4,1.5958935185185184,1.615,-59.44,113.74,-19.555648148148148,-154.4,5468,25.314814814814813,49.645833333333336,81.94444444444444,216
10,0.3,2.0,0.0,1.5,5,7,False,19.323703703703703,19.4,1.5958935185185184,1.615,-59.44,113.74,-19.555648148148148,-154.4,5468,25.314814814814813,49.645833333333336,81.94444444444444,216
10,0.3,2.0,0.0,1.5,2,7,False,19.323703703703703,19.4,1.5958935185185184,1.615,-59.44,113.74,-19.555648148148148,-154.4,5468,25.314814814814813,49.645833333333336,81.94444444444444,216
15,0.75,1.0,-0.3,1.5,5,5,False,19.31912037037037,20.275,1.800185185185185,1.762,-69.72,109.62,-20.236666666666665,-131.61,6816,31.555555555555557,48.653703703703705,79.62962962962963,216
15,0.75,1.0,-0.3,1.5,2,5,False,19.31912037037037,20.275,1.800185185185185,1.762,-69.72,109.62,-20.236666666666665,-131.61,6816,31.555555555555557,48.653703703703705,79.62962962962963,216
15,0.75,1.0,-0.3,1.5,3,5,False,19.31912037037037,20.275,1.800185185185185,1.762,-69.72,109.62,-20.236666666666665,-131.61,6816,31.555555555555557,48.653703703703705,79.62962962962963,216
20,0.5,1.0,0.0,2.5,3,5,False,19.31805555555556,19.845,1.8939351851851853,1.8465,-97.33,107.4,-19.121944444444445,-172.69,4532,20.98148148148148,57.2263888888889,83.79629629629629,216
20,0.5,1.0,0.0,2.5,5,5,False,19.31805555555556,19.845,1.8939351851851853,1.8465,-97.33,107.4,-19.121944444444445,-172.69,4532,20.98148148148148,57.2263888888889,83.79629629629629,216
20,0.5,1.0,0.0,2.5,2,5,False,19.31805555555556,19.845,1.8939351851851853,1.8465,-97.33,107.4,-19.121944444444445,-172.69,4532,20.98148148148148,57.2263888888889,83.79629629629629,216
15,0.75,1.5,-0.3,2.0,2,7,False,19.317777777777778,22.18,1.669476851851852,1.7635,-91.13,98.66,-21.973611111111108,-166.1,4159,19.25462962962963,49.17638888888889,79.16666666666666,216
15,0.75,1.5,-0.3,2.0,3,7,False,19.317777777777778,22.18,1.669476851851852,1.7635,-91.13,98.66,-21.973611111111108,-166.1,4159,19.25462962962963,49.17638888888889,79.16666666666666,216
15,0.75,1.5,-0.3,2.0,5,7,False,19.317777777777778,22.18,1.669476851851852,1.7635,-91.13,98.66,-21.973611111111108,-166.1,4159,19.25462962962963,49.17638888888889,79.16666666666666,216
20,0.3,1.0,0.0,2.5,2,3,False,19.313796296296296,20.105,2.0065648148148147,1.908,-81.82,109.67,-17.9787037037037,-120.8,6142,28.435185185185187,58.047222222222224,84.72222222222221,216
20,0.3,1.0,0.0,2.5,3,3,False,19.313796296296296,20.105,2.0065648148148147,1.908,-81.82,109.67,-17.9787037037037,-120.8,6142,28.435185185185187,58.047222222222224,84.72222222222221,216
20,0.3,1.0,0.0,2.5,5,3,False,19.313796296296296,20.105,2.0065648148148147,1.908,-81.82,109.67,-17.9787037037037,-120.8,6142,28.435185185185187,58.047222222222224,84.72222222222221,216
20,0.75,1.0,0.0,2.5,3,3,False,19.312222222222225,19.895,1.9942314814814817,1.8365,-83.76,112.75,-18.130416666666665,-121.31,5378,24.89814814814815,57.43888888888888,83.33333333333334,216
20,0.75,1.0,0.0,2.5,2,3,False,19.312222222222225,19.895,1.9942314814814817,1.8365,-83.76,112.75,-18.130416666666665,-121.31,5378,24.89814814814815,57.43888888888888,83.33333333333334,216
20,0.75,1.0,0.0,2.5,5,3,False,19.312222222222225,19.895,1.9942314814814817,1.8365,-83.76,112.75,-18.130416666666665,-121.31,5378,24.89814814814815,57.43888888888888,83.33333333333334,216
20,0.75,1.0,0.3,2.0,2,7,False,19.309675925925927,21.57,1.8758379629629631,1.7885,-96.68,114.7,-20.280231481481483,-178.2,4448,20.59259259259259,53.231944444444444,82.87037037037037,216
20,0.75,1.0,0.3,2.0,5,7,False,19.309675925925927,21.57,1.8758379629629631,1.7885,-96.68,114.7,-20.280231481481483,-178.2,4448,20.59259259259259,53.231944444444444,82.87037037037037,216
20,0.75,1.0,0.3,2.0,3,7,False,19.309675925925927,21.57,1.8758379629629631,1.7885,-96.68,114.7,-20.280231481481483,-178.2,4448,20.59259259259259,53.231944444444444,82.87037037037037,216
10,0.3,2.0,0.0,2.5,5,5,False,19.30736111111111,18.549999999999997,1.5646944444444446,1.7055,-85.99,101.65,-19.944398148148146,-184.53,4475,20.71759259259259,57.95092592592593,81.48148148148148,216
10,0.3,2.0,0.0,2.5,2,5,False,19.30736111111111,18.549999999999997,1.5646944444444446,1.7055,-85.99,101.65,-19.944398148148146,-184.53,4475,20.71759259259259,57.95092592592593,81.48148148148148,216
10,0.3,2.0,0.0,2.5,3,5,False,19.30736111111111,18.549999999999997,1.5646944444444446,1.7055,-85.99,101.65,-19.944398148148146,-184.53,4475,20.71759259259259,57.95092592592593,81.48148148148148,216
20,0.5,1.0,0.0,2.5,5,3,False,19.306435185185183,20.15,1.9923796296296297,1.8944999999999999,-83.15,112.34,-18.08527777777778,-121.31,5758,26.65740740740741,57.67962962962964,84.25925925925925,216
20,0.5,1.0,0.0,2.5,2,3,False,19.306435185185183,20.15,1.9923796296296297,1.8944999999999999,-83.15,112.34,-18.08527777777778,-121.31,5758,26.65740740740741,57.67962962962964,84.25925925925925,216
20,0.5,1.0,0.0,2.5,3,3,False,19.306435185185183,20.15,1.9923796296296297,1.8944999999999999,-83.15,112.34,-18.08527777777778,-121.31,5758,26.65740740740741,57.67962962962964,84.25925925925925,216
15,0.5,1.0,-0.3,1.5,2,7,False,19.30541666666667,21.009999999999998,1.7554768518518518,1.7885,-73.78,136.07,-21.057222222222226,-140.51,6682,30.935185185185187,45.85740740740741,79.62962962962963,216
15,0.5,1.0,-0.3,1.5,3,7,False,19.30541666666667,21.009999999999998,1.7554768518518518,1.7885,-73.78,136.07,-21.057222222222226,-140.51,6682,30.935185185185187,45.85740740740741,79.62962962962963,216
15,0.5,1.0,-0.3,1.5,5,7,False,19.30541666666667,21.009999999999998,1.7554768518518518,1.7885,-73.78,136.07,-21.057222222222226,-140.51,6682,30.935185185185187,45.85740740740741,79.62962962962963,216
15,0.3,1.0,0.0,2.5,5,5,False,19.29986111111111,20.035,1.8320092592592592,1.8225,-95.72,106.75,-19.878657407407406,-145.64,5325,24.65277777777778,57.17731481481482,79.16666666666666,216
15,0.3,1.0,0.0,2.5,3,5,False,19.29986111111111,20.035,1.8320092592592592,1.8225,-95.72,106.75,-19.878657407407406,-145.64,5325,24.65277777777778,57.17731481481482,79.16666666666666,216
15,0.3,1.0,0.0,2.5,2,5,False,19.29986111111111,20.035,1.8320092592592592,1.8225,-95.72,106.75,-19.878657407407406,-145.64,5325,24.65277777777778,57.17731481481482,79.16666666666666,216
20,0.3,1.0,-0.3,2.5,5,3,False,19.291712962962965,19.27,1.9995972222222222,1.904,-81.43,111.16,-18.10013888888889,-120.6,6120,28.333333333333332,57.25972222222222,84.25925925925925,216
20,0.3,1.0,-0.3,2.5,3,3,False,19.291712962962965,19.27,1.9995972222222222,1.904,-81.43,111.16,-18.10013888888889,-120.6,6120,28.333333333333332,57.25972222222222,84.25925925925925,216
20,0.3,1.0,-0.3,2.5,2,3,False,19.291712962962965,19.27,1.9995972222222222,1.904,-81.43,111.16,-18.10013888888889,-120.6,6120,28.333333333333332,57.25972222222222,84.25925925925925,216
20,0.75,1.0,-0.3,2.5,5,5,False,19.280370370370374,19.975,1.8859537037037037,1.795,-97.33,107.51,-19.667777777777783,-172.69,4253,19.689814814814813,55.64259259259259,80.55555555555556,216
20,0.75,1.0,-0.3,2.5,2,5,False,19.280370370370374,19.975,1.8859537037037037,1.795,-97.33,107.51,-19.667777777777783,-172.69,4253,19.689814814814813,55.64259259259259,80.55555555555556,216
20,0.75,1.0,-0.3,2.5,3,5,False,19.280370370370374,19.975,1.8859537037037037,1.795,-97.33,107.51,-19.667777777777783,-172.69,4253,19.689814814814813,55.64259259259259,80.55555555555556,216
10,0.3,1.5,-0.3,2.5,5,3,False,19.254722222222224,18.825,1.6105231481481481,1.7165,-127.44,121.12,-18.99916666666667,-193.99,6254,28.953703703703702,56.14305555555556,82.4074074074074,216
10,0.3,1.5,-0.3,2.5,2,3,False,19.254722222222224,18.825,1.6105231481481481,1.7165,-127.44,121.12,-18.99916666666667,-193.99,6254,28.953703703703702,56.14305555555556,82.4074074074074,216
10,0.3,1.5,-0.3,2.5,3,3,False,19.254722222222224,18.825,1.6105231481481481,1.7165,-127.44,121.12,-18.99916666666667,-193.99,6254,28.953703703703702,56.14305555555556,82.4074074074074,216
15,0.75,1.0,0.0,2.0,5,3,False,19.25240740740741,21.59,1.9110787037037038,1.908,-84.19,123.43,-19.270740740740738,-113.39,6471,29.958333333333332,54.64537037037036,82.4074074074074,216
15,0.75,1.0,0.0,2.0,2,3,False,19.25240740740741,21.59,1.9110787037037038,1.908,-84.19,123.43,-19.270740740740738,-113.39,6471,29.958333333333332,54.64537037037036,82.4074074074074,216
15,0.75,1.0,0.0,2.0,3,3,False,19.25240740740741,21.59,1.9110787037037038,1.908,-84.19,123.43,-19.270740740740738,-113.39,6471,29.958333333333332,54.64537037037036,82.4074074074074,216
10,0.3,1.5,0.0,2.0,2,3,False,19.23972222222222,19.015,1.6363055555555557,1.6989999999999998,-119.69,118.78,-18.650185185185183,-182.39,6734,31.175925925925927,54.831944444444446,85.18518518518519,216
10,0.3,1.5,0.0,2.0,5,3,False,19.23972222222222,19.015,1.6363055555555557,1.6989999999999998,-119.69,118.78,-18.650185185185183,-182.39,6734,31.175925925925927,54.831944444444446,85.18518518518519,216
10,0.3,1.5,0.0,2.0,3,3,False,19.23972222222222,19.015,1.6363055555555557,1.6989999999999998,-119.69,118.78,-18.650185185185183,-182.39,6734,31.175925925925927,54.831944444444446,85.18518518518519,216
15,0.75,1.5,0.0,2.5,2,5,False,19.23851851851852,20.51,1.8044814814814816,1.7295,-74.88,105.08,-19.822546296296295,-144.06,3898,18.046296296296298,56.68796296296296,81.01851851851852,216
15,0.75,1.5,0.0,2.5,5,5,False,19.23851851851852,20.51,1.8044814814814816,1.7295,-74.88,105.08,-19.822546296296295,-144.06,3898,18.046296296296298,56.68796296296296,81.01851851851852,216
15,0.75,1.5,0.0,2.5,3,5,False,19.23851851851852,20.51,1.8044814814814816,1.7295,-74.88,105.08,-19.822546296296295,-144.06,3898,18.046296296296298,56.68796296296296,81.01851851851852,216
15,0.75,1.0,0.0,2.5,3,3,False,19.232361111111114,19.96,1.9019768518518518,1.8155000000000001,-84.19,123.18,-19.11375,-113.39,5973,27.65277777777778,56.66157407407408,81.48148148148148,216
15,0.75,1.0,0.0,2.5,2,3,False,19.232361111111114,19.96,1.9019768518518518,1.8155000000000001,-84.19,123.18,-19.11375,-113.39,5973,27.65277777777778,56.66157407407408,81.48148148148148,216
15,0.75,1.0,0.0,2.5,5,3,False,19.232361111111114,19.96,1.9019768518518518,1.8155000000000001,-84.19,123.18,-19.11375,-113.39,5973,27.65277777777778,56.66157407407408,81.48148148148148,216
15,0.75,1.0,0.3,2.0,5,3,False,19.221111111111114,20.005000000000003,1.9035694444444444,1.8780000000000001,-84.19,119.19,-19.00222222222222,-113.39,6485,30.02314814814815,55.57175925925926,81.01851851851852,216
15,0.75,1.0,0.3,2.0,3,3,False,19.221111111111114,20.005000000000003,1.9035694444444444,1.8780000000000001,-84.19,119.19,-19.00222222222222,-113.39,6485,30.02314814814815,55.57175925925926,81.01851851851852,216
15,0.75,1.0,0.3,2.0,2,3,False,19.221111111111114,20.005000000000003,1.9035694444444444,1.8780000000000001,-84.19,119.19,-19.00222222222222,-113.39,6485,30.02314814814815,55.57175925925926,81.01851851851852,216
20,0.3,1.0,0.3,2.5,5,3,False,19.208611111111107,19.895,2.0379814814814816,1.9565000000000001,-85.06,104.4,-17.82111111111111,-122.66,6163,28.53240740740741,59.32685185185184,84.25925925925925,216
20,0.3,1.0,0.3,2.5,3,3,False,19.208611111111107,19.895,2.0379814814814816,1.9565000000000001,-85.06,104.4,-17.82111111111111,-122.66,6163,28.53240740740741,59.32685185185184,84.25925925925925,216
20,0.3,1.0,0.3,2.5,2,3,False,19.208611111111107,19.895,2.0379814814814816,1.9565000000000001,-85.06,104.4,-17.82111111111111,-122.66,6163,28.53240740740741,59.32685185185184,84.25925925925925,216
10,0.3,1.5,0.0,2.5,5,3,False,19.20671296296296,18.465,1.6195000000000002,1.7959999999999998,-131.29,121.31,-18.921944444444446,-193.99,6264,29.0,57.19537037037038,82.4074074074074,216
10,0.3,1.5,0.0,2.5,3,3,False,19.20671296296296,18.465,1.6195000000000002,1.7959999999999998,-131.29,121.31,-18.921944444444446,-193.99,6264,29.0,57.19537037037038,82.4074074074074,216
10,0.3,1.5,0.0,2.5,2,3,False,19.20671296296296,18.465,1.6195000000000002,1.7959999999999998,-131.29,121.31,-18.921944444444446,-193.99,6264,29.0,57.19537037037038,82.4074074074074,216
15,0.5,1.0,0.0,2.5,5,5,False,19.20541666666666,20.435,1.7856342592592593,1.8014999999999999,-94.23,107.67,-20.045925925925925,-147.14,5069,23.46759259259259,56.662499999999994,79.16666666666666,216
15,0.5,1.0,0.0,2.5,3,5,False,19.20541666666666,20.435,1.7856342592592593,1.8014999999999999,-94.23,107.67,-20.045925925925925,-147.14,5069,23.46759259259259,56.662499999999994,79.16666666666666,216
15,0.5,1.0,0.0,2.5,2,5,False,19.20541666666666,20.435,1.7856342592592593,1.8014999999999999,-94.23,107.67,-20.045925925925925,-147.14,5069,23.46759259259259,56.662499999999994,79.16666666666666,216
10,0.5,1.5,-0.3,2.0,2,3,False,19.188935185185187,18.64,1.6259583333333334,1.659,-114.31,117.03,-18.917824074074073,-180.86,6370,29.49074074074074,53.791203703703694,83.33333333333334,216
10,0.5,1.5,-0.3,2.0,3,3,False,19.188935185185187,18.64,1.6259583333333334,1.659,-114.31,117.03,-18.917824074074073,-180.86,6370,29.49074074074074,53.791203703703694,83.33333333333334,216
10,0.5,1.5,-0.3,2.0,5,3,False,19.188935185185187,18.64,1.6259583333333334,1.659,-114.31,117.03,-18.917824074074073,-180.86,6370,29.49074074074074,53.791203703703694,83.33333333333334,216
15,0.5,1.0,0.3,2.5,3,5,False,19.178703703703704,20.54,1.836050925925926,1.8679999999999999,-94.38,111.51,-19.51287037037037,-143.6,5164,23.90740740740741,58.98148148148148,81.01851851851852,216
15,0.5,1.0,0.3,2.5,2,5,False,19.178703703703704,20.54,1.836050925925926,1.8679999999999999,-94.38,111.51,-19.51287037037037,-143.6,5164,23.90740740740741,58.98148148148148,81.01851851851852,216
15,0.5,1.0,0.3,2.5,5,5,False,19.178703703703704,20.54,1.836050925925926,1.8679999999999999,-94.38,111.51,-19.51287037037037,-143.6,5164,23.90740740740741,58.98148148148148,81.01851851851852,216
10,0.5,1.5,0.3,2.0,5,3,False,19.174907407407407,19.259999999999998,1.654680555555556,1.6785,-120.62,116.66,-18.324814814814815,-182.3,6416,29.703703703703702,55.508796296296296,84.72222222222221,216
10,0.5,1.5,0.3,2.0,3,3,False,19.174907407407407,19.259999999999998,1.654680555555556,1.6785,-120.62,116.66,-18.324814814814815,-182.3,6416,29.703703703703702,55.508796296296296,84.72222222222221,216
10,0.5,1.5,0.3,2.0,2,3,False,19.174907407407407,19.259999999999998,1.654680555555556,1.6785,-120.62,116.66,-18.324814814814815,-182.3,6416,29.703703703703702,55.508796296296296,84.72222222222221,216
20,0.5,1.0,-0.3,2.5,2,3,False,19.16800925925926,19.365000000000002,1.9815462962962964,1.859,-83.15,113.83,-18.219629629629626,-121.31,5740,26.574074074074073,57.18055555555556,83.79629629629629,216
20,0.5,1.0,-0.3,2.5,3,3,False,19.16800925925926,19.365000000000002,1.9815462962962964,1.859,-83.15,113.83,-18.219629629629626,-121.31,5740,26.574074074074073,57.18055555555556,83.79629629629629,216
20,0.5,1.0,-0.3,2.5,5,3,False,19.16800925925926,19.365000000000002,1.9815462962962964,1.859,-83.15,113.83,-18.219629629629626,-121.31,5740,26.574074074074073,57.18055555555556,83.79629629629629,216
10,0.5,2.0,-0.3,1.5,2,7,False,19.15361111111111,18.92,1.5696435185185185,1.552,-55.93,107.38,-19.89953703703704,-154.4,5157,23.875,47.666666666666664,80.0925925925926,216
10,0.5,2.0,-0.3,1.5,5,7,False,19.15361111111111,18.92,1.5696435185185185,1.552,-55.93,107.38,-19.89953703703704,-154.4,5157,23.875,47.666666666666664,80.0925925925926,216
10,0.5,2.0,-0.3,1.5,3,7,False,19.15361111111111,18.92,1.5696435185185185,1.552,-55.93,107.38,-19.89953703703704,-154.4,5157,23.875,47.666666666666664,80.0925925925926,216
15,0.5,1.0,0.3,2.0,5,3,False,19.150416666666665,20.305,1.9247453703703703,1.9095,-101.7,124.99,-19.083425925925923,-113.39,6915,32.013888888888886,55.895833333333336,81.48148148148148,216
15,0.5,1.0,0.3,2.0,3,3,False,19.150416666666665,20.305,1.9247453703703703,1.9095,-101.7,124.99,-19.083425925925923,-113.39,6915,32.013888888888886,55.895833333333336,81.48148148148148,216
15,0.5,1.0,0.3,2.0,2,3,False,19.150416666666665,20.305,1.9247453703703703,1.9095,-101.7,124.99,-19.083425925925923,-113.39,6915,32.013888888888886,55.895833333333336,81.48148148148148,216
15,0.5,1.0,0.0,2.0,3,3,False,19.14305555555556,21.365000000000002,1.926185185185185,1.873,-101.7,129.23,-19.341018518518517,-113.39,6887,31.88425925925926,54.50416666666666,82.4074074074074,216
15,0.5,1.0,0.0,2.0,5,3,False,19.14305555555556,21.365000000000002,1.926185185185185,1.873,-101.7,129.23,-19.341018518518517,-113.39,6887,31.88425925925926,54.50416666666666,82.4074074074074,216
15,0.5,1.0,0.0,2.0,2,3,False,19.14305555555556,21.365000000000002,1.926185185185185,1.873,-101.7,129.23,-19.341018518518517,-113.39,6887,31.88425925925926,54.50416666666666,82.4074074074074,216
20,0.75,1.0,-0.3,2.5,3,3,False,19.141620370370372,19.445,1.9781388888888887,1.8455,-83.76,114.02,-18.312361111111112,-121.31,5365,24.837962962962962,57.12824074074074,82.4074074074074,216
20,0.75,1.0,-0.3,2.5,2,3,False,19.141620370370372,19.445,1.9781388888888887,1.8455,-83.76,114.02,-18.312361111111112,-121.31,5365,24.837962962962962,57.12824074074074,82.4074074074074,216
20,0.75,1.0,-0.3,2.5,5,3,False,19.141620370370372,19.445,1.9781388888888887,1.8455,-83.76,114.02,-18.312361111111112,-121.31,5365,24.837962962962962,57.12824074074074,82.4074074074074,216
15,0.5,1.0,-0.3,1.5,3,5,False,19.13925925925926,20.75,1.7848796296296296,1.7610000000000001,-90.19,112.33,-20.20671296296296,-131.61,7096,32.851851851851855,48.572222222222216,79.62962962962963,216
15,0.5,1.0,-0.3,1.5,2,5,False,19.13925925925926,20.75,1.7848796296296296,1.7610000000000001,-90.19,112.33,-20.20671296296296,-131.61,7096,32.851851851851855,48.572222222222216,79.62962962962963,216
15,0.5,1.0,-0.3,1.5,5,5,False,19.13925925925926,20.75,1.7848796296296296,1.7610000000000001,-90.19,112.33,-20.20671296296296,-131.61,7096,32.851851851851855,48.572222222222216,79.62962962962963,216
20,0.5,1.0,0.3,2.5,3,3,False,19.11259259259259,20.89,2.0199351851851852,1.959,-86.46,107.08,-17.92546296296296,-122.81,5769,26.708333333333332,58.581481481481475,82.87037037037037,216
20,0.5,1.0,0.3,2.5,2,3,False,19.11259259259259,20.89,2.0199351851851852,1.959,-86.46,107.08,-17.92546296296296,-122.81,5769,26.708333333333332,58.581481481481475,82.87037037037037,216
20,0.5,1.0,0.3,2.5,5,3,False,19.11259259259259,20.89,2.0199351851851852,1.959,-86.46,107.08,-17.92546296296296,-122.81,5769,26.708333333333332,58.581481481481475,82.87037037037037,216
15,0.5,1.0,0.3,2.5,2,3,False,19.108472222222222,19.92,1.917449074074074,1.9115,-101.7,119.32,-18.94412037037037,-113.39,6410,29.675925925925927,57.972685185185185,82.4074074074074,216
15,0.5,1.0,0.3,2.5,5,3,False,19.108472222222222,19.92,1.917449074074074,1.9115,-101.7,119.32,-18.94412037037037,-113.39,6410,29.675925925925927,57.972685185185185,82.4074074074074,216
15,0.5,1.0,0.3,2.5,3,3,False,19.108472222222222,19.92,1.917449074074074,1.9115,-101.7,119.32,-18.94412037037037,-113.39,6410,29.675925925925927,57.972685185185185,82.4074074074074,216
15,0.5,1.5,0.0,2.5,5,7,False,19.09962962962963,20.990000000000002,1.725666666666667,1.7555,-87.19,122.45,-21.23226851851852,-164.56,3806,17.62037037037037,56.1625,79.62962962962963,216
15,0.5,1.5,0.0,2.5,2,7,False,19.09962962962963,20.990000000000002,1.725666666666667,1.7555,-87.19,122.45,-21.23226851851852,-164.56,3806,17.62037037037037,56.1625,79.62962962962963,216
15,0.5,1.5,0.0,2.5,3,7,False,19.09962962962963,20.990000000000002,1.725666666666667,1.7555,-87.19,122.45,-21.23226851851852,-164.56,3806,17.62037037037037,56.1625,79.62962962962963,216
15,0.75,1.0,0.3,2.5,5,3,False,19.097962962962963,19.41,1.8876527777777778,1.8359999999999999,-84.19,118.94,-18.947175925925926,-113.39,5988,27.72222222222222,57.69305555555556,81.01851851851852,216
15,0.75,1.0,0.3,2.5,2,3,False,19.097962962962963,19.41,1.8876527777777778,1.8359999999999999,-84.19,118.94,-18.947175925925926,-113.39,5988,27.72222222222222,57.69305555555556,81.01851851851852,216
15,0.75,1.0,0.3,2.5,3,3,False,19.097962962962963,19.41,1.8876527777777778,1.8359999999999999,-84.19,118.94,-18.947175925925926,-113.39,5988,27.72222222222222,57.69305555555556,81.01851851851852,216
10,0.3,1.5,0.3,2.0,2,3,False,19.096111111111114,19.095,1.651726851851852,1.7225000000000001,-122.14,117.85,-18.286666666666665,-183.83,6778,31.37962962962963,55.84953703703704,83.79629629629629,216
10,0.3,1.5,0.3,2.0,5,3,False,19.096111111111114,19.095,1.651726851851852,1.7225000000000001,-122.14,117.85,-18.286666666666665,-183.83,6778,31.37962962962963,55.84953703703704,83.79629629629629,216
10,0.3,1.5,0.3,2.0,3,3,False,19.096111111111114,19.095,1.651726851851852,1.7225000000000001,-122.14,117.85,-18.286666666666665,-183.83,6778,31.37962962962963,55.84953703703704,83.79629629629629,216
10,0.3,1.5,-0.3,2.0,2,3,False,19.09490740740741,18.689999999999998,1.6172129629629628,1.6585,-115.84,118.59,-18.836064814814815,-182.39,6726,31.13888888888889,53.793518518518525,83.79629629629629,216
10,0.3,1.5,-0.3,2.0,5,3,False,19.09490740740741,18.689999999999998,1.6172129629629628,1.6585,-115.84,118.59,-18.836064814814815,-182.39,6726,31.13888888888889,53.793518518518525,83.79629629629629,216
10,0.3,1.5,-0.3,2.0,3,3,False,19.09490740740741,18.689999999999998,1.6172129629629628,1.6585,-115.84,118.59,-18.836064814814815,-182.39,6726,31.13888888888889,53.793518518518525,83.79629629629629,216
20,0.75,1.5,0.3,2.0,5,5,False,19.054629629629627,20.09,1.902,1.8275000000000001,-88.14,103.48,-18.57273148148148,-140.22,3953,18.300925925925927,55.53518518518518,83.79629629629629,216
20,0.75,1.5,0.3,2.0,3,5,False,19.054629629629627,20.09,1.902,1.8275000000000001,-88.14,103.48,-18.57273148148148,-140.22,3953,18.300925925925927,55.53518518518518,83.79629629629629,216
20,0.75,1.5,0.3,2.0,2,5,False,19.054629629629627,20.09,1.902,1.8275000000000001,-88.14,103.48,-18.57273148148148,-140.22,3953,18.300925925925927,55.53518518518518,83.79629629629629,216
15,0.3,1.0,0.3,2.5,3,5,False,19.04861111111111,20.634999999999998,1.8561157407407407,1.869,-95.87,111.67,-19.471342592592592,-142.13,5443,25.199074074074073,59.52685185185185,81.01851851851852,216
15,0.3,1.0,0.3,2.5,2,5,False,19.04861111111111,20.634999999999998,1.8561157407407407,1.869,-95.87,111.67,-19.471342592592592,-142.13,5443,25.199074074074073,59.52685185185185,81.01851851851852,216
15,0.3,1.0,0.3,2.5,5,5,False,19.04861111111111,20.634999999999998,1.8561157407407407,1.869,-95.87,111.67,-19.471342592592592,-142.13,5443,25.199074074074073,59.52685185185185,81.01851851851852,216
10,0.75,2.0,0.0,1.5,2,7,False,19.00814814814815,18.69,1.5918194444444447,1.5745,-59.98,108.85,-19.51171296296296,-154.4,4885,22.61574074074074,49.05277777777778,81.01851851851852,216
10,0.75,2.0,0.0,1.5,3,7,False,19.00814814814815,18.69,1.5918194444444447,1.5745,-59.98,108.85,-19.51171296296296,-154.4,4885,22.61574074074074,49.05277777777778,81.01851851851852,216
10,0.75,2.0,0.0,1.5,5,7,False,19.00814814814815,18.69,1.5918194444444447,1.5745,-59.98,108.85,-19.51171296296296,-154.4,4885,22.61574074074074,49.05277777777778,81.01851851851852,216
20,0.5,1.0,0.3,2.0,5,7,False,19.00393518518519,21.32,1.8528287037037037,1.806,-95.46,115.13,-20.20314814814815,-178.2,4683,21.680555555555557,54.386574074074076,82.4074074074074,216
20,0.5,1.0,0.3,2.0,2,7,False,19.00393518518519,21.32,1.8528287037037037,1.806,-95.46,115.13,-20.20314814814815,-178.2,4683,21.680555555555557,54.386574074074076,82.4074074074074,216
20,0.5,1.0,0.3,2.0,3,7,False,19.00393518518519,21.32,1.8528287037037037,1.806,-95.46,115.13,-20.20314814814815,-178.2,4683,21.680555555555557,54.386574074074076,82.4074074074074,216
20,0.5,1.5,0.3,2.0,2,5,False,18.96805555555555,20.36,1.9079212962962961,1.8505,-87.53,103.92,-18.51976851851852,-140.22,4223,19.550925925925927,56.7537037037037,82.87037037037037,216
20,0.5,1.5,0.3,2.0,3,5,False,18.96805555555555,20.36,1.9079212962962961,1.8505,-87.53,103.92,-18.51976851851852,-140.22,4223,19.550925925925927,56.7537037037037,82.87037037037037,216
20,0.5,1.5,0.3,2.0,5,5,False,18.96805555555555,20.36,1.9079212962962961,1.8505,-87.53,103.92,-18.51976851851852,-140.22,4223,19.550925925925927,56.7537037037037,82.87037037037037,216
20,0.75,1.0,0.3,2.5,5,3,False,18.964583333333334,20.4,2.0193194444444447,1.8370000000000002,-87.07,106.64,-18.025185185185183,-122.81,5379,24.90277777777778,57.97777777777778,82.87037037037037,216
20,0.75,1.0,0.3,2.5,2,3,False,18.964583333333334,20.4,2.0193194444444447,1.8370000000000002,-87.07,106.64,-18.025185185185183,-122.81,5379,24.90277777777778,57.97777777777778,82.87037037037037,216
20,0.75,1.0,0.3,2.5,3,3,False,18.964583333333334,20.4,2.0193194444444447,1.8370000000000002,-87.07,106.64,-18.025185185185183,-122.81,5379,24.90277777777778,57.97777777777778,82.87037037037037,216
15,0.5,1.5,-0.3,2.5,3,7,False,18.963148148148154,20.525,1.6849814814814816,1.663,-89.23,108.71,-21.55712962962963,-166.4,3739,17.310185185185187,54.09722222222222,79.62962962962963,216
15,0.5,1.5,-0.3,2.5,2,7,False,18.963148148148154,20.525,1.6849814814814816,1.663,-89.23,108.71,-21.55712962962963,-166.4,3739,17.310185185185187,54.09722222222222,79.62962962962963,216
15,0.5,1.5,-0.3,2.5,5,7,False,18.963148148148154,20.525,1.6849814814814816,1.663,-89.23,108.71,-21.55712962962963,-166.4,3739,17.310185185185187,54.09722222222222,79.62962962962963,216
15,0.3,1.0,0.0,1.5,2,5,False,18.954953703703705,20.44,1.8480416666666668,1.8730000000000002,-94.95,124.2,-20.048796296296292,-113.39,7412,34.31481481481482,50.14398148148148,81.94444444444444,216
15,0.3,1.0,0.0,1.5,5,5,False,18.954953703703705,20.44,1.8480416666666668,1.8730000000000002,-94.95,124.2,-20.048796296296292,-113.39,7412,34.31481481481482,50.14398148148148,81.94444444444444,216
15,0.3,1.0,0.0,1.5,3,5,False,18.954953703703705,20.44,1.8480416666666668,1.8730000000000002,-94.95,124.2,-20.048796296296292,-113.39,7412,34.31481481481482,50.14398148148148,81.94444444444444,216
15,0.3,1.0,0.3,2.0,2,3,False,18.954583333333336,20.085,1.90025,1.8889999999999998,-102.33,125.15,-19.106203703703706,-113.39,7246,33.5462962962963,56.18333333333334,81.48148148148148,216
15,0.3,1.0,0.3,2.0,5,3,False,18.954583333333336,20.085,1.90025,1.8889999999999998,-102.33,125.15,-19.106203703703706,-113.39,7246,33.5462962962963,56.18333333333334,81.48148148148148,216
15,0.3,1.0,0.3,2.0,3,3,False,18.954583333333336,20.085,1.90025,1.8889999999999998,-102.33,125.15,-19.106203703703706,-113.39,7246,33.5462962962963,56.18333333333334,81.48148148148148,216
20,0.3,1.0,0.0,2.5,2,5,False,18.9537962962963,18.740000000000002,1.8888657407407408,1.862,-89.19,107.1,-19.08712962962963,-172.69,4775,22.10648148148148,57.875,83.33333333333334,216
20,0.3,1.0,0.0,2.5,3,5,False,18.9537962962963,18.740000000000002,1.8888657407407408,1.862,-89.19,107.1,-19.08712962962963,-172.69,4775,22.10648148148148,57.875,83.33333333333334,216
20,0.3,1.0,0.0,2.5,5,5,False,18.9537962962963,18.740000000000002,1.8888657407407408,1.862,-89.19,107.1,-19.08712962962963,-172.69,4775,22.10648148148148,57.875,83.33333333333334,216
15,0.3,1.0,0.0,2.0,5,3,False,18.934814814814814,20.745,1.892050925925926,1.884,-102.33,129.39,-19.355185185185185,-113.39,7216,33.407407407407405,54.75138888888888,81.94444444444444,216
15,0.3,1.0,0.0,2.0,3,3,False,18.934814814814814,20.745,1.892050925925926,1.884,-102.33,129.39,-19.355185185185185,-113.39,7216,33.407407407407405,54.75138888888888,81.94444444444444,216
15,0.3,1.0,0.0,2.0,2,3,False,18.934814814814814,20.745,1.892050925925926,1.884,-102.33,129.39,-19.355185185185185,-113.39,7216,33.407407407407405,54.75138888888888,81.94444444444444,216
20,0.3,1.0,0.3,2.0,3,3,False,18.933240740740743,20.310000000000002,2.0235833333333333,2.0215,-85.06,110.23,-18.11157407407407,-122.37,6596,30.537037037037038,57.796759259259254,82.4074074074074,216
20,0.3,1.0,0.3,2.0,5,3,False,18.933240740740743,20.310000000000002,2.0235833333333333,2.0215,-85.06,110.23,-18.11157407407407,-122.37,6596,30.537037037037038,57.796759259259254,82.4074074074074,216
20,0.3,1.0,0.3,2.0,2,3,False,18.933240740740743,20.310000000000002,2.0235833333333333,2.0215,-85.06,110.23,-18.11157407407407,-122.37,6596,30.537037037037038,57.796759259259254,82.4074074074074,216
20,0.3,1.0,-0.3,2.0,3,3,False,18.92791666666667,19.939999999999998,1.9685138888888891,1.8975,-81.43,116.99,-18.530925925925928,-120.6,6549,30.319444444444443,55.78287037037038,82.4074074074074,216
20,0.3,1.0,-0.3,2.0,2,3,False,18.92791666666667,19.939999999999998,1.9685138888888891,1.8975,-81.43,116.99,-18.530925925925928,-120.6,6549,30.319444444444443,55.78287037037038,82.4074074074074,216
20,0.3,1.0,-0.3,2.0,5,3,False,18.92791666666667,19.939999999999998,1.9685138888888891,1.8975,-81.43,116.99,-18.530925925925928,-120.6,6549,30.319444444444443,55.78287037037038,82.4074074074074,216
20,0.3,1.0,0.0,2.0,5,3,False,18.90324074074074,20.42,1.96887037037037,1.8975,-81.82,115.5,-18.387592592592593,-120.8,6570,30.416666666666668,56.531481481481485,82.87037037037037,216
20,0.3,1.0,0.0,2.0,3,3,False,18.90324074074074,20.42,1.96887037037037,1.8975,-81.82,115.5,-18.387592592592593,-120.8,6570,30.416666666666668,56.531481481481485,82.87037037037037,216
20,0.3,1.0,0.0,2.0,2,3,False,18.90324074074074,20.42,1.96887037037037,1.8975,-81.82,115.5,-18.387592592592593,-120.8,6570,30.416666666666668,56.531481481481485,82.87037037037037,216
15,0.5,1.0,0.0,2.5,5,3,False,18.900185185185183,19.835,1.9158148148148146,1.937,-101.7,123.56,-19.123749999999998,-113.39,6390,29.583333333333332,56.42268518518518,81.94444444444444,216
15,0.5,1.0,0.0,2.5,3,3,False,18.900185185185183,19.835,1.9158148148148146,1.937,-101.7,123.56,-19.123749999999998,-113.39,6390,29.583333333333332,56.42268518518518,81.94444444444444,216
15,0.5,1.0,0.0,2.5,2,3,False,18.900185185185183,19.835,1.9158148148148146,1.937,-101.7,123.56,-19.123749999999998,-113.39,6390,29.583333333333332,56.42268518518518,81.94444444444444,216
15,0.3,1.0,0.3,2.5,5,3,False,18.88111111111111,19.84,1.887375,1.9260000000000002,-102.33,119.32,-19.005,-113.39,6745,31.22685185185185,58.19953703703705,81.48148148148148,216
15,0.3,1.0,0.3,2.5,3,3,False,18.88111111111111,19.84,1.887375,1.9260000000000002,-102.33,119.32,-19.005,-113.39,6745,31.22685185185185,58.19953703703705,81.48148148148148,216
15,0.3,1.0,0.3,2.5,2,3,False,18.88111111111111,19.84,1.887375,1.9260000000000002,-102.33,119.32,-19.005,-113.39,6745,31.22685185185185,58.19953703703705,81.48148148148148,216
15,0.3,1.0,0.3,1.5,3,7,False,18.85333333333333,20.36,1.876712962962963,1.811,-93.12,132.25,-19.843657407407406,-113.99,7121,32.967592592592595,50.36990740740742,82.4074074074074,216
15,0.3,1.0,0.3,1.5,5,7,False,18.85333333333333,20.36,1.876712962962963,1.811,-93.12,132.25,-19.843657407407406,-113.99,7121,32.967592592592595,50.36990740740742,82.4074074074074,216
15,0.3,1.0,0.3,1.5,2,7,False,18.85333333333333,20.36,1.876712962962963,1.811,-93.12,132.25,-19.843657407407406,-113.99,7121,32.967592592592595,50.36990740740742,82.4074074074074,216
15,0.75,1.0,-0.3,2.0,3,3,False,18.849444444444444,20.325,1.8665972222222222,1.7930000000000001,-84.19,123.43,-19.391944444444444,-113.39,6461,29.912037037037038,54.07592592592592,80.0925925925926,216
15,0.75,1.0,-0.3,2.0,2,3,False,18.849444444444444,20.325,1.8665972222222222,1.7930000000000001,-84.19,123.43,-19.391944444444444,-113.39,6461,29.912037037037038,54.07592592592592,80.0925925925926,216
15,0.75,1.0,-0.3,2.0,5,3,False,18.849444444444444,20.325,1.8665972222222222,1.7930000000000001,-84.19,123.43,-19.391944444444444,-113.39,6461,29.912037037037038,54.07592592592592,80.0925925925926,216
15,0.3,1.5,0.0,2.5,3,7,False,18.836759259259257,21.125,1.7222407407407407,1.7494999999999998,-89.59,122.45,-20.99736111111111,-165.24,4003,18.53240740740741,57.023148148148145,79.16666666666666,216
15,0.3,1.5,0.0,2.5,5,7,False,18.836759259259257,21.125,1.7222407407407407,1.7494999999999998,-89.59,122.45,-20.99736111111111,-165.24,4003,18.53240740740741,57.023148148148145,79.16666666666666,216
15,0.3,1.5,0.0,2.5,2,7,False,18.836759259259257,21.125,1.7222407407407407,1.7494999999999998,-89.59,122.45,-20.99736111111111,-165.24,4003,18.53240740740741,57.023148148148145,79.16666666666666,216
15,0.75,1.5,0.3,2.5,3,5,False,18.826666666666668,19.77,1.831361111111111,1.812,-80.78,111.41,-19.416574074074074,-138.34,3936,18.22222222222222,58.728240740740745,81.01851851851852,216
15,0.75,1.5,0.3,2.5,2,5,False,18.826666666666668,19.77,1.831361111111111,1.812,-80.78,111.41,-19.416574074074074,-138.34,3936,18.22222222222222,58.728240740740745,81.01851851851852,216
15,0.75,1.5,0.3,2.5,5,5,False,18.826666666666668,19.77,1.831361111111111,1.812,-80.78,111.41,-19.416574074074074,-138.34,3936,18.22222222222222,58.728240740740745,81.01851851851852,216
15,0.3,1.0,-0.3,1.5,3,7,False,18.826342592592592,20.94,1.7648749999999997,1.7469999999999999,-89.59,135.61,-21.02259259259259,-140.77,6877,31.837962962962962,46.241203703703704,78.70370370370371,216
15,0.3,1.0,-0.3,1.5,2,7,False,18.826342592592592,20.94,1.7648749999999997,1.7469999999999999,-89.59,135.61,-21.02259259259259,-140.77,6877,31.837962962962962,46.241203703703704,78.70370370370371,216
15,0.3,1.0,-0.3,1.5,5,7,False,18.826342592592592,20.94,1.7648749999999997,1.7469999999999999,-89.59,135.61,-21.02259259259259,-140.77,6877,31.837962962962962,46.241203703703704,78.70370370370371,216
15,0.5,1.0,-0.3,2.0,5,3,False,18.8075,20.92,1.888875,1.8715,-101.7,129.52,-19.525277777777774,-113.39,6868,31.796296296296298,53.826388888888886,80.0925925925926,216
15,0.5,1.0,-0.3,2.0,3,3,False,18.8075,20.92,1.888875,1.8715,-101.7,129.52,-19.525277777777774,-113.39,6868,31.796296296296298,53.826388888888886,80.0925925925926,216
15,0.5,1.0,-0.3,2.0,2,3,False,18.8075,20.92,1.888875,1.8715,-101.7,129.52,-19.525277777777774,-113.39,6868,31.796296296296298,53.826388888888886,80.0925925925926,216
15,0.3,1.5,0.0,2.0,3,7,False,18.78550925925926,21.86,1.7546898148148147,1.7725,-89.59,110.13,-21.448194444444443,-161.06,4644,21.5,51.98518518518518,79.16666666666666,216
15,0.3,1.5,0.0,2.0,2,7,False,18.78550925925926,21.86,1.7546898148148147,1.7725,-89.59,110.13,-21.448194444444443,-161.06,4644,21.5,51.98518518518518,79.16666666666666,216
15,0.3,1.5,0.0,2.0,5,7,False,18.78550925925926,21.86,1.7546898148148147,1.7725,-89.59,110.13,-21.448194444444443,-161.06,4644,21.5,51.98518518518518,79.16666666666666,216
10,0.75,2.0,-0.3,1.5,3,5,False,18.780509259259258,18.46,1.554166666666667,1.4905,-49.07,102.99,-19.04652777777778,-124.24,4970,23.00925925925926,49.412962962962965,82.4074074074074,216
10,0.75,2.0,-0.3,1.5,5,5,False,18.780509259259258,18.46,1.554166666666667,1.4905,-49.07,102.99,-19.04652777777778,-124.24,4970,23.00925925925926,49.412962962962965,82.4074074074074,216
10,0.75,2.0,-0.3,1.5,2,5,False,18.780509259259258,18.46,1.554166666666667,1.4905,-49.07,102.99,-19.04652777777778,-124.24,4970,23.00925925925926,49.412962962962965,82.4074074074074,216
15,0.3,1.0,-0.3,1.5,5,5,False,18.765925925925924,21.605,1.781273148148148,1.7799999999999998,-91.67,110.44,-20.239166666666666,-131.86,7362,34.083333333333336,48.82916666666666,80.0925925925926,216
15,0.3,1.0,-0.3,1.5,3,5,False,18.765925925925924,21.605,1.781273148148148,1.7799999999999998,-91.67,110.44,-20.239166666666666,-131.86,7362,34.083333333333336,48.82916666666666,80.0925925925926,216
15,0.3,1.0,-0.3,1.5,2,5,False,18.765925925925924,21.605,1.781273148148148,1.7799999999999998,-91.67,110.44,-20.239166666666666,-131.86,7362,34.083333333333336,48.82916666666666,80.0925925925926,216
15,0.3,1.5,-0.3,2.5,3,7,False,18.7587962962963,20.37,1.6922638888888888,1.674,-89.69,108.1,-21.479074074074074,-167.09,3920,18.14814814814815,54.60925925925926,78.70370370370371,216
15,0.3,1.5,-0.3,2.5,5,7,False,18.7587962962963,20.37,1.6922638888888888,1.674,-89.69,108.1,-21.479074074074074,-167.09,3920,18.14814814814815,54.60925925925926,78.70370370370371,216
15,0.3,1.5,-0.3,2.5,2,7,False,18.7587962962963,20.37,1.6922638888888888,1.674,-89.69,108.1,-21.479074074074074,-167.09,3920,18.14814814814815,54.60925925925926,78.70370370370371,216
20,0.5,1.0,0.3,2.0,2,3,False,18.753657407407406,20.82,2.005425925925926,2.0055,-86.46,107.33,-18.16652777777778,-122.81,6195,28.680555555555557,57.00092592592592,81.94444444444444,216
20,0.5,1.0,0.3,2.0,5,3,False,18.753657407407406,20.82,2.005425925925926,2.0055,-86.46,107.33,-18.16652777777778,-122.81,6195,28.680555555555557,57.00092592592592,81.94444444444444,216
20,0.5,1.0,0.3,2.0,3,3,False,18.753657407407406,20.82,2.005425925925926,2.0055,-86.46,107.33,-18.16652777777778,-122.81,6195,28.680555555555557,57.00092592592592,81.94444444444444,216
15,0.75,1.0,-0.3,2.5,3,3,False,18.73203703703704,19.165,1.8525324074074074,1.7685,-84.19,123.18,-19.313564814814814,-113.39,5965,27.61574074074074,56.043518518518525,80.55555555555556,216
15,0.75,1.0,-0.3,2.5,5,3,False,18.73203703703704,19.165,1.8525324074074074,1.7685,-84.19,123.18,-19.313564814814814,-113.39,5965,27.61574074074074,56.043518518518525,80.55555555555556,216
15,0.75,1.0,-0.3,2.5,2,3,False,18.73203703703704,19.165,1.8525324074074074,1.7685,-84.19,123.18,-19.313564814814814,-113.39,5965,27.61574074074074,56.043518518518525,80.55555555555556,216
10,0.75,2.0,0.0,1.5,2,5,False,18.723472222222224,18.13,1.5731666666666668,1.5034999999999998,-49.07,103.95,-18.862175925925925,-124.24,4983,23.069444444444443,50.51342592592593,82.4074074074074,216
10,0.75,2.0,0.0,1.5,5,5,False,18.723472222222224,18.13,1.5731666666666668,1.5034999999999998,-49.07,103.95,-18.862175925925925,-124.24,4983,23.069444444444443,50.51342592592593,82.4074074074074,216
10,0.75,2.0,0.0,1.5,3,5,False,18.723472222222224,18.13,1.5731666666666668,1.5034999999999998,-49.07,103.95,-18.862175925925925,-124.24,4983,23.069444444444443,50.51342592592593,82.4074074074074,216
15,0.75,1.5,0.3,2.0,2,5,False,18.715416666666666,20.64,1.8191574074074077,1.758,-80.78,111.67,-19.510925925925925,-138.34,4543,21.03240740740741,54.25787037037038,80.0925925925926,216
15,0.75,1.5,0.3,2.0,3,5,False,18.715416666666666,20.64,1.8191574074074077,1.758,-80.78,111.67,-19.510925925925925,-138.34,4543,21.03240740740741,54.25787037037038,80.0925925925926,216
15,0.75,1.5,0.3,2.0,5,5,False,18.715416666666666,20.64,1.8191574074074077,1.758,-80.78,111.67,-19.510925925925925,-138.34,4543,21.03240740740741,54.25787037037038,80.0925925925926,216
15,0.75,1.5,0.0,2.0,2,5,False,18.71388888888889,20.595,1.7464722222222222,1.6615,-74.88,107.78,-20.08625,-144.06,4502,20.84259259259259,52.715740740740735,80.0925925925926,216
15,0.75,1.5,0.0,2.0,5,5,False,18.71388888888889,20.595,1.7464722222222222,1.6615,-74.88,107.78,-20.08625,-144.06,4502,20.84259259259259,52.715740740740735,80.0925925925926,216
15,0.75,1.5,0.0,2.0,3,5,False,18.71388888888889,20.595,1.7464722222222222,1.6615,-74.88,107.78,-20.08625,-144.06,4502,20.84259259259259,52.715740740740735,80.0925925925926,216
15,0.5,1.5,0.3,2.0,5,5,False,18.69134259259259,20.265,1.8154907407407408,1.7389999999999999,-80.78,117.18,-19.40546296296296,-138.34,4849,22.449074074074073,54.954629629629636,81.01851851851852,216
15,0.5,1.5,0.3,2.0,3,5,False,18.69134259259259,20.265,1.8154907407407408,1.7389999999999999,-80.78,117.18,-19.40546296296296,-138.34,4849,22.449074074074073,54.954629629629636,81.01851851851852,216
15,0.5,1.5,0.3,2.0,2,5,False,18.69134259259259,20.265,1.8154907407407408,1.7389999999999999,-80.78,117.18,-19.40546296296296,-138.34,4849,22.449074074074073,54.954629629629636,81.01851851851852,216
20,0.5,1.0,-0.3,2.5,3,5,False,18.68564814814815,20.045,1.8587037037037037,1.814,-97.33,107.66,-19.535740740740742,-172.69,4494,20.805555555555557,55.95925925925926,81.94444444444444,216
20,0.5,1.0,-0.3,2.5,5,5,False,18.68564814814815,20.045,1.8587037037037037,1.814,-97.33,107.66,-19.535740740740742,-172.69,4494,20.805555555555557,55.95925925925926,81.94444444444444,216
20,0.5,1.0,-0.3,2.5,2,5,False,18.68564814814815,20.045,1.8587037037037037,1.814,-97.33,107.66,-19.535740740740742,-172.69,4494,20.805555555555557,55.95925925925926,81.94444444444444,216
15,0.3,1.5,0.3,2.0,2,5,False,18.683055555555555,20.48,1.8379583333333331,1.7814999999999999,-93.12,117.34,-19.30291666666667,-138.66,5135,23.77314814814815,55.74861111111112,81.48148148148148,216
15,0.3,1.5,0.3,2.0,5,5,False,18.683055555555555,20.48,1.8379583333333331,1.7814999999999999,-93.12,117.34,-19.30291666666667,-138.66,5135,23.77314814814815,55.74861111111112,81.48148148148148,216
15,0.3,1.5,0.3,2.0,3,5,False,18.683055555555555,20.48,1.8379583333333331,1.7814999999999999,-93.12,117.34,-19.30291666666667,-138.66,5135,23.77314814814815,55.74861111111112,81.48148148148148,216
10,0.5,2.0,0.0,1.5,5,5,False,18.671805555555554,18.02,1.5770925925925923,1.5365,-47.39,105.04,-18.83300925925926,-124.24,5381,24.912037037037038,51.109722222222224,82.4074074074074,216
10,0.5,2.0,0.0,1.5,3,5,False,18.671805555555554,18.02,1.5770925925925923,1.5365,-47.39,105.04,-18.83300925925926,-124.24,5381,24.912037037037038,51.109722222222224,82.4074074074074,216
10,0.5,2.0,0.0,1.5,2,5,False,18.671805555555554,18.02,1.5770925925925923,1.5365,-47.39,105.04,-18.83300925925926,-124.24,5381,24.912037037037038,51.109722222222224,82.4074074074074,216
20,0.5,1.0,0.0,2.0,2,3,False,18.66912037037037,20.225,1.946824074074074,1.8744999999999998,-83.15,112.59,-18.489444444444445,-121.31,6178,28.60185185185185,56.05694444444444,82.87037037037037,216
20,0.5,1.0,0.0,2.0,5,3,False,18.66912037037037,20.225,1.946824074074074,1.8744999999999998,-83.15,112.59,-18.489444444444445,-121.31,6178,28.60185185185185,56.05694444444444,82.87037037037037,216
20,0.5,1.0,0.0,2.0,3,3,False,18.66912037037037,20.225,1.946824074074074,1.8744999999999998,-83.15,112.59,-18.489444444444445,-121.31,6178,28.60185185185185,56.05694444444444,82.87037037037037,216
20,0.3,1.5,0.3,2.0,3,5,False,18.66439814814815,19.615000000000002,1.9247361111111108,1.8925,-86.28,106.83,-18.513564814814817,-140.22,4507,20.86574074074074,58.039351851851855,84.25925925925925,216
20,0.3,1.5,0.3,2.0,2,5,False,18.66439814814815,19.615000000000002,1.9247361111111108,1.8925,-86.28,106.83,-18.513564814814817,-140.22,4507,20.86574074074074,58.039351851851855,84.25925925925925,216
20,0.3,1.5,0.3,2.0,5,5,False,18.66439814814815,19.615000000000002,1.9247361111111108,1.8925,-86.28,106.83,-18.513564814814817,-140.22,4507,20.86574074074074,58.039351851851855,84.25925925925925,216
10,0.5,2.0,0.3,1.5,5,7,False,18.651574074074073,18.384999999999998,1.5951435185185185,1.6469999999999998,-83.18,104.51,-18.683009259259258,-157.1,5333,24.689814814814813,51.92453703703704,82.87037037037037,216
10,0.5,2.0,0.3,1.5,3,7,False,18.651574074074073,18.384999999999998,1.5951435185185185,1.6469999999999998,-83.18,104.51,-18.683009259259258,-157.1,5333,24.689814814814813,51.92453703703704,82.87037037037037,216
10,0.5,2.0,0.3,1.5,2,7,False,18.651574074074073,18.384999999999998,1.5951435185185185,1.6469999999999998,-83.18,104.51,-18.683009259259258,-157.1,5333,24.689814814814813,51.92453703703704,82.87037037037037,216
15,0.3,1.0,-0.3,2.0,3,3,False,18.647407407407407,20.595,1.8569305555555555,1.89,-102.33,129.07,-19.534907407407406,-113.39,7192,33.2962962962963,53.82083333333333,80.0925925925926,216
15,0.3,1.0,-0.3,2.0,2,3,False,18.647407407407407,20.595,1.8569305555555555,1.89,-102.33,129.07,-19.534907407407406,-113.39,7192,33.2962962962963,53.82083333333333,80.0925925925926,216
15,0.3,1.0,-0.3,2.0,5,3,False,18.647407407407407,20.595,1.8569305555555555,1.89,-102.33,129.07,-19.534907407407406,-113.39,7192,33.2962962962963,53.82083333333333,80.0925925925926,216
20,0.3,1.0,-0.3,2.5,3,5,False,18.644583333333337,19.09,1.8737175925925926,1.809,-88.8,104.99,-19.39351851851852,-172.69,4714,21.824074074074073,56.50462962962964,82.4074074074074,216
20,0.3,1.0,-0.3,2.5,5,5,False,18.644583333333337,19.09,1.8737175925925926,1.809,-88.8,104.99,-19.39351851851852,-172.69,4714,21.824074074074073,56.50462962962964,82.4074074074074,216
20,0.3,1.0,-0.3,2.5,2,5,False,18.644583333333337,19.09,1.8737175925925926,1.809,-88.8,104.99,-19.39351851851852,-172.69,4714,21.824074074074073,56.50462962962964,82.4074074074074,216
15,0.5,1.5,-0.3,2.0,2,7,False,18.636435185185185,21.42,1.6320509259259257,1.6840000000000002,-92.81,100.34,-21.973888888888887,-166.1,4381,20.28240740740741,49.31157407407407,79.16666666666666,216
15,0.5,1.5,-0.3,2.0,5,7,False,18.636435185185185,21.42,1.6320509259259257,1.6840000000000002,-92.81,100.34,-21.973888888888887,-166.1,4381,20.28240740740741,49.31157407407407,79.16666666666666,216
15,0.5,1.5,-0.3,2.0,3,7,False,18.636435185185185,21.42,1.6320509259259257,1.6840000000000002,-92.81,100.34,-21.973888888888887,-166.1,4381,20.28240740740741,49.31157407407407,79.16666666666666,216
10,0.3,2.0,-0.3,1.5,2,7,False,18.619675925925925,18.89,1.551583333333333,1.5675,-55.36,108.41,-19.951805555555556,-154.4,5388,24.944444444444443,47.56018518518518,79.62962962962963,216
10,0.3,2.0,-0.3,1.5,5,7,False,18.619675925925925,18.89,1.551583333333333,1.5675,-55.36,108.41,-19.951805555555556,-154.4,5388,24.944444444444443,47.56018518518518,79.62962962962963,216
10,0.3,2.0,-0.3,1.5,3,7,False,18.619675925925925,18.89,1.551583333333333,1.5675,-55.36,108.41,-19.951805555555556,-154.4,5388,24.944444444444443,47.56018518518518,79.62962962962963,216
15,0.5,1.5,0.0,2.0,2,5,False,18.611203703703705,20.27,1.7390324074074075,1.6440000000000001,-74.88,110.38,-20.04800925925926,-144.06,4776,22.11111111111111,52.954629629629636,80.0925925925926,216
15,0.5,1.5,0.0,2.0,5,5,False,18.611203703703705,20.27,1.7390324074074075,1.6440000000000001,-74.88,110.38,-20.04800925925926,-144.06,4776,22.11111111111111,52.954629629629636,80.0925925925926,216
15,0.5,1.5,0.0,2.0,3,5,False,18.611203703703705,20.27,1.7390324074074075,1.6440000000000001,-74.88,110.38,-20.04800925925926,-144.06,4776,22.11111111111111,52.954629629629636,80.0925925925926,216
20,0.75,1.0,0.0,2.0,5,3,False,18.581944444444442,20.085,1.9414074074074075,1.834,-83.76,113.0,-18.561203703703704,-121.31,5810,26.89814814814815,55.66342592592592,82.87037037037037,216
20,0.75,1.0,0.0,2.0,3,3,False,18.581944444444442,20.085,1.9414074074074075,1.834,-83.76,113.0,-18.561203703703704,-121.31,5810,26.89814814814815,55.66342592592592,82.87037037037037,216
20,0.75,1.0,0.0,2.0,2,3,False,18.581944444444442,20.085,1.9414074074074075,1.834,-83.76,113.0,-18.561203703703704,-121.31,5810,26.89814814814815,55.66342592592592,82.87037037037037,216
20,0.5,1.0,-0.3,2.0,3,3,False,18.581064814814813,18.98,1.9425277777777779,1.8645,-83.15,114.08,-18.643287037037037,-121.31,6163,28.53240740740741,55.58379629629629,81.94444444444444,216
20,0.5,1.0,-0.3,2.0,2,3,False,18.581064814814813,18.98,1.9425277777777779,1.8645,-83.15,114.08,-18.643287037037037,-121.31,6163,28.53240740740741,55.58379629629629,81.94444444444444,216
20,0.5,1.0,-0.3,2.0,5,3,False,18.581064814814813,18.98,1.9425277777777779,1.8645,-83.15,114.08,-18.643287037037037,-121.31,6163,28.53240740740741,55.58379629629629,81.94444444444444,216
10,0.5,2.0,-0.3,1.5,2,5,False,18.571527777777778,18.700000000000003,1.550439814814815,1.517,-47.39,102.88,-19.035324074074076,-124.24,5349,24.76388888888889,49.6375,81.94444444444444,216
10,0.5,2.0,-0.3,1.5,3,5,False,18.571527777777778,18.700000000000003,1.550439814814815,1.517,-47.39,102.88,-19.035324074074076,-124.24,5349,24.76388888888889,49.6375,81.94444444444444,216
10,0.5,2.0,-0.3,1.5,5,5,False,18.571527777777778,18.700000000000003,1.550439814814815,1.517,-47.39,102.88,-19.035324074074076,-124.24,5349,24.76388888888889,49.6375,81.94444444444444,216
15,0.3,1.5,-0.3,2.5,2,5,False,18.56162037037037,19.525,1.7320601851851851,1.7320000000000002,-75.16,87.38,-19.850972222222225,-146.44,4357,20.171296296296298,55.888888888888886,78.24074074074075,216
15,0.3,1.5,-0.3,2.5,5,5,False,18.56162037037037,19.525,1.7320601851851851,1.7320000000000002,-75.16,87.38,-19.850972222222225,-146.44,4357,20.171296296296298,55.888888888888886,78.24074074074075,216
15,0.3,1.5,-0.3,2.5,3,5,False,18.56162037037037,19.525,1.7320601851851851,1.7320000000000002,-75.16,87.38,-19.850972222222225,-146.44,4357,20.171296296296298,55.888888888888886,78.24074074074075,216
15,0.3,1.0,0.0,1.5,3,7,False,18.559166666666666,20.86,1.8123888888888888,1.6789999999999998,-89.59,145.85,-20.752175925925922,-115.21,6963,32.236111111111114,48.13333333333333,80.0925925925926,216
15,0.3,1.0,0.0,1.5,2,7,False,18.559166666666666,20.86,1.8123888888888888,1.6789999999999998,-89.59,145.85,-20.752175925925922,-115.21,6963,32.236111111111114,48.13333333333333,80.0925925925926,216
15,0.3,1.0,0.0,1.5,5,7,False,18.559166666666666,20.86,1.8123888888888888,1.6789999999999998,-89.59,145.85,-20.752175925925922,-115.21,6963,32.236111111111114,48.13333333333333,80.0925925925926,216
20,0.75,1.0,0.3,2.0,3,3,False,18.55912037037037,20.325,1.9990370370370372,1.951,-87.07,106.89,-18.255416666666665,-122.81,5816,26.925925925925927,56.297222222222224,82.87037037037037,216
20,0.75,1.0,0.3,2.0,2,3,False,18.55912037037037,20.325,1.9990370370370372,1.951,-87.07,106.89,-18.255416666666665,-122.81,5816,26.925925925925927,56.297222222222224,82.87037037037037,216
20,0.75,1.0,0.3,2.0,5,3,False,18.55912037037037,20.325,1.9990370370370372,1.951,-87.07,106.89,-18.255416666666665,-122.81,5816,26.925925925925927,56.297222222222224,82.87037037037037,216
15,0.5,1.0,-0.3,2.5,3,3,False,18.54953703703704,19.525,1.8779305555555554,1.8515,-101.7,123.85,-19.313379629629626,-113.39,6375,29.51388888888889,55.6875,80.55555555555556,216
15,0.5,1.0,-0.3,2.5,5,3,False,18.54953703703704,19.525,1.8779305555555554,1.8515,-101.7,123.85,-19.313379629629626,-113.39,6375,29.51388888888889,55.6875,80.55555555555556,216
15,0.5,1.0,-0.3,2.5,2,3,False,18.54953703703704,19.525,1.8779305555555554,1.8515,-101.7,123.85,-19.313379629629626,-113.39,6375,29.51388888888889,55.6875,80.55555555555556,216
15,0.3,1.0,0.0,2.5,2,3,False,18.545694444444443,19.735,1.8789675925925924,1.919,-102.33,123.56,-19.166435185185183,-113.39,6721,31.11574074074074,56.6337962962963,81.94444444444444,216
15,0.3,1.0,0.0,2.5,5,3,False,18.545694444444443,19.735,1.8789675925925924,1.919,-102.33,123.56,-19.166435185185183,-113.39,6721,31.11574074074074,56.6337962962963,81.94444444444444,216
15,0.3,1.0,0.0,2.5,3,3,False,18.545694444444443,19.735,1.8789675925925924,1.919,-102.33,123.56,-19.166435185185183,-113.39,6721,31.11574074074074,56.6337962962963,81.94444444444444,216
15,0.75,2.0,0.3,2.5,3,7,False,18.538981481481482,19.884999999999998,1.7169444444444446,1.7005,-94.41,117.62,-20.757453703703707,-174.94,3044,14.092592592592593,58.088425925925925,80.55555555555556,216
15,0.75,2.0,0.3,2.5,5,7,False,18.538981481481482,19.884999999999998,1.7169444444444446,1.7005,-94.41,117.62,-20.757453703703707,-174.94,3044,14.092592592592593,58.088425925925925,80.55555555555556,216
15,0.75,2.0,0.3,2.5,2,7,False,18.538981481481482,19.884999999999998,1.7169444444444446,1.7005,-94.41,117.62,-20.757453703703707,-174.94,3044,14.092592592592593,58.088425925925925,80.55555555555556,216
20,0.5,1.0,0.3,1.5,5,5,False,18.53486111111111,20.44,2.0017314814814817,1.931,-73.85,105.88,-18.581712962962964,-140.25,6580,30.462962962962962,51.85694444444444,82.4074074074074,216
20,0.5,1.0,0.3,1.5,2,5,False,18.53486111111111,20.44,2.0017314814814817,1.931,-73.85,105.88,-18.581712962962964,-140.25,6580,30.462962962962962,51.85694444444444,82.4074074074074,216
20,0.5,1.0,0.3,1.5,3,5,False,18.53486111111111,20.44,2.0017314814814817,1.931,-73.85,105.88,-18.581712962962964,-140.25,6580,30.462962962962962,51.85694444444444,82.4074074074074,216
10,0.3,2.0,0.0,1.5,2,5,False,18.530694444444446,17.345,1.5443472222222225,1.5225,-46.2,105.29,-18.806666666666665,-129.79,5669,26.24537037037037,51.37824074074074,82.4074074074074,216
10,0.3,2.0,0.0,1.5,3,5,False,18.530694444444446,17.345,1.5443472222222225,1.5225,-46.2,105.29,-18.806666666666665,-129.79,5669,26.24537037037037,51.37824074074074,82.4074074074074,216
10,0.3,2.0,0.0,1.5,5,5,False,18.530694444444446,17.345,1.5443472222222225,1.5225,-46.2,105.29,-18.806666666666665,-129.79,5669,26.24537037037037,51.37824074074074,82.4074074074074,216
15,0.3,1.0,-0.3,2.5,3,3,False,18.523611111111112,19.58,1.8551666666666666,1.87,-102.33,123.24,-19.296666666666667,-113.39,6702,31.02777777777778,55.631018518518516,81.48148148148148,216
15,0.3,1.0,-0.3,2.5,2,3,False,18.523611111111112,19.58,1.8551666666666666,1.87,-102.33,123.24,-19.296666666666667,-113.39,6702,31.02777777777778,55.631018518518516,81.48148148148148,216
15,0.3,1.0,-0.3,2.5,5,3,False,18.523611111111112,19.58,1.8551666666666666,1.87,-102.33,123.24,-19.296666666666667,-113.39,6702,31.02777777777778,55.631018518518516,81.48148148148148,216
15,0.75,1.5,-0.3,2.5,5,5,False,18.507638888888888,19.560000000000002,1.7291666666666667,1.714,-74.88,105.08,-20.15824074074074,-148.11,3875,17.939814814814813,55.73796296296297,79.62962962962963,216
15,0.75,1.5,-0.3,2.5,3,5,False,18.507638888888888,19.560000000000002,1.7291666666666667,1.714,-74.88,105.08,-20.15824074074074,-148.11,3875,17.939814814814813,55.73796296296297,79.62962962962963,216
15,0.75,1.5,-0.3,2.5,2,5,False,18.507638888888888,19.560000000000002,1.7291666666666667,1.714,-74.88,105.08,-20.15824074074074,-148.11,3875,17.939814814814813,55.73796296296297,79.62962962962963,216
20,0.3,1.0,0.3,2.0,2,7,False,18.500416666666666,21.475,1.8526574074074074,1.8155000000000001,-97.93,118.04,-20.196851851851854,-178.05,4933,22.837962962962962,55.616203703703704,82.4074074074074,216
20,0.3,1.0,0.3,2.0,3,7,False,18.500416666666666,21.475,1.8526574074074074,1.8155000000000001,-97.93,118.04,-20.196851851851854,-178.05,4933,22.837962962962962,55.616203703703704,82.4074074074074,216
20,0.3,1.0,0.3,2.0,5,7,False,18.500416666666666,21.475,1.8526574074074074,1.8155000000000001,-97.93,118.04,-20.196851851851854,-178.05,4933,22.837962962962962,55.616203703703704,82.4074074074074,216
20,0.75,1.0,0.3,1.5,5,5,False,18.4925,20.35,1.9991157407407405,1.9285,-74.76,105.44,-18.613796296296297,-140.25,6287,29.10648148148148,51.15231481481481,82.4074074074074,216
20,0.75,1.0,0.3,1.5,3,5,False,18.4925,20.35,1.9991157407407405,1.9285,-74.76,105.44,-18.613796296296297,-140.25,6287,29.10648148148148,51.15231481481481,82.4074074074074,216
20,0.75,1.0,0.3,1.5,2,5,False,18.4925,20.35,1.9991157407407405,1.9285,-74.76,105.44,-18.613796296296297,-140.25,6287,29.10648148148148,51.15231481481481,82.4074074074074,216
10,0.3,2.0,0.3,1.5,5,7,False,18.485277777777778,18.085,1.5843148148148147,1.6600000000000001,-83.18,105.54,-18.691481481481482,-157.1,5622,26.02777777777778,52.21018518518518,83.33333333333334,216
10,0.3,2.0,0.3,1.5,3,7,False,18.485277777777778,18.085,1.5843148148148147,1.6600000000000001,-83.18,105.54,-18.691481481481482,-157.1,5622,26.02777777777778,52.21018518518518,83.33333333333334,216
10,0.3,2.0,0.3,1.5,2,7,False,18.485277777777778,18.085,1.5843148148148147,1.6600000000000001,-83.18,105.54,-18.691481481481482,-157.1,5622,26.02777777777778,52.21018518518518,83.33333333333334,216
20,0.75,1.0,-0.3,2.0,3,3,False,18.484814814814815,19.375,1.932875,1.8065,-83.76,114.27,-18.709675925925925,-121.31,5797,26.837962962962962,55.362500000000004,82.87037037037037,216
20,0.75,1.0,-0.3,2.0,5,3,False,18.484814814814815,19.375,1.932875,1.8065,-83.76,114.27,-18.709675925925925,-121.31,5797,26.837962962962962,55.362500000000004,82.87037037037037,216
20,0.75,1.0,-0.3,2.0,2,3,False,18.484814814814815,19.375,1.932875,1.8065,-83.76,114.27,-18.709675925925925,-121.31,5797,26.837962962962962,55.362500000000004,82.87037037037037,216
20,0.75,1.0,0.3,2.5,3,7,False,18.484166666666667,21.665,1.8702222222222222,1.795,-132.46,117.69,-20.522407407407407,-185.01,3880,17.962962962962962,56.697685185185186,81.94444444444444,216
20,0.75,1.0,0.3,2.5,2,7,False,18.484166666666667,21.665,1.8702222222222222,1.795,-132.46,117.69,-20.522407407407407,-185.01,3880,17.962962962962962,56.697685185185186,81.94444444444444,216
20,0.75,1.0,0.3,2.5,5,7,False,18.484166666666667,21.665,1.8702222222222222,1.795,-132.46,117.69,-20.522407407407407,-185.01,3880,17.962962962962962,56.697685185185186,81.94444444444444,216
15,0.75,1.5,-0.3,2.0,5,5,False,18.47361111111111,19.435000000000002,1.7056759259259258,1.6695,-74.88,93.42,-20.269675925925927,-148.11,4471,20.699074074074073,52.01481481481482,80.0925925925926,216
15,0.75,1.5,-0.3,2.0,3,5,False,18.47361111111111,19.435000000000002,1.7056759259259258,1.6695,-74.88,93.42,-20.269675925925927,-148.11,4471,20.699074074074073,52.01481481481482,80.0925925925926,216
15,0.75,1.5,-0.3,2.0,2,5,False,18.47361111111111,19.435000000000002,1.7056759259259258,1.6695,-74.88,93.42,-20.269675925925927,-148.11,4471,20.699074074074073,52.01481481481482,80.0925925925926,216
20,0.75,1.5,0.3,2.5,5,5,False,18.457500000000003,19.5,1.8864351851851853,1.799,-98.07,97.15,-18.547824074074075,-164.55,3452,15.981481481481481,58.282407407407405,84.25925925925925,216
20,0.75,1.5,0.3,2.5,3,5,False,18.457500000000003,19.5,1.8864351851851853,1.799,-98.07,97.15,-18.547824074074075,-164.55,3452,15.981481481481481,58.282407407407405,84.25925925925925,216
20,0.75,1.5,0.3,2.5,2,5,False,18.457500000000003,19.5,1.8864351851851853,1.799,-98.07,97.15,-18.547824074074075,-164.55,3452,15.981481481481481,58.282407407407405,84.25925925925925,216
10,0.75,2.0,-0.3,1.5,3,7,False,18.442453703703702,18.73,1.550962962962963,1.5135,-55.93,107.97,-19.930138888888887,-154.4,4854,22.47222222222222,47.4537037037037,79.16666666666666,216
10,0.75,2.0,-0.3,1.5,5,7,False,18.442453703703702,18.73,1.550962962962963,1.5135,-55.93,107.97,-19.930138888888887,-154.4,4854,22.47222222222222,47.4537037037037,79.16666666666666,216
10,0.75,2.0,-0.3,1.5,2,7,False,18.442453703703702,18.73,1.550962962962963,1.5135,-55.93,107.97,-19.930138888888887,-154.4,4854,22.47222222222222,47.4537037037037,79.16666666666666,216
15,0.75,1.0,0.3,1.5,2,3,False,18.42884259259259,19.66,1.8726203703703703,1.9665,-79.08,119.29,-19.079027777777778,-113.39,7588,35.129629629629626,53.12222222222223,81.48148148148148,216
15,0.75,1.0,0.3,1.5,3,3,False,18.42884259259259,19.66,1.8726203703703703,1.9665,-79.08,119.29,-19.079027777777778,-113.39,7588,35.129629629629626,53.12222222222223,81.48148148148148,216
15,0.75,1.0,0.3,1.5,5,3,False,18.42884259259259,19.66,1.8726203703703703,1.9665,-79.08,119.29,-19.079027777777778,-113.39,7588,35.129629629629626,53.12222222222223,81.48148148148148,216
15,0.3,1.0,0.3,1.5,2,5,False,18.41689814814815,19.91,1.8717314814814816,1.864,-95.1,127.58,-19.621620370370373,-114.67,7514,34.78703703703704,51.85648148148148,82.87037037037037,216
15,0.3,1.0,0.3,1.5,3,5,False,18.41689814814815,19.91,1.8717314814814816,1.864,-95.1,127.58,-19.621620370370373,-114.67,7514,34.78703703703704,51.85648148148148,82.87037037037037,216
15,0.3,1.0,0.3,1.5,5,5,False,18.41689814814815,19.91,1.8717314814814816,1.864,-95.1,127.58,-19.621620370370373,-114.67,7514,34.78703703703704,51.85648148148148,82.87037037037037,216
15,0.5,1.0,0.3,1.5,5,3,False,18.408564814814813,19.73,1.8721296296296297,1.943,-93.42,119.13,-19.162824074074074,-113.39,8021,37.13425925925926,53.41064814814814,81.01851851851852,216
15,0.5,1.0,0.3,1.5,3,3,False,18.408564814814813,19.73,1.8721296296296297,1.943,-93.42,119.13,-19.162824074074074,-113.39,8021,37.13425925925926,53.41064814814814,81.01851851851852,216
15,0.5,1.0,0.3,1.5,2,3,False,18.408564814814813,19.73,1.8721296296296297,1.943,-93.42,119.13,-19.162824074074074,-113.39,8021,37.13425925925926,53.41064814814814,81.01851851851852,216
20,0.3,1.0,0.3,1.5,3,5,False,18.40824074074074,20.415,2.0022916666666664,1.9475,-76.79,105.36,-18.59037037037037,-140.25,6873,31.819444444444443,52.64722222222222,83.33333333333334,216
20,0.3,1.0,0.3,1.5,5,5,False,18.40824074074074,20.415,2.0022916666666664,1.9475,-76.79,105.36,-18.59037037037037,-140.25,6873,31.819444444444443,52.64722222222222,83.33333333333334,216
20,0.3,1.0,0.3,1.5,2,5,False,18.40824074074074,20.415,2.0022916666666664,1.9475,-76.79,105.36,-18.59037037037037,-140.25,6873,31.819444444444443,52.64722222222222,83.33333333333334,216
10,0.3,2.0,-0.3,1.5,3,5,False,18.387083333333333,18.235,1.5155925925925926,1.514,-46.2,103.94,-19.008194444444445,-129.79,5616,26.0,49.65925925925926,81.48148148148148,216
10,0.3,2.0,-0.3,1.5,5,5,False,18.387083333333333,18.235,1.5155925925925926,1.514,-46.2,103.94,-19.008194444444445,-129.79,5616,26.0,49.65925925925926,81.48148148148148,216
10,0.3,2.0,-0.3,1.5,2,5,False,18.387083333333333,18.235,1.5155925925925926,1.514,-46.2,103.94,-19.008194444444445,-129.79,5616,26.0,49.65925925925926,81.48148148148148,216
15,0.5,1.5,-0.3,2.0,2,5,False,18.377685185185186,19.5,1.6950648148148149,1.6435,-74.88,97.11,-20.285370370370373,-148.11,4729,21.89351851851852,51.8361111111111,79.62962962962963,216
15,0.5,1.5,-0.3,2.0,3,5,False,18.377685185185186,19.5,1.6950648148148149,1.6435,-74.88,97.11,-20.285370370370373,-148.11,4729,21.89351851851852,51.8361111111111,79.62962962962963,216
15,0.5,1.5,-0.3,2.0,5,5,False,18.377685185185186,19.5,1.6950648148148149,1.6435,-74.88,97.11,-20.285370370370373,-148.11,4729,21.89351851851852,51.8361111111111,79.62962962962963,216
10,0.75,2.0,0.3,1.5,2,5,False,18.37115740740741,18.64,1.5915324074074075,1.5945,-99.94,105.11,-18.025092592592593,-130.96,5017,23.22685185185185,51.99814814814814,82.4074074074074,216
10,0.75,2.0,0.3,1.5,3,5,False,18.37115740740741,18.64,1.5915324074074075,1.5945,-99.94,105.11,-18.025092592592593,-130.96,5017,23.22685185185185,51.99814814814814,82.4074074074074,216
10,0.75,2.0,0.3,1.5,5,5,False,18.37115740740741,18.64,1.5915324074074075,1.5945,-99.94,105.11,-18.025092592592593,-130.96,5017,23.22685185185185,51.99814814814814,82.4074074074074,216
15,0.3,1.5,-0.3,2.0,5,7,False,18.36069444444444,21.83,1.6403333333333334,1.729,-91.26,100.05,-21.851157407407406,-166.52,4566,21.13888888888889,49.89907407407407,79.62962962962963,216
15,0.3,1.5,-0.3,2.0,3,7,False,18.36069444444444,21.83,1.6403333333333334,1.729,-91.26,100.05,-21.851157407407406,-166.52,4566,21.13888888888889,49.89907407407407,79.62962962962963,216
15,0.3,1.5,-0.3,2.0,2,7,False,18.36069444444444,21.83,1.6403333333333334,1.729,-91.26,100.05,-21.851157407407406,-166.52,4566,21.13888888888889,49.89907407407407,79.62962962962963,216
10,0.75,2.0,0.3,1.5,3,7,False,18.347083333333334,18.425,1.5922083333333334,1.6175000000000002,-82.86,105.11,-18.693425925925926,-157.1,4946,22.89814814814815,51.234722222222224,82.87037037037037,216
10,0.75,2.0,0.3,1.5,5,7,False,18.347083333333334,18.425,1.5922083333333334,1.6175000000000002,-82.86,105.11,-18.693425925925926,-157.1,4946,22.89814814814815,51.234722222222224,82.87037037037037,216
10,0.75,2.0,0.3,1.5,2,7,False,18.347083333333334,18.425,1.5922083333333334,1.6175000000000002,-82.86,105.11,-18.693425925925926,-157.1,4946,22.89814814814815,51.234722222222224,82.87037037037037,216
15,0.3,1.5,-0.3,2.0,2,5,False,18.301203703703706,20.075000000000003,1.718486111111111,1.6935,-90.28,95.9,-20.177500000000002,-148.36,4982,23.064814814814813,52.240277777777784,79.16666666666666,216
15,0.3,1.5,-0.3,2.0,5,5,False,18.301203703703706,20.075000000000003,1.718486111111111,1.6935,-90.28,95.9,-20.177500000000002,-148.36,4982,23.064814814814813,52.240277777777784,79.16666666666666,216
15,0.3,1.5,-0.3,2.0,3,5,False,18.301203703703706,20.075000000000003,1.718486111111111,1.6935,-90.28,95.9,-20.177500000000002,-148.36,4982,23.064814814814813,52.240277777777784,79.16666666666666,216
15,0.75,1.5,0.3,1.5,2,7,False,18.29685185185185,20.295,1.8214814814814815,1.916,-80.08,122.33,-19.655694444444446,-116.14,5657,26.189814814814813,49.86388888888888,82.4074074074074,216
15,0.75,1.5,0.3,1.5,5,7,False,18.29685185185185,20.295,1.8214814814814815,1.916,-80.08,122.33,-19.655694444444446,-116.14,5657,26.189814814814813,49.86388888888888,82.4074074074074,216
15,0.75,1.5,0.3,1.5,3,7,False,18.29685185185185,20.295,1.8214814814814815,1.916,-80.08,122.33,-19.655694444444446,-116.14,5657,26.189814814814813,49.86388888888888,82.4074074074074,216
20,0.5,1.5,0.0,2.0,5,5,False,18.285416666666666,18.695,1.8100185185185185,1.69,-93.49,111.03,-19.100509259259255,-146.51,4182,19.36111111111111,55.00833333333333,82.87037037037037,216
20,0.5,1.5,0.0,2.0,3,5,False,18.285416666666666,18.695,1.8100185185185185,1.69,-93.49,111.03,-19.100509259259255,-146.51,4182,19.36111111111111,55.00833333333333,82.87037037037037,216
20,0.5,1.5,0.0,2.0,2,5,False,18.285416666666666,18.695,1.8100185185185185,1.69,-93.49,111.03,-19.100509259259255,-146.51,4182,19.36111111111111,55.00833333333333,82.87037037037037,216
20,0.75,1.5,0.0,2.0,2,5,False,18.26611111111111,18.884999999999998,1.8136342592592594,1.679,-94.1,111.43,-19.22587962962963,-146.51,3920,18.14814814814815,54.295833333333334,82.4074074074074,216
20,0.75,1.5,0.0,2.0,3,5,False,18.26611111111111,18.884999999999998,1.8136342592592594,1.679,-94.1,111.43,-19.22587962962963,-146.51,3920,18.14814814814815,54.295833333333334,82.4074074074074,216
20,0.75,1.5,0.0,2.0,5,5,False,18.26611111111111,18.884999999999998,1.8136342592592594,1.679,-94.1,111.43,-19.22587962962963,-146.51,3920,18.14814814814815,54.295833333333334,82.4074074074074,216
15,0.5,1.5,0.3,2.5,2,5,False,18.255601851851853,19.54,1.7972175925925926,1.794,-80.78,100.76,-19.27800925925926,-138.34,4236,19.61111111111111,59.22824074074074,81.94444444444444,216
15,0.5,1.5,0.3,2.5,3,5,False,18.255601851851853,19.54,1.7972175925925926,1.794,-80.78,100.76,-19.27800925925926,-138.34,4236,19.61111111111111,59.22824074074074,81.94444444444444,216
15,0.5,1.5,0.3,2.5,5,5,False,18.255601851851853,19.54,1.7972175925925926,1.794,-80.78,100.76,-19.27800925925926,-138.34,4236,19.61111111111111,59.22824074074074,81.94444444444444,216
10,0.5,2.0,0.3,1.5,2,5,False,18.24537037037037,18.58,1.5995787037037035,1.6215,-98.75,104.51,-17.999351851851852,-130.96,5464,25.296296296296298,52.85231481481482,83.33333333333334,216
10,0.5,2.0,0.3,1.5,5,5,False,18.24537037037037,18.58,1.5995787037037035,1.6215,-98.75,104.51,-17.999351851851852,-130.96,5464,25.296296296296298,52.85231481481482,83.33333333333334,216
10,0.5,2.0,0.3,1.5,3,5,False,18.24537037037037,18.58,1.5995787037037035,1.6215,-98.75,104.51,-17.999351851851852,-130.96,5464,25.296296296296298,52.85231481481482,83.33333333333334,216
20,0.5,1.0,0.0,1.5,2,5,False,18.228749999999998,20.47,1.9225416666666666,1.857,-84.29,112.98,-19.154537037037038,-158.03,6531,30.23611111111111,50.4611111111111,82.4074074074074,216
20,0.5,1.0,0.0,1.5,5,5,False,18.228749999999998,20.47,1.9225416666666666,1.857,-84.29,112.98,-19.154537037037038,-158.03,6531,30.23611111111111,50.4611111111111,82.4074074074074,216
20,0.5,1.0,0.0,1.5,3,5,False,18.228749999999998,20.47,1.9225416666666666,1.857,-84.29,112.98,-19.154537037037038,-158.03,6531,30.23611111111111,50.4611111111111,82.4074074074074,216
15,0.3,1.5,0.0,2.0,5,5,False,18.198888888888888,20.19,1.7697407407407408,1.664,-90.28,110.55,-19.927083333333332,-144.42,5035,23.310185185185187,53.60555555555556,80.0925925925926,216
15,0.3,1.5,0.0,2.0,2,5,False,18.198888888888888,20.19,1.7697407407407408,1.664,-90.28,110.55,-19.927083333333332,-144.42,5035,23.310185185185187,53.60555555555556,80.0925925925926,216
15,0.3,1.5,0.0,2.0,3,5,False,18.198888888888888,20.19,1.7697407407407408,1.664,-90.28,110.55,-19.927083333333332,-144.42,5035,23.310185185185187,53.60555555555556,80.0925925925926,216
15,0.3,1.0,0.3,1.5,3,3,False,18.19375,19.18,1.862425925925926,1.865,-94.9,119.29,-19.216574074074078,-113.39,8372,38.75925925925926,53.735648148148144,81.01851851851852,216
15,0.3,1.0,0.3,1.5,5,3,False,18.19375,19.18,1.862425925925926,1.865,-94.9,119.29,-19.216574074074078,-113.39,8372,38.75925925925926,53.735648148148144,81.01851851851852,216
15,0.3,1.0,0.3,1.5,2,3,False,18.19375,19.18,1.862425925925926,1.865,-94.9,119.29,-19.216574074074078,-113.39,8372,38.75925925925926,53.735648148148144,81.01851851851852,216
15,0.5,1.5,0.0,2.5,5,5,False,18.193564814814817,19.555,1.748537037037037,1.709,-74.88,95.84,-19.770601851851854,-144.06,4163,19.27314814814815,56.94537037037036,79.16666666666666,216
15,0.5,1.5,0.0,2.5,3,5,False,18.193564814814817,19.555,1.748537037037037,1.709,-74.88,95.84,-19.770601851851854,-144.06,4163,19.27314814814815,56.94537037037036,79.16666666666666,216
15,0.5,1.5,0.0,2.5,2,5,False,18.193564814814817,19.555,1.748537037037037,1.709,-74.88,95.84,-19.770601851851854,-144.06,4163,19.27314814814815,56.94537037037036,79.16666666666666,216
15,0.3,1.5,0.0,2.5,3,5,False,18.151157407407407,19.745,1.765777777777778,1.7405,-81.36,96.0,-19.637592592592593,-142.59,4415,20.439814814814813,57.48657407407408,79.16666666666666,216
15,0.3,1.5,0.0,2.5,5,5,False,18.151157407407407,19.745,1.765777777777778,1.7405,-81.36,96.0,-19.637592592592593,-142.59,4415,20.439814814814813,57.48657407407408,79.16666666666666,216
15,0.3,1.5,0.0,2.5,2,5,False,18.151157407407407,19.745,1.765777777777778,1.7405,-81.36,96.0,-19.637592592592593,-142.59,4415,20.439814814814813,57.48657407407408,79.16666666666666,216
15,0.3,1.5,0.3,2.5,5,5,False,18.1462962962963,20.015,1.802671296296296,1.8135,-93.12,100.92,-19.088055555555556,-120.05,4514,20.89814814814815,59.88796296296297,81.94444444444444,216
15,0.3,1.5,0.3,2.5,2,5,False,18.1462962962963,20.015,1.802671296296296,1.8135,-93.12,100.92,-19.088055555555556,-120.05,4514,20.89814814814815,59.88796296296297,81.94444444444444,216
15,0.3,1.5,0.3,2.5,3,5,False,18.1462962962963,20.015,1.802671296296296,1.8135,-93.12,100.92,-19.088055555555556,-120.05,4514,20.89814814814815,59.88796296296297,81.94444444444444,216
20,0.75,1.0,0.0,2.0,3,7,False,18.13625,20.205,1.7364212962962964,1.6644999999999999,-95.27,127.46,-20.994351851851857,-178.2,4375,20.25462962962963,51.1324074074074,80.0925925925926,216
20,0.75,1.0,0.0,2.0,5,7,False,18.13625,20.205,1.7364212962962964,1.6644999999999999,-95.27,127.46,-20.994351851851857,-178.2,4375,20.25462962962963,51.1324074074074,80.0925925925926,216
20,0.75,1.0,0.0,2.0,2,7,False,18.13625,20.205,1.7364212962962964,1.6644999999999999,-95.27,127.46,-20.994351851851857,-178.2,4375,20.25462962962963,51.1324074074074,80.0925925925926,216
20,0.3,1.5,0.0,2.0,2,5,False,18.132546296296297,18.545,1.822324074074074,1.717,-92.65,113.93,-19.029212962962962,-146.51,4428,20.5,56.01759259259259,82.4074074074074,216
20,0.3,1.5,0.0,2.0,3,5,False,18.132546296296297,18.545,1.822324074074074,1.717,-92.65,113.93,-19.029212962962962,-146.51,4428,20.5,56.01759259259259,82.4074074074074,216
20,0.3,1.5,0.0,2.0,5,5,False,18.132546296296297,18.545,1.822324074074074,1.717,-92.65,113.93,-19.029212962962962,-146.51,4428,20.5,56.01759259259259,82.4074074074074,216
20,0.5,1.0,-0.3,1.5,2,5,False,18.12916666666667,20.225,1.8996157407407408,1.7195,-72.89,113.78,-19.369305555555556,-158.03,6494,30.064814814814813,49.74953703703703,81.48148148148148,216
20,0.5,1.0,-0.3,1.5,3,5,False,18.12916666666667,20.225,1.8996157407407408,1.7195,-72.89,113.78,-19.369305555555556,-158.03,6494,30.064814814814813,49.74953703703703,81.48148148148148,216
20,0.5,1.0,-0.3,1.5,5,5,False,18.12916666666667,20.225,1.8996157407407408,1.7195,-72.89,113.78,-19.369305555555556,-158.03,6494,30.064814814814813,49.74953703703703,81.48148148148148,216
20,0.75,1.0,-0.3,2.0,2,7,False,18.124814814814815,19.784999999999997,1.7212453703703703,1.6665,-95.27,148.04,-21.396944444444443,-178.2,4336,20.074074074074073,50.00416666666666,79.16666666666666,216
20,0.75,1.0,-0.3,2.0,3,7,False,18.124814814814815,19.784999999999997,1.7212453703703703,1.6665,-95.27,148.04,-21.396944444444443,-178.2,4336,20.074074074074073,50.00416666666666,79.16666666666666,216
20,0.75,1.0,-0.3,2.0,5,7,False,18.124814814814815,19.784999999999997,1.7212453703703703,1.6665,-95.27,148.04,-21.396944444444443,-178.2,4336,20.074074074074073,50.00416666666666,79.16666666666666,216
20,0.3,1.0,0.0,1.5,3,5,False,18.12055555555556,20.055,1.9211111111111112,1.8385,-83.41,112.47,-19.155601851851856,-158.03,6788,31.425925925925927,51.045833333333334,81.94444444444444,216
20,0.3,1.0,0.0,1.5,5,5,False,18.12055555555556,20.055,1.9211111111111112,1.8385,-83.41,112.47,-19.155601851851856,-158.03,6788,31.425925925925927,51.045833333333334,81.94444444444444,216
20,0.3,1.0,0.0,1.5,2,5,False,18.12055555555556,20.055,1.9211111111111112,1.8385,-83.41,112.47,-19.155601851851856,-158.03,6788,31.425925925925927,51.045833333333334,81.94444444444444,216
20,0.75,1.5,-0.3,2.0,5,5,False,18.10175925925926,18.505000000000003,1.780351851851852,1.685,-94.1,111.67,-19.535925925925927,-146.51,3903,18.069444444444443,53.425,81.48148148148148,216
20,0.75,1.5,-0.3,2.0,3,5,False,18.10175925925926,18.505000000000003,1.780351851851852,1.685,-94.1,111.67,-19.535925925925927,-146.51,3903,18.069444444444443,53.425,81.48148148148148,216
20,0.75,1.5,-0.3,2.0,2,5,False,18.10175925925926,18.505000000000003,1.780351851851852,1.685,-94.1,111.67,-19.535925925925927,-146.51,3903,18.069444444444443,53.425,81.48148148148148,216
15,0.5,1.5,0.3,1.5,2,7,False,18.100555555555555,20.35,1.8065787037037038,1.819,-80.77,121.88,-19.70171296296296,-116.14,5950,27.546296296296298,50.287962962962965,81.48148148148148,216
15,0.5,1.5,0.3,1.5,3,7,False,18.100555555555555,20.35,1.8065787037037038,1.819,-80.77,121.88,-19.70171296296296,-116.14,5950,27.546296296296298,50.287962962962965,81.48148148148148,216
15,0.5,1.5,0.3,1.5,5,7,False,18.100555555555555,20.35,1.8065787037037038,1.819,-80.77,121.88,-19.70171296296296,-116.14,5950,27.546296296296298,50.287962962962965,81.48148148148148,216
20,0.3,1.0,-0.3,1.5,5,5,False,18.096944444444446,20.075,1.9065555555555558,1.7345000000000002,-72.49,113.26,-19.363148148148152,-158.03,6734,31.175925925925927,50.16203703703704,81.01851851851852,216
20,0.3,1.0,-0.3,1.5,2,5,False,18.096944444444446,20.075,1.9065555555555558,1.7345000000000002,-72.49,113.26,-19.363148148148152,-158.03,6734,31.175925925925927,50.16203703703704,81.01851851851852,216
20,0.3,1.0,-0.3,1.5,3,5,False,18.096944444444446,20.075,1.9065555555555558,1.7345000000000002,-72.49,113.26,-19.363148148148152,-158.03,6734,31.175925925925927,50.16203703703704,81.01851851851852,216
10,0.3,2.0,0.3,1.5,2,5,False,18.09625,18.175,1.5847685185185185,1.6265,-96.46,105.54,-17.993055555555557,-132.49,5780,26.75925925925926,53.2449074074074,83.33333333333334,216
10,0.3,2.0,0.3,1.5,3,5,False,18.09625,18.175,1.5847685185185185,1.6265,-96.46,105.54,-17.993055555555557,-132.49,5780,26.75925925925926,53.2449074074074,83.33333333333334,216
10,0.3,2.0,0.3,1.5,5,5,False,18.09625,18.175,1.5847685185185185,1.6265,-96.46,105.54,-17.993055555555557,-132.49,5780,26.75925925925926,53.2449074074074,83.33333333333334,216
15,0.75,2.0,0.0,2.5,3,7,False,18.08662037037037,19.85,1.671712962962963,1.641,-88.93,119.14,-21.5724537037037,-167.19,2985,13.819444444444445,55.80416666666666,79.16666666666666,216
15,0.75,2.0,0.0,2.5,5,7,False,18.08662037037037,19.85,1.671712962962963,1.641,-88.93,119.14,-21.5724537037037,-167.19,2985,13.819444444444445,55.80416666666666,79.16666666666666,216
15,0.75,2.0,0.0,2.5,2,7,False,18.08662037037037,19.85,1.671712962962963,1.641,-88.93,119.14,-21.5724537037037,-167.19,2985,13.819444444444445,55.80416666666666,79.16666666666666,216
20,0.5,1.5,0.3,2.5,3,5,False,18.067453703703706,20.045,1.8804490740740742,1.7765,-98.07,97.64,-18.46490740740741,-164.55,3716,17.203703703703702,59.480555555555554,84.72222222222221,216
20,0.5,1.5,0.3,2.5,5,5,False,18.067453703703706,20.045,1.8804490740740742,1.7765,-98.07,97.64,-18.46490740740741,-164.55,3716,17.203703703703702,59.480555555555554,84.72222222222221,216
20,0.5,1.5,0.3,2.5,2,5,False,18.067453703703706,20.045,1.8804490740740742,1.7765,-98.07,97.64,-18.46490740740741,-164.55,3716,17.203703703703702,59.480555555555554,84.72222222222221,216
20,0.75,1.0,0.0,1.5,3,5,False,18.063425925925927,19.835,1.9092546296296296,1.8365,-84.29,113.39,-19.211111111111112,-158.03,6247,28.921296296296298,50.03101851851852,82.4074074074074,216
20,0.75,1.0,0.0,1.5,2,5,False,18.063425925925927,19.835,1.9092546296296296,1.8365,-84.29,113.39,-19.211111111111112,-158.03,6247,28.921296296296298,50.03101851851852,82.4074074074074,216
20,0.75,1.0,0.0,1.5,5,5,False,18.063425925925927,19.835,1.9092546296296296,1.8365,-84.29,113.39,-19.211111111111112,-158.03,6247,28.921296296296298,50.03101851851852,82.4074074074074,216
20,0.3,1.0,-0.3,2.0,5,7,False,18.02861111111111,19.215,1.72599537037037,1.7149999999999999,-93.32,148.19,-21.2125,-177.59,4730,21.89814814814815,51.25925925925926,79.62962962962963,216
20,0.3,1.0,-0.3,2.0,2,7,False,18.02861111111111,19.215,1.72599537037037,1.7149999999999999,-93.32,148.19,-21.2125,-177.59,4730,21.89814814814815,51.25925925925926,79.62962962962963,216
20,0.3,1.0,-0.3,2.0,3,7,False,18.02861111111111,19.215,1.72599537037037,1.7149999999999999,-93.32,148.19,-21.2125,-177.59,4730,21.89814814814815,51.25925925925926,79.62962962962963,216
20,0.5,1.5,-0.3,2.0,5,5,False,18.024675925925926,18.7,1.7785092592592593,1.6585,-93.49,111.82,-19.480462962962967,-146.51,4149,19.208333333333332,53.92407407407408,82.87037037037037,216
20,0.5,1.5,-0.3,2.0,3,5,False,18.024675925925926,18.7,1.7785092592592593,1.6585,-93.49,111.82,-19.480462962962967,-146.51,4149,19.208333333333332,53.92407407407408,82.87037037037037,216
20,0.5,1.5,-0.3,2.0,2,5,False,18.024675925925926,18.7,1.7785092592592593,1.6585,-93.49,111.82,-19.480462962962967,-146.51,4149,19.208333333333332,53.92407407407408,82.87037037037037,216
15,0.75,1.5,0.0,1.5,5,7,False,18.005,20.625,1.7632407407407409,1.7235,-78.79,118.44,-20.586805555555557,-113.39,5609,25.96759259259259,47.95601851851852,80.0925925925926,216
15,0.75,1.5,0.0,1.5,3,7,False,18.005,20.625,1.7632407407407409,1.7235,-78.79,118.44,-20.586805555555557,-113.39,5609,25.96759259259259,47.95601851851852,80.0925925925926,216
15,0.75,1.5,0.0,1.5,2,7,False,18.005,20.625,1.7632407407407409,1.7235,-78.79,118.44,-20.586805555555557,-113.39,5609,25.96759259259259,47.95601851851852,80.0925925925926,216
20,0.75,1.0,-0.3,1.5,2,5,False,17.93726851851852,20.125,1.8805833333333335,1.7155,-73.52,113.63,-19.431666666666665,-158.03,6221,28.800925925925927,49.53333333333334,80.55555555555556,216
20,0.75,1.0,-0.3,1.5,3,5,False,17.93726851851852,20.125,1.8805833333333335,1.7155,-73.52,113.63,-19.431666666666665,-158.03,6221,28.800925925925927,49.53333333333334,80.55555555555556,216
20,0.75,1.0,-0.3,1.5,5,5,False,17.93726851851852,20.125,1.8805833333333335,1.7155,-73.52,113.63,-19.431666666666665,-158.03,6221,28.800925925925927,49.53333333333334,80.55555555555556,216
20,0.3,1.0,0.0,2.0,2,7,False,17.930092592592594,20.445,1.7360370370370373,1.7385000000000002,-94.03,129.95,-20.812546296296297,-177.59,4803,22.23611111111111,52.87314814814815,80.0925925925926,216
20,0.3,1.0,0.0,2.0,3,7,False,17.930092592592594,20.445,1.7360370370370373,1.7385000000000002,-94.03,129.95,-20.812546296296297,-177.59,4803,22.23611111111111,52.87314814814815,80.0925925925926,216
20,0.3,1.0,0.0,2.0,5,7,False,17.930092592592594,20.445,1.7360370370370373,1.7385000000000002,-94.03,129.95,-20.812546296296297,-177.59,4803,22.23611111111111,52.87314814814815,80.0925925925926,216
15,0.75,1.5,-0.3,1.5,5,7,False,17.92902777777778,20.555,1.6972916666666666,1.6825,-80.84,108.49,-21.091481481481484,-136.96,5574,25.805555555555557,46.761574074074076,77.77777777777779,216
15,0.75,1.5,-0.3,1.5,2,7,False,17.92902777777778,20.555,1.6972916666666666,1.6825,-80.84,108.49,-21.091481481481484,-136.96,5574,25.805555555555557,46.761574074074076,77.77777777777779,216
15,0.75,1.5,-0.3,1.5,3,7,False,17.92902777777778,20.555,1.6972916666666666,1.6825,-80.84,108.49,-21.091481481481484,-136.96,5574,25.805555555555557,46.761574074074076,77.77777777777779,216
15,0.75,2.0,-0.3,2.5,3,7,False,17.922222222222224,18.6,1.5991342592592592,1.597,-90.97,104.78,-21.974768518518516,-169.05,2947,13.643518518518519,53.83935185185185,79.62962962962963,216
15,0.75,2.0,-0.3,2.5,2,7,False,17.922222222222224,18.6,1.5991342592592592,1.597,-90.97,104.78,-21.974768518518516,-169.05,2947,13.643518518518519,53.83935185185185,79.62962962962963,216
15,0.75,2.0,-0.3,2.5,5,7,False,17.922222222222224,18.6,1.5991342592592592,1.597,-90.97,104.78,-21.974768518518516,-169.05,2947,13.643518518518519,53.83935185185185,79.62962962962963,216
15,0.75,2.0,0.0,2.0,3,7,False,17.900324074074074,19.955,1.6601990740740742,1.7585,-87.53,106.94,-21.617685185185184,-162.9,3518,16.287037037037038,51.65601851851852,79.62962962962963,216
15,0.75,2.0,0.0,2.0,2,7,False,17.900324074074074,19.955,1.6601990740740742,1.7585,-87.53,106.94,-21.617685185185184,-162.9,3518,16.287037037037038,51.65601851851852,79.62962962962963,216
15,0.75,2.0,0.0,2.0,5,7,False,17.900324074074074,19.955,1.6601990740740742,1.7585,-87.53,106.94,-21.617685185185184,-162.9,3518,16.287037037037038,51.65601851851852,79.62962962962963,216
20,0.3,1.5,-0.3,2.0,5,5,False,17.87787037037037,18.805,1.797435185185185,1.6745,-92.25,114.73,-19.43263888888889,-146.51,4376,20.25925925925926,54.65,82.87037037037037,216
20,0.3,1.5,-0.3,2.0,3,5,False,17.87787037037037,18.805,1.797435185185185,1.6745,-92.25,114.73,-19.43263888888889,-146.51,4376,20.25925925925926,54.65,82.87037037037037,216
20,0.3,1.5,-0.3,2.0,2,5,False,17.87787037037037,18.805,1.797435185185185,1.6745,-92.25,114.73,-19.43263888888889,-146.51,4376,20.25925925925926,54.65,82.87037037037037,216
15,0.5,1.5,-0.3,2.5,3,5,False,17.866712962962964,19.494999999999997,1.6887175925925926,1.7200000000000002,-74.88,90.89,-20.12814814814815,-148.11,4119,19.069444444444443,55.5587962962963,76.85185185185185,216
15,0.5,1.5,-0.3,2.5,2,5,False,17.866712962962964,19.494999999999997,1.6887175925925926,1.7200000000000002,-74.88,90.89,-20.12814814814815,-148.11,4119,19.069444444444443,55.5587962962963,76.85185185185185,216
15,0.5,1.5,-0.3,2.5,5,5,False,17.866712962962964,19.494999999999997,1.6887175925925926,1.7200000000000002,-74.88,90.89,-20.12814814814815,-148.11,4119,19.069444444444443,55.5587962962963,76.85185185185185,216
20,0.5,1.0,0.3,2.5,5,7,False,17.844305555555554,21.155,1.8300185185185185,1.7734999999999999,-132.46,118.12,-20.35925925925926,-185.01,4108,19.01851851851852,57.8287037037037,81.01851851851852,216
20,0.5,1.0,0.3,2.5,2,7,False,17.844305555555554,21.155,1.8300185185185185,1.7734999999999999,-132.46,118.12,-20.35925925925926,-185.01,4108,19.01851851851852,57.8287037037037,81.01851851851852,216
20,0.5,1.0,0.3,2.5,3,7,False,17.844305555555554,21.155,1.8300185185185185,1.7734999999999999,-132.46,118.12,-20.35925925925926,-185.01,4108,19.01851851851852,57.8287037037037,81.01851851851852,216
20,0.75,1.5,0.0,2.5,2,5,False,17.834305555555556,18.605,1.8189907407407406,1.632,-97.4,99.51,-19.249814814814815,-171.91,3422,15.842592592592593,56.781481481481485,84.25925925925925,216
20,0.75,1.5,0.0,2.5,5,5,False,17.834305555555556,18.605,1.8189907407407406,1.632,-97.4,99.51,-19.249814814814815,-171.91,3422,15.842592592592593,56.781481481481485,84.25925925925925,216
20,0.75,1.5,0.0,2.5,3,5,False,17.834305555555556,18.605,1.8189907407407406,1.632,-97.4,99.51,-19.249814814814815,-171.91,3422,15.842592592592593,56.781481481481485,84.25925925925925,216
20,0.5,1.0,-0.3,2.0,3,7,False,17.831990740740743,19.535,1.7212824074074076,1.7105000000000001,-93.35,148.19,-21.35361111111111,-178.2,4542,21.02777777777778,50.444907407407406,79.62962962962963,216
20,0.5,1.0,-0.3,2.0,5,7,False,17.831990740740743,19.535,1.7212824074074076,1.7105000000000001,-93.35,148.19,-21.35361111111111,-178.2,4542,21.02777777777778,50.444907407407406,79.62962962962963,216
20,0.5,1.0,-0.3,2.0,2,7,False,17.831990740740743,19.535,1.7212824074074076,1.7105000000000001,-93.35,148.19,-21.35361111111111,-178.2,4542,21.02777777777778,50.444907407407406,79.62962962962963,216
20,0.5,1.0,0.0,2.0,5,7,False,17.825833333333335,20.72,1.7323472222222223,1.7,-94.05,127.05,-20.914305555555554,-178.2,4592,21.25925925925926,51.672222222222224,80.0925925925926,216
20,0.5,1.0,0.0,2.0,3,7,False,17.825833333333335,20.72,1.7323472222222223,1.7,-94.05,127.05,-20.914305555555554,-178.2,4592,21.25925925925926,51.672222222222224,80.0925925925926,216
20,0.5,1.0,0.0,2.0,2,7,False,17.825833333333335,20.72,1.7323472222222223,1.7,-94.05,127.05,-20.914305555555554,-178.2,4592,21.25925925925926,51.672222222222224,80.0925925925926,216
20,0.3,1.0,-0.3,2.5,3,7,False,17.811342592592595,17.89,1.758148148148148,1.6484999999999999,-128.37,158.37,-20.86078703703704,-195.93,4160,19.25925925925926,54.3375,82.87037037037037,216
20,0.3,1.0,-0.3,2.5,5,7,False,17.811342592592595,17.89,1.758148148148148,1.6484999999999999,-128.37,158.37,-20.86078703703704,-195.93,4160,19.25925925925926,54.3375,82.87037037037037,216
20,0.3,1.0,-0.3,2.5,2,7,False,17.811342592592595,17.89,1.758148148148148,1.6484999999999999,-128.37,158.37,-20.86078703703704,-195.93,4160,19.25925925925926,54.3375,82.87037037037037,216
15,0.5,2.0,0.3,2.5,2,7,False,17.808101851851852,19.490000000000002,1.6755092592592593,1.6985000000000001,-94.41,114.95,-20.627268518518516,-174.94,3300,15.277777777777779,59.094907407407405,80.55555555555556,216
15,0.5,2.0,0.3,2.5,5,7,False,17.808101851851852,19.490000000000002,1.6755092592592593,1.6985000000000001,-94.41,114.95,-20.627268518518516,-174.94,3300,15.277777777777779,59.094907407407405,80.55555555555556,216
15,0.5,2.0,0.3,2.5,3,7,False,17.808101851851852,19.490000000000002,1.6755092592592593,1.6985000000000001,-94.41,114.95,-20.627268518518516,-174.94,3300,15.277777777777779,59.094907407407405,80.55555555555556,216
10,0.5,2.0,-0.3,2.5,5,5,False,17.804490740740743,17.884999999999998,1.50924537037037,1.549,-85.03,98.11,-20.549675925925925,-183.0,4162,19.26851851851852,55.6087962962963,78.24074074074075,216
10,0.5,2.0,-0.3,2.5,2,5,False,17.804490740740743,17.884999999999998,1.50924537037037,1.549,-85.03,98.11,-20.549675925925925,-183.0,4162,19.26851851851852,55.6087962962963,78.24074074074075,216
10,0.5,2.0,-0.3,2.5,3,5,False,17.804490740740743,17.884999999999998,1.50924537037037,1.549,-85.03,98.11,-20.549675925925925,-183.0,4162,19.26851851851852,55.6087962962963,78.24074074074075,216
15,0.5,1.5,0.0,1.5,3,5,False,17.797453703703702,19.36,1.7559814814814816,1.75,-76.73,113.86,-20.001527777777778,-113.39,6039,27.958333333333332,50.21944444444445,81.48148148148148,216
15,0.5,1.5,0.0,1.5,2,5,False,17.797453703703702,19.36,1.7559814814814816,1.75,-76.73,113.86,-20.001527777777778,-113.39,6039,27.958333333333332,50.21944444444445,81.48148148148148,216
15,0.5,1.5,0.0,1.5,5,5,False,17.797453703703702,19.36,1.7559814814814816,1.75,-76.73,113.86,-20.001527777777778,-113.39,6039,27.958333333333332,50.21944444444445,81.48148148148148,216
20,0.75,1.0,-0.3,2.5,5,7,False,17.78939814814815,18.465,1.7333472222222224,1.6705,-135.75,158.22,-21.463888888888892,-195.93,3774,17.47222222222222,53.106944444444444,80.55555555555556,216
20,0.75,1.0,-0.3,2.5,3,7,False,17.78939814814815,18.465,1.7333472222222224,1.6705,-135.75,158.22,-21.463888888888892,-195.93,3774,17.47222222222222,53.106944444444444,80.55555555555556,216
20,0.75,1.0,-0.3,2.5,2,7,False,17.78939814814815,18.465,1.7333472222222224,1.6705,-135.75,158.22,-21.463888888888892,-195.93,3774,17.47222222222222,53.106944444444444,80.55555555555556,216
20,0.5,1.0,0.0,2.5,2,7,False,17.762222222222224,19.729999999999997,1.7664490740740741,1.6385,-135.75,131.22,-20.81537037037037,-195.93,4026,18.63888888888889,54.96666666666666,83.33333333333334,216
20,0.5,1.0,0.0,2.5,3,7,False,17.762222222222224,19.729999999999997,1.7664490740740741,1.6385,-135.75,131.22,-20.81537037037037,-195.93,4026,18.63888888888889,54.96666666666666,83.33333333333334,216
20,0.5,1.0,0.0,2.5,5,7,False,17.762222222222224,19.729999999999997,1.7664490740740741,1.6385,-135.75,131.22,-20.81537037037037,-195.93,4026,18.63888888888889,54.96666666666666,83.33333333333334,216
15,0.5,1.5,-0.3,1.5,5,7,False,17.73888888888889,20.57,1.691685185185185,1.6724999999999999,-87.34,108.88,-21.012638888888887,-136.96,5807,26.88425925925926,46.70092592592593,78.24074074074075,216
15,0.5,1.5,-0.3,1.5,2,7,False,17.73888888888889,20.57,1.691685185185185,1.6724999999999999,-87.34,108.88,-21.012638888888887,-136.96,5807,26.88425925925926,46.70092592592593,78.24074074074075,216
15,0.5,1.5,-0.3,1.5,3,7,False,17.73888888888889,20.57,1.691685185185185,1.6724999999999999,-87.34,108.88,-21.012638888888887,-136.96,5807,26.88425925925926,46.70092592592593,78.24074074074075,216
15,0.75,2.0,0.3,2.0,3,7,False,17.738333333333333,20.555,1.6972453703703705,1.7545,-92.85,114.63,-20.89166666666667,-172.88,3587,16.60648148148148,53.49212962962962,79.16666666666666,216
15,0.75,2.0,0.3,2.0,5,7,False,17.738333333333333,20.555,1.6972453703703705,1.7545,-92.85,114.63,-20.89166666666667,-172.88,3587,16.60648148148148,53.49212962962962,79.16666666666666,216
15,0.75,2.0,0.3,2.0,2,7,False,17.738333333333333,20.555,1.6972453703703705,1.7545,-92.85,114.63,-20.89166666666667,-172.88,3587,16.60648148148148,53.49212962962962,79.16666666666666,216
15,0.75,1.5,0.3,2.5,3,3,False,17.73148148148148,19.58,1.7715833333333335,1.7694999999999999,-75.76,106.17,-18.885555555555555,-113.39,4645,21.50462962962963,58.758796296296296,82.4074074074074,216
15,0.75,1.5,0.3,2.5,5,3,False,17.73148148148148,19.58,1.7715833333333335,1.7694999999999999,-75.76,106.17,-18.885555555555555,-113.39,4645,21.50462962962963,58.758796296296296,82.4074074074074,216
15,0.75,1.5,0.3,2.5,2,3,False,17.73148148148148,19.58,1.7715833333333335,1.7694999999999999,-75.76,106.17,-18.885555555555555,-113.39,4645,21.50462962962963,58.758796296296296,82.4074074074074,216
10,0.3,2.0,-0.3,2.5,2,5,False,17.725324074074074,17.9,1.5039675925925924,1.577,-85.99,96.62,-20.60263888888889,-184.53,4420,20.462962962962962,55.74861111111112,79.62962962962963,216
10,0.3,2.0,-0.3,2.5,3,5,False,17.725324074074074,17.9,1.5039675925925924,1.577,-85.99,96.62,-20.60263888888889,-184.53,4420,20.462962962962962,55.74861111111112,79.62962962962963,216
10,0.3,2.0,-0.3,2.5,5,5,False,17.725324074074074,17.9,1.5039675925925924,1.577,-85.99,96.62,-20.60263888888889,-184.53,4420,20.462962962962962,55.74861111111112,79.62962962962963,216
15,0.75,1.5,0.0,1.5,3,5,False,17.721388888888892,19.36,1.7506944444444443,1.758,-77.33,113.8,-20.139768518518515,-113.39,5741,26.578703703703702,50.089814814814815,81.01851851851852,216
15,0.75,1.5,0.0,1.5,5,5,False,17.721388888888892,19.36,1.7506944444444443,1.758,-77.33,113.8,-20.139768518518515,-113.39,5741,26.578703703703702,50.089814814814815,81.01851851851852,216
15,0.75,1.5,0.0,1.5,2,5,False,17.721388888888892,19.36,1.7506944444444443,1.758,-77.33,113.8,-20.139768518518515,-113.39,5741,26.578703703703702,50.089814814814815,81.01851851851852,216
15,0.5,1.5,0.0,1.5,3,7,False,17.713101851851857,20.13,1.7425138888888891,1.6495,-85.04,118.5,-20.60962962962963,-113.39,5864,27.14814814814815,48.1199074074074,80.0925925925926,216
15,0.5,1.5,0.0,1.5,2,7,False,17.713101851851857,20.13,1.7425138888888891,1.6495,-85.04,118.5,-20.60962962962963,-113.39,5864,27.14814814814815,48.1199074074074,80.0925925925926,216
15,0.5,1.5,0.0,1.5,5,7,False,17.713101851851857,20.13,1.7425138888888891,1.6495,-85.04,118.5,-20.60962962962963,-113.39,5864,27.14814814814815,48.1199074074074,80.0925925925926,216
20,0.75,1.0,0.0,2.5,3,7,False,17.692175925925923,19.174999999999997,1.734550925925926,1.629,-135.75,131.63,-21.15231481481481,-195.93,3813,17.65277777777778,54.31388888888888,81.48148148148148,216
20,0.75,1.0,0.0,2.5,5,7,False,17.692175925925923,19.174999999999997,1.734550925925926,1.629,-135.75,131.63,-21.15231481481481,-195.93,3813,17.65277777777778,54.31388888888888,81.48148148148148,216
20,0.75,1.0,0.0,2.5,2,7,False,17.692175925925923,19.174999999999997,1.734550925925926,1.629,-135.75,131.63,-21.15231481481481,-195.93,3813,17.65277777777778,54.31388888888888,81.48148148148148,216
20,0.5,1.0,0.3,1.5,5,7,False,17.659444444444443,19.75,1.8973842592592594,1.9129999999999998,-88.84,117.78,-19.128564814814816,-119.9,6206,28.73148148148148,50.12314814814815,81.48148148148148,216
20,0.5,1.0,0.3,1.5,2,7,False,17.659444444444443,19.75,1.8973842592592594,1.9129999999999998,-88.84,117.78,-19.128564814814816,-119.9,6206,28.73148148148148,50.12314814814815,81.48148148148148,216
20,0.5,1.0,0.3,1.5,3,7,False,17.659444444444443,19.75,1.8973842592592594,1.9129999999999998,-88.84,117.78,-19.128564814814816,-119.9,6206,28.73148148148148,50.12314814814815,81.48148148148148,216
20,0.75,1.0,0.3,1.5,5,7,False,17.641481481481485,20.015,1.8970694444444445,1.9085,-88.04,111.55,-19.142175925925926,-119.9,5965,27.61574074074074,49.2912037037037,81.48148148148148,216
20,0.75,1.0,0.3,1.5,2,7,False,17.641481481481485,20.015,1.8970694444444445,1.9085,-88.04,111.55,-19.142175925925926,-119.9,5965,27.61574074074074,49.2912037037037,81.48148148148148,216
20,0.75,1.0,0.3,1.5,3,7,False,17.641481481481485,20.015,1.8970694444444445,1.9085,-88.04,111.55,-19.142175925925926,-119.9,5965,27.61574074074074,49.2912037037037,81.48148148148148,216
15,0.3,1.5,0.3,2.5,5,3,False,17.634953703703705,19.375,1.764324074074074,1.7255,-96.29,106.54,-18.786898148148147,-113.39,5399,24.99537037037037,59.22731481481482,81.94444444444444,216
15,0.3,1.5,0.3,2.5,3,3,False,17.634953703703705,19.375,1.764324074074074,1.7255,-96.29,106.54,-18.786898148148147,-113.39,5399,24.99537037037037,59.22731481481482,81.94444444444444,216
15,0.3,1.5,0.3,2.5,2,3,False,17.634953703703705,19.375,1.764324074074074,1.7255,-96.29,106.54,-18.786898148148147,-113.39,5399,24.99537037037037,59.22731481481482,81.94444444444444,216
15,0.75,2.0,0.0,2.5,2,5,False,17.633842592592593,18.04,1.6978703703703704,1.71,-76.62,103.45,-19.920277777777777,-146.06,3221,14.912037037037036,56.914351851851855,80.55555555555556,216
15,0.75,2.0,0.0,2.5,5,5,False,17.633842592592593,18.04,1.6978703703703704,1.71,-76.62,103.45,-19.920277777777777,-146.06,3221,14.912037037037036,56.914351851851855,80.55555555555556,216
15,0.75,2.0,0.0,2.5,3,5,False,17.633842592592593,18.04,1.6978703703703704,1.71,-76.62,103.45,-19.920277777777777,-146.06,3221,14.912037037037036,56.914351851851855,80.55555555555556,216
15,0.5,1.5,0.3,2.5,2,3,False,17.624953703703703,19.5,1.7641342592592593,1.7305000000000001,-94.8,106.54,-18.81037037037037,-113.39,5062,23.435185185185187,58.98055555555556,82.4074074074074,216
15,0.5,1.5,0.3,2.5,5,3,False,17.624953703703703,19.5,1.7641342592592593,1.7305000000000001,-94.8,106.54,-18.81037037037037,-113.39,5062,23.435185185185187,58.98055555555556,82.4074074074074,216
15,0.5,1.5,0.3,2.5,3,3,False,17.624953703703703,19.5,1.7641342592592593,1.7305000000000001,-94.8,106.54,-18.81037037037037,-113.39,5062,23.435185185185187,58.98055555555556,82.4074074074074,216
10,0.75,2.0,-0.3,2.0,3,3,False,17.621435185185184,17.34,1.5505787037037038,1.4049999999999998,-101.54,95.26,-18.674490740740744,-183.04,4802,22.23148148148148,54.13194444444444,82.4074074074074,216
10,0.75,2.0,-0.3,2.0,2,3,False,17.621435185185184,17.34,1.5505787037037038,1.4049999999999998,-101.54,95.26,-18.674490740740744,-183.04,4802,22.23148148148148,54.13194444444444,82.4074074074074,216
10,0.75,2.0,-0.3,2.0,5,3,False,17.621435185185184,17.34,1.5505787037037038,1.4049999999999998,-101.54,95.26,-18.674490740740744,-183.04,4802,22.23148148148148,54.13194444444444,82.4074074074074,216
10,0.75,2.0,0.3,2.5,2,3,False,17.611388888888886,18.884999999999998,1.5707268518518518,1.6309999999999998,-128.11,107.65,-18.566712962962963,-196.08,4415,20.439814814814813,58.13981481481482,80.0925925925926,216
10,0.75,2.0,0.3,2.5,5,3,False,17.611388888888886,18.884999999999998,1.5707268518518518,1.6309999999999998,-128.11,107.65,-18.566712962962963,-196.08,4415,20.439814814814813,58.13981481481482,80.0925925925926,216
10,0.75,2.0,0.3,2.5,3,3,False,17.611388888888886,18.884999999999998,1.5707268518518518,1.6309999999999998,-128.11,107.65,-18.566712962962963,-196.08,4415,20.439814814814813,58.13981481481482,80.0925925925926,216
10,0.75,2.0,0.3,2.0,2,3,False,17.611296296296295,18.810000000000002,1.583814814814815,1.5465,-116.51,94.94,-18.182037037037038,-184.48,4823,22.328703703703702,55.40787037037036,82.87037037037037,216
10,0.75,2.0,0.3,2.0,3,3,False,17.611296296296295,18.810000000000002,1.583814814814815,1.5465,-116.51,94.94,-18.182037037037038,-184.48,4823,22.328703703703702,55.40787037037036,82.87037037037037,216
10,0.75,2.0,0.3,2.0,5,3,False,17.611296296296295,18.810000000000002,1.583814814814815,1.5465,-116.51,94.94,-18.182037037037038,-184.48,4823,22.328703703703702,55.40787037037036,82.87037037037037,216
15,0.75,2.0,0.3,2.5,3,5,False,17.605972222222224,19.125,1.7499305555555555,1.7445,-82.52,105.01,-19.43564814814815,-146.06,3254,15.064814814814815,59.09351851851852,79.62962962962963,216
15,0.75,2.0,0.3,2.5,2,5,False,17.605972222222224,19.125,1.7499305555555555,1.7445,-82.52,105.01,-19.43564814814815,-146.06,3254,15.064814814814815,59.09351851851852,79.62962962962963,216
15,0.75,2.0,0.3,2.5,5,5,False,17.605972222222224,19.125,1.7499305555555555,1.7445,-82.52,105.01,-19.43564814814815,-146.06,3254,15.064814814814815,59.09351851851852,79.62962962962963,216
20,0.5,1.0,-0.3,2.5,5,7,False,17.60337962962963,18.025,1.7557407407407408,1.653,-135.75,158.37,-21.218472222222225,-195.93,3973,18.39351851851852,53.51018518518518,82.87037037037037,216
20,0.5,1.0,-0.3,2.5,2,7,False,17.60337962962963,18.025,1.7557407407407408,1.653,-135.75,158.37,-21.218472222222225,-195.93,3973,18.39351851851852,53.51018518518518,82.87037037037037,216
20,0.5,1.0,-0.3,2.5,3,7,False,17.60337962962963,18.025,1.7557407407407408,1.653,-135.75,158.37,-21.218472222222225,-195.93,3973,18.39351851851852,53.51018518518518,82.87037037037037,216
15,0.3,2.0,0.3,2.5,3,7,False,17.603333333333335,19.625,1.6952453703703705,1.803,-94.87,115.12,-20.538981481481482,-175.71,3520,16.296296296296298,59.98935185185186,80.55555555555556,216
15,0.3,2.0,0.3,2.5,5,7,False,17.603333333333335,19.625,1.6952453703703705,1.803,-94.87,115.12,-20.538981481481482,-175.71,3520,16.296296296296298,59.98935185185186,80.55555555555556,216
15,0.3,2.0,0.3,2.5,2,7,False,17.603333333333335,19.625,1.6952453703703705,1.803,-94.87,115.12,-20.538981481481482,-175.71,3520,16.296296296296298,59.98935185185186,80.55555555555556,216
15,0.75,1.0,0.0,1.5,5,3,False,17.598148148148148,18.825,1.8257916666666665,1.7875,-77.6,123.53,-19.45726851851852,-113.39,7571,35.050925925925924,52.216203703703705,79.16666666666666,216
15,0.75,1.0,0.0,1.5,3,3,False,17.598148148148148,18.825,1.8257916666666665,1.7875,-77.6,123.53,-19.45726851851852,-113.39,7571,35.050925925925924,52.216203703703705,79.16666666666666,216
15,0.75,1.0,0.0,1.5,2,3,False,17.598148148148148,18.825,1.8257916666666665,1.7875,-77.6,123.53,-19.45726851851852,-113.39,7571,35.050925925925924,52.216203703703705,79.16666666666666,216
20,0.75,1.5,-0.3,2.5,5,5,False,17.587175925925923,17.935000000000002,1.7938194444444444,1.6724999999999999,-97.4,99.75,-19.56736111111111,-171.91,3406,15.768518518518519,55.640277777777776,82.87037037037037,216
20,0.75,1.5,-0.3,2.5,3,5,False,17.587175925925923,17.935000000000002,1.7938194444444444,1.6724999999999999,-97.4,99.75,-19.56736111111111,-171.91,3406,15.768518518518519,55.640277777777776,82.87037037037037,216
20,0.75,1.5,-0.3,2.5,2,5,False,17.587175925925923,17.935000000000002,1.7938194444444444,1.6724999999999999,-97.4,99.75,-19.56736111111111,-171.91,3406,15.768518518518519,55.640277777777776,82.87037037037037,216
15,0.75,1.5,0.3,1.5,3,5,False,17.582824074074075,19.705,1.7915277777777778,1.8375,-78.81,117.69,-19.568842592592592,-117.72,5772,26.72222222222222,51.3537037037037,82.4074074074074,216
15,0.75,1.5,0.3,1.5,5,5,False,17.582824074074075,19.705,1.7915277777777778,1.8375,-78.81,117.69,-19.568842592592592,-117.72,5772,26.72222222222222,51.3537037037037,82.4074074074074,216
15,0.75,1.5,0.3,1.5,2,5,False,17.582824074074075,19.705,1.7915277777777778,1.8375,-78.81,117.69,-19.568842592592592,-117.72,5772,26.72222222222222,51.3537037037037,82.4074074074074,216
20,0.3,1.5,0.3,2.5,5,5,False,17.581342592592595,18.915,1.8597314814814818,1.7825,-87.49,97.37,-18.488750000000003,-164.55,3997,18.50462962962963,60.59953703703704,84.72222222222221,216
20,0.3,1.5,0.3,2.5,2,5,False,17.581342592592595,18.915,1.8597314814814818,1.7825,-87.49,97.37,-18.488750000000003,-164.55,3997,18.50462962962963,60.59953703703704,84.72222222222221,216
20,0.3,1.5,0.3,2.5,3,5,False,17.581342592592595,18.915,1.8597314814814818,1.7825,-87.49,97.37,-18.488750000000003,-164.55,3997,18.50462962962963,60.59953703703704,84.72222222222221,216
10,0.75,2.0,-0.3,2.5,2,3,False,17.571296296296296,17.485,1.5322916666666668,1.513,-113.14,104.87,-18.991296296296294,-194.64,4398,20.36111111111111,56.835648148148145,79.62962962962963,216
10,0.75,2.0,-0.3,2.5,3,3,False,17.571296296296296,17.485,1.5322916666666668,1.513,-113.14,104.87,-18.991296296296294,-194.64,4398,20.36111111111111,56.835648148148145,79.62962962962963,216
10,0.75,2.0,-0.3,2.5,5,3,False,17.571296296296296,17.485,1.5322916666666668,1.513,-113.14,104.87,-18.991296296296294,-194.64,4398,20.36111111111111,56.835648148148145,79.62962962962963,216
20,0.75,1.5,0.3,2.0,3,7,False,17.564305555555556,19.935,1.7682685185185187,1.75,-97.88,109.28,-20.083287037037035,-178.2,3688,17.074074074074073,53.33796296296296,79.62962962962963,216
20,0.75,1.5,0.3,2.0,5,7,False,17.564305555555556,19.935,1.7682685185185187,1.75,-97.88,109.28,-20.083287037037035,-178.2,3688,17.074074074074073,53.33796296296296,79.62962962962963,216
20,0.75,1.5,0.3,2.0,2,7,False,17.564305555555556,19.935,1.7682685185185187,1.75,-97.88,109.28,-20.083287037037035,-178.2,3688,17.074074074074073,53.33796296296296,79.62962962962963,216
15,0.5,1.0,0.0,1.5,2,3,False,17.56324074074074,19.145000000000003,1.8248935185185187,1.829,-93.42,123.37,-19.54287037037037,-113.39,7985,36.967592592592595,52.134722222222216,78.70370370370371,216
15,0.5,1.0,0.0,1.5,5,3,False,17.56324074074074,19.145000000000003,1.8248935185185187,1.829,-93.42,123.37,-19.54287037037037,-113.39,7985,36.967592592592595,52.134722222222216,78.70370370370371,216
15,0.5,1.0,0.0,1.5,3,3,False,17.56324074074074,19.145000000000003,1.8248935185185187,1.829,-93.42,123.37,-19.54287037037037,-113.39,7985,36.967592592592595,52.134722222222216,78.70370370370371,216
15,0.5,1.5,0.3,1.5,3,5,False,17.547453703703702,19.77,1.7883055555555556,1.863,-76.32,117.24,-19.52032407407407,-117.72,6101,28.24537037037037,51.77222222222222,81.94444444444444,216
15,0.5,1.5,0.3,1.5,5,5,False,17.547453703703702,19.77,1.7883055555555556,1.863,-76.32,117.24,-19.52032407407407,-117.72,6101,28.24537037037037,51.77222222222222,81.94444444444444,216
15,0.5,1.5,0.3,1.5,2,5,False,17.547453703703702,19.77,1.7883055555555556,1.863,-76.32,117.24,-19.52032407407407,-117.72,6101,28.24537037037037,51.77222222222222,81.94444444444444,216
15,0.5,2.0,0.3,2.0,2,7,False,17.53763888888889,20.305,1.666185185185185,1.787,-92.85,120.14,-20.85875,-172.88,3851,17.828703703703702,54.543055555555554,79.62962962962963,216
15,0.5,2.0,0.3,2.0,5,7,False,17.53763888888889,20.305,1.666185185185185,1.787,-92.85,120.14,-20.85875,-172.88,3851,17.828703703703702,54.543055555555554,79.62962962962963,216
15,0.5,2.0,0.3,2.0,3,7,False,17.53763888888889,20.305,1.666185185185185,1.787,-92.85,120.14,-20.85875,-172.88,3851,17.828703703703702,54.543055555555554,79.62962962962963,216
20,0.5,1.0,-0.3,1.5,5,7,False,17.502916666666668,20.225,1.7913981481481482,1.7610000000000001,-85.78,138.17,-20.35115740740741,-161.6,6054,28.02777777777778,46.864814814814814,79.16666666666666,216
20,0.5,1.0,-0.3,1.5,3,7,False,17.502916666666668,20.225,1.7913981481481482,1.7610000000000001,-85.78,138.17,-20.35115740740741,-161.6,6054,28.02777777777778,46.864814814814814,79.16666666666666,216
20,0.5,1.0,-0.3,1.5,2,7,False,17.502916666666668,20.225,1.7913981481481482,1.7610000000000001,-85.78,138.17,-20.35115740740741,-161.6,6054,28.02777777777778,46.864814814814814,79.16666666666666,216
20,0.3,1.0,-0.3,1.5,5,7,False,17.48986111111111,20.675,1.7771759259259259,1.7785,-85.45,138.17,-20.375092592592594,-161.6,6265,29.00462962962963,47.577777777777776,77.77777777777779,216
20,0.3,1.0,-0.3,1.5,3,7,False,17.48986111111111,20.675,1.7771759259259259,1.7785,-85.45,138.17,-20.375092592592594,-161.6,6265,29.00462962962963,47.577777777777776,77.77777777777779,216
20,0.3,1.0,-0.3,1.5,2,7,False,17.48986111111111,20.675,1.7771759259259259,1.7785,-85.45,138.17,-20.375092592592594,-161.6,6265,29.00462962962963,47.577777777777776,77.77777777777779,216
15,0.3,2.0,-0.3,2.5,3,7,False,17.47550925925926,19.19,1.6242685185185184,1.6555,-91.43,107.68,-21.504722222222224,-169.77,3334,15.435185185185185,54.71944444444444,78.24074074074075,216
15,0.3,2.0,-0.3,2.5,2,7,False,17.47550925925926,19.19,1.6242685185185184,1.6555,-91.43,107.68,-21.504722222222224,-169.77,3334,15.435185185185185,54.71944444444444,78.24074074074075,216
15,0.3,2.0,-0.3,2.5,5,7,False,17.47550925925926,19.19,1.6242685185185184,1.6555,-91.43,107.68,-21.504722222222224,-169.77,3334,15.435185185185185,54.71944444444444,78.24074074074075,216
15,0.5,1.0,-0.3,1.5,2,3,False,17.464675925925924,18.725,1.7869305555555557,1.7690000000000001,-93.42,123.66,-19.59912037037037,-113.39,7963,36.86574074074074,51.50277777777778,78.70370370370371,216
15,0.5,1.0,-0.3,1.5,5,3,False,17.464675925925924,18.725,1.7869305555555557,1.7690000000000001,-93.42,123.66,-19.59912037037037,-113.39,7963,36.86574074074074,51.50277777777778,78.70370370370371,216
15,0.5,1.0,-0.3,1.5,3,3,False,17.464675925925924,18.725,1.7869305555555557,1.7690000000000001,-93.42,123.66,-19.59912037037037,-113.39,7963,36.86574074074074,51.50277777777778,78.70370370370371,216
15,0.3,1.0,0.0,1.5,2,3,False,17.454398148148147,17.85,1.8201527777777775,1.759,-94.9,123.53,-19.558935185185184,-113.39,8329,38.56018518518518,52.48194444444445,80.0925925925926,216
15,0.3,1.0,0.0,1.5,5,3,False,17.454398148148147,17.85,1.8201527777777775,1.759,-94.9,123.53,-19.558935185185184,-113.39,8329,38.56018518518518,52.48194444444445,80.0925925925926,216
15,0.3,1.0,0.0,1.5,3,3,False,17.454398148148147,17.85,1.8201527777777775,1.759,-94.9,123.53,-19.558935185185184,-113.39,8329,38.56018518518518,52.48194444444445,80.0925925925926,216
15,0.5,2.0,-0.3,2.5,2,7,False,17.43574074074074,18.755,1.5945231481481483,1.6275,-90.97,108.29,-21.622731481481484,-169.05,3154,14.601851851851851,54.1287037037037,78.70370370370371,216
15,0.5,2.0,-0.3,2.5,5,7,False,17.43574074074074,18.755,1.5945231481481483,1.6275,-90.97,108.29,-21.622731481481484,-169.05,3154,14.601851851851851,54.1287037037037,78.70370370370371,216
15,0.5,2.0,-0.3,2.5,3,7,False,17.43574074074074,18.755,1.5945231481481483,1.6275,-90.97,108.29,-21.622731481481484,-169.05,3154,14.601851851851851,54.1287037037037,78.70370370370371,216
10,0.75,2.0,0.0,2.0,3,3,False,17.41013888888889,18.125,1.5501944444444444,1.4915,-114.11,95.51,-18.57601851851852,-183.04,4810,22.26851851851852,54.49212962962962,81.94444444444444,216
10,0.75,2.0,0.0,2.0,2,3,False,17.41013888888889,18.125,1.5501944444444444,1.4915,-114.11,95.51,-18.57601851851852,-183.04,4810,22.26851851851852,54.49212962962962,81.94444444444444,216
10,0.75,2.0,0.0,2.0,5,3,False,17.41013888888889,18.125,1.5501944444444444,1.4915,-114.11,95.51,-18.57601851851852,-183.04,4810,22.26851851851852,54.49212962962962,81.94444444444444,216
20,0.75,1.5,0.3,2.5,2,7,False,17.401435185185186,20.509999999999998,1.773652777777778,1.7325,-106.93,108.73,-20.26666666666667,-187.19,3155,14.606481481481481,57.26342592592593,81.94444444444444,216
20,0.75,1.5,0.3,2.5,3,7,False,17.401435185185186,20.509999999999998,1.773652777777778,1.7325,-106.93,108.73,-20.26666666666667,-187.19,3155,14.606481481481481,57.26342592592593,81.94444444444444,216
20,0.75,1.5,0.3,2.5,5,7,False,17.401435185185186,20.509999999999998,1.773652777777778,1.7325,-106.93,108.73,-20.26666666666667,-187.19,3155,14.606481481481481,57.26342592592593,81.94444444444444,216
15,0.75,1.5,0.3,2.0,5,3,False,17.390000000000004,19.259999999999998,1.769851851851852,1.742,-75.76,106.42,-18.987777777777776,-113.39,5106,23.63888888888889,55.96018518518518,81.01851851851852,216
15,0.75,1.5,0.3,2.0,3,3,False,17.390000000000004,19.259999999999998,1.769851851851852,1.742,-75.76,106.42,-18.987777777777776,-113.39,5106,23.63888888888889,55.96018518518518,81.01851851851852,216
15,0.75,1.5,0.3,2.0,2,3,False,17.390000000000004,19.259999999999998,1.769851851851852,1.742,-75.76,106.42,-18.987777777777776,-113.39,5106,23.63888888888889,55.96018518518518,81.01851851851852,216
15,0.75,1.0,-0.3,1.5,2,3,False,17.389305555555552,18.855,1.784347222222222,1.765,-77.6,123.53,-19.52726851851852,-113.39,7561,35.004629629629626,51.66620370370371,77.77777777777779,216
15,0.75,1.0,-0.3,1.5,3,3,False,17.389305555555552,18.855,1.784347222222222,1.765,-77.6,123.53,-19.52726851851852,-113.39,7561,35.004629629629626,51.66620370370371,77.77777777777779,216
15,0.75,1.0,-0.3,1.5,5,3,False,17.389305555555552,18.855,1.784347222222222,1.765,-77.6,123.53,-19.52726851851852,-113.39,7561,35.004629629629626,51.66620370370371,77.77777777777779,216
15,0.3,2.0,0.3,2.0,2,7,False,17.381249999999998,21.384999999999998,1.6848981481481484,1.8555000000000001,-93.31,120.3,-20.73402777777778,-173.63,4082,18.89814814814815,55.38842592592592,79.62962962962963,216
15,0.3,2.0,0.3,2.0,5,7,False,17.381249999999998,21.384999999999998,1.6848981481481484,1.8555000000000001,-93.31,120.3,-20.73402777777778,-173.63,4082,18.89814814814815,55.38842592592592,79.62962962962963,216
15,0.3,2.0,0.3,2.0,3,7,False,17.381249999999998,21.384999999999998,1.6848981481481484,1.8555000000000001,-93.31,120.3,-20.73402777777778,-173.63,4082,18.89814814814815,55.38842592592592,79.62962962962963,216
15,0.5,2.0,0.0,2.0,3,7,False,17.359861111111112,19.28,1.6152453703703704,1.755,-87.53,109.54,-21.64027777777778,-162.9,3764,17.425925925925927,52.149537037037035,79.62962962962963,216
15,0.5,2.0,0.0,2.0,5,7,False,17.359861111111112,19.28,1.6152453703703704,1.755,-87.53,109.54,-21.64027777777778,-162.9,3764,17.425925925925927,52.149537037037035,79.62962962962963,216
15,0.5,2.0,0.0,2.0,2,7,False,17.359861111111112,19.28,1.6152453703703704,1.755,-87.53,109.54,-21.64027777777778,-162.9,3764,17.425925925925927,52.149537037037035,79.62962962962963,216
10,0.75,2.0,0.0,2.5,3,3,False,17.345185185185183,17.185000000000002,1.5298749999999999,1.587,-125.71,106.81,-18.926296296296297,-194.64,4405,20.39351851851852,57.166666666666664,78.70370370370371,216
10,0.75,2.0,0.0,2.5,2,3,False,17.345185185185183,17.185000000000002,1.5298749999999999,1.587,-125.71,106.81,-18.926296296296297,-194.64,4405,20.39351851851852,57.166666666666664,78.70370370370371,216
10,0.75,2.0,0.0,2.5,5,3,False,17.345185185185183,17.185000000000002,1.5298749999999999,1.587,-125.71,106.81,-18.926296296296297,-194.64,4405,20.39351851851852,57.166666666666664,78.70370370370371,216
15,0.75,2.0,-0.3,2.0,5,7,False,17.33912037037037,19.705,1.590699074074074,1.6560000000000001,-89.57,96.99,-22.001527777777778,-167.81,3477,16.09722222222222,50.00324074074074,78.24074074074075,216
15,0.75,2.0,-0.3,2.0,2,7,False,17.33912037037037,19.705,1.590699074074074,1.6560000000000001,-89.57,96.99,-22.001527777777778,-167.81,3477,16.09722222222222,50.00324074074074,78.24074074074075,216
15,0.75,2.0,-0.3,2.0,3,7,False,17.33912037037037,19.705,1.590699074074074,1.6560000000000001,-89.57,96.99,-22.001527777777778,-167.81,3477,16.09722222222222,50.00324074074074,78.24074074074075,216
20,0.5,1.5,0.0,2.5,5,5,False,17.32675925925926,18.240000000000002,1.7896018518518522,1.565,-97.4,99.1,-19.132916666666667,-171.91,3678,17.02777777777778,57.467592592592595,84.72222222222221,216
20,0.5,1.5,0.0,2.5,3,5,False,17.32675925925926,18.240000000000002,1.7896018518518522,1.565,-97.4,99.1,-19.132916666666667,-171.91,3678,17.02777777777778,57.467592592592595,84.72222222222221,216
20,0.5,1.5,0.0,2.5,2,5,False,17.32675925925926,18.240000000000002,1.7896018518518522,1.565,-97.4,99.1,-19.132916666666667,-171.91,3678,17.02777777777778,57.467592592592595,84.72222222222221,216
20,0.75,1.0,-0.3,1.5,3,7,False,17.296111111111113,19.86,1.7756805555555557,1.7305000000000001,-83.14,138.02,-20.38601851851852,-161.6,5846,27.064814814814813,46.58009259259259,78.70370370370371,216
20,0.75,1.0,-0.3,1.5,2,7,False,17.296111111111113,19.86,1.7756805555555557,1.7305000000000001,-83.14,138.02,-20.38601851851852,-161.6,5846,27.064814814814813,46.58009259259259,78.70370370370371,216
20,0.75,1.0,-0.3,1.5,5,7,False,17.296111111111113,19.86,1.7756805555555557,1.7305000000000001,-83.14,138.02,-20.38601851851852,-161.6,5846,27.064814814814813,46.58009259259259,78.70370370370371,216
20,0.5,1.0,0.0,1.5,2,7,False,17.29236111111111,20.115000000000002,1.8161435185185186,1.702,-88.08,117.79,-19.940324074074077,-161.6,6105,28.26388888888889,47.86157407407408,81.48148148148148,216
20,0.5,1.0,0.0,1.5,3,7,False,17.29236111111111,20.115000000000002,1.8161435185185186,1.702,-88.08,117.79,-19.940324074074077,-161.6,6105,28.26388888888889,47.86157407407408,81.48148148148148,216
20,0.5,1.0,0.0,1.5,5,7,False,17.29236111111111,20.115000000000002,1.8161435185185186,1.702,-88.08,117.79,-19.940324074074077,-161.6,6105,28.26388888888889,47.86157407407408,81.48148148148148,216
15,0.3,1.5,0.3,1.5,5,7,False,17.281666666666666,19.994999999999997,1.793615740740741,1.819,-93.12,122.04,-19.735925925925923,-116.63,6203,28.71759259259259,50.8587962962963,80.55555555555556,216
15,0.3,1.5,0.3,1.5,2,7,False,17.281666666666666,19.994999999999997,1.793615740740741,1.819,-93.12,122.04,-19.735925925925923,-116.63,6203,28.71759259259259,50.8587962962963,80.55555555555556,216
15,0.3,1.5,0.3,1.5,3,7,False,17.281666666666666,19.994999999999997,1.793615740740741,1.819,-93.12,122.04,-19.735925925925923,-116.63,6203,28.71759259259259,50.8587962962963,80.55555555555556,216
20,0.3,1.0,0.3,2.5,5,7,False,17.272962962962964,20.65,1.8292037037037034,1.7465,-128.88,112.86,-20.30013888888889,-184.38,4354,20.15740740740741,59.162962962962965,81.48148148148148,216
20,0.3,1.0,0.3,2.5,2,7,False,17.272962962962964,20.65,1.8292037037037034,1.7465,-128.88,112.86,-20.30013888888889,-184.38,4354,20.15740740740741,59.162962962962965,81.48148148148148,216
20,0.3,1.0,0.3,2.5,3,7,False,17.272962962962964,20.65,1.8292037037037034,1.7465,-128.88,112.86,-20.30013888888889,-184.38,4354,20.15740740740741,59.162962962962965,81.48148148148148,216
20,0.5,1.5,0.3,2.0,5,7,False,17.267592592592592,19.634999999999998,1.7623287037037036,1.767,-96.66,115.51,-20.020462962962963,-178.2,3921,18.15277777777778,54.71435185185185,79.16666666666666,216
20,0.5,1.5,0.3,2.0,3,7,False,17.267592592592592,19.634999999999998,1.7623287037037036,1.767,-96.66,115.51,-20.020462962962963,-178.2,3921,18.15277777777778,54.71435185185185,79.16666666666666,216
20,0.5,1.5,0.3,2.0,2,7,False,17.267592592592592,19.634999999999998,1.7623287037037036,1.767,-96.66,115.51,-20.020462962962963,-178.2,3921,18.15277777777778,54.71435185185185,79.16666666666666,216
15,0.3,1.0,-0.3,1.5,5,3,False,17.21837962962963,17.585,1.7771064814814816,1.737,-94.9,123.21,-19.626666666666665,-113.39,8303,38.43981481481482,51.599999999999994,78.70370370370371,216
15,0.3,1.0,-0.3,1.5,3,3,False,17.21837962962963,17.585,1.7771064814814816,1.737,-94.9,123.21,-19.626666666666665,-113.39,8303,38.43981481481482,51.599999999999994,78.70370370370371,216
15,0.3,1.0,-0.3,1.5,2,3,False,17.21837962962963,17.585,1.7771064814814816,1.737,-94.9,123.21,-19.626666666666665,-113.39,8303,38.43981481481482,51.599999999999994,78.70370370370371,216
15,0.75,2.0,-0.3,2.5,5,5,False,17.21759259259259,18.545,1.6533842592592591,1.65,-76.62,103.45,-20.18550925925926,-150.2,3200,14.814814814814815,55.66851851851852,79.62962962962963,216
15,0.75,2.0,-0.3,2.5,3,5,False,17.21759259259259,18.545,1.6533842592592591,1.65,-76.62,103.45,-20.18550925925926,-150.2,3200,14.814814814814815,55.66851851851852,79.62962962962963,216
15,0.75,2.0,-0.3,2.5,2,5,False,17.21759259259259,18.545,1.6533842592592591,1.65,-76.62,103.45,-20.18550925925926,-150.2,3200,14.814814814814815,55.66851851851852,79.62962962962963,216
20,0.3,1.0,0.0,1.5,2,7,False,17.19824074074074,20.22,1.780611111111111,1.77,-83.82,117.28,-20.003194444444446,-161.6,6347,29.38425925925926,48.78703703703704,79.62962962962963,216
20,0.3,1.0,0.0,1.5,5,7,False,17.19824074074074,20.22,1.780611111111111,1.77,-83.82,117.28,-20.003194444444446,-161.6,6347,29.38425925925926,48.78703703703704,79.62962962962963,216
20,0.3,1.0,0.0,1.5,3,7,False,17.19824074074074,20.22,1.780611111111111,1.77,-83.82,117.28,-20.003194444444446,-161.6,6347,29.38425925925926,48.78703703703704,79.62962962962963,216
15,0.3,1.5,-0.3,1.5,3,7,False,17.17259259259259,20.285,1.6920416666666667,1.6800000000000002,-89.59,108.43,-21.01685185185185,-137.31,6001,27.78240740740741,47.114814814814814,78.70370370370371,216
15,0.3,1.5,-0.3,1.5,5,7,False,17.17259259259259,20.285,1.6920416666666667,1.6800000000000002,-89.59,108.43,-21.01685185185185,-137.31,6001,27.78240740740741,47.114814814814814,78.70370370370371,216
15,0.3,1.5,-0.3,1.5,2,7,False,17.17259259259259,20.285,1.6920416666666667,1.6800000000000002,-89.59,108.43,-21.01685185185185,-137.31,6001,27.78240740740741,47.114814814814814,78.70370370370371,216
15,0.75,1.5,-0.3,1.5,3,5,False,17.15662037037037,18.835,1.6975694444444445,1.6625,-79.25,99.44,-20.45125,-132.03,5720,26.48148148148148,49.32824074074073,78.70370370370371,216
15,0.75,1.5,-0.3,1.5,2,5,False,17.15662037037037,18.835,1.6975694444444445,1.6625,-79.25,99.44,-20.45125,-132.03,5720,26.48148148148148,49.32824074074073,78.70370370370371,216
15,0.75,1.5,-0.3,1.5,5,5,False,17.15662037037037,18.835,1.6975694444444445,1.6625,-79.25,99.44,-20.45125,-132.03,5720,26.48148148148148,49.32824074074073,78.70370370370371,216
20,0.75,1.0,0.0,1.5,5,7,False,17.155740740740743,19.71,1.806726851851852,1.6875,-88.08,118.2,-19.937037037037037,-161.6,5886,27.25,47.41203703703704,81.48148148148148,216
20,0.75,1.0,0.0,1.5,2,7,False,17.155740740740743,19.71,1.806726851851852,1.6875,-88.08,118.2,-19.937037037037037,-161.6,5886,27.25,47.41203703703704,81.48148148148148,216
20,0.75,1.0,0.0,1.5,3,7,False,17.155740740740743,19.71,1.806726851851852,1.6875,-88.08,118.2,-19.937037037037037,-161.6,5886,27.25,47.41203703703704,81.48148148148148,216
15,0.75,1.5,0.0,2.5,5,3,False,17.135185185185186,19.825000000000003,1.7746064814814817,1.7515,-82.66,110.41,-19.256944444444443,-113.39,4635,21.458333333333332,57.772222222222226,80.55555555555556,216
15,0.75,1.5,0.0,2.5,2,3,False,17.135185185185186,19.825000000000003,1.7746064814814817,1.7515,-82.66,110.41,-19.256944444444443,-113.39,4635,21.458333333333332,57.772222222222226,80.55555555555556,216
15,0.75,1.5,0.0,2.5,3,3,False,17.135185185185186,19.825000000000003,1.7746064814814817,1.7515,-82.66,110.41,-19.256944444444443,-113.39,4635,21.458333333333332,57.772222222222226,80.55555555555556,216
15,0.3,2.0,0.0,2.0,2,7,False,17.12375,19.95,1.6279953703703702,1.7385000000000002,-89.59,109.71,-21.49074074074074,-163.57,3961,18.337962962962962,53.05972222222222,78.70370370370371,216
15,0.3,2.0,0.0,2.0,3,7,False,17.12375,19.95,1.6279953703703702,1.7385000000000002,-89.59,109.71,-21.49074074074074,-163.57,3961,18.337962962962962,53.05972222222222,78.70370370370371,216
15,0.3,2.0,0.0,2.0,5,7,False,17.12375,19.95,1.6279953703703702,1.7385000000000002,-89.59,109.71,-21.49074074074074,-163.57,3961,18.337962962962962,53.05972222222222,78.70370370370371,216
20,0.3,1.0,0.0,2.5,5,7,False,17.082546296296297,19.025,1.7448333333333335,1.668,-132.17,123.01,-20.745555555555555,-195.93,4227,19.569444444444443,56.19398148148149,83.33333333333334,216
20,0.3,1.0,0.0,2.5,2,7,False,17.082546296296297,19.025,1.7448333333333335,1.668,-132.17,123.01,-20.745555555555555,-195.93,4227,19.569444444444443,56.19398148148149,83.33333333333334,216
20,0.3,1.0,0.0,2.5,3,7,False,17.082546296296297,19.025,1.7448333333333335,1.668,-132.17,123.01,-20.745555555555555,-195.93,4227,19.569444444444443,56.19398148148149,83.33333333333334,216
20,0.75,2.0,0.3,2.0,5,5,False,17.079444444444444,18.16,1.7840046296296297,1.734,-63.61,100.42,-18.625648148148148,-144.33,3287,15.217592592592593,56.08472222222222,81.01851851851852,216
20,0.75,2.0,0.3,2.0,2,5,False,17.079444444444444,18.16,1.7840046296296297,1.734,-63.61,100.42,-18.625648148148148,-144.33,3287,15.217592592592593,56.08472222222222,81.01851851851852,216
20,0.75,2.0,0.3,2.0,3,5,False,17.079444444444444,18.16,1.7840046296296297,1.734,-63.61,100.42,-18.625648148148148,-144.33,3287,15.217592592592593,56.08472222222222,81.01851851851852,216
20,0.3,1.5,0.0,2.5,5,5,False,17.06347222222222,17.58,1.787060185185185,1.7000000000000002,-92.65,96.43,-19.031064814814815,-171.91,3919,18.14351851851852,58.291666666666664,83.79629629629629,216
20,0.3,1.5,0.0,2.5,3,5,False,17.06347222222222,17.58,1.787060185185185,1.7000000000000002,-92.65,96.43,-19.031064814814815,-171.91,3919,18.14351851851852,58.291666666666664,83.79629629629629,216
20,0.3,1.5,0.0,2.5,2,5,False,17.06347222222222,17.58,1.787060185185185,1.7000000000000002,-92.65,96.43,-19.031064814814815,-171.91,3919,18.14351851851852,58.291666666666664,83.79629629629629,216
20,0.5,1.5,-0.3,2.5,3,5,False,17.058796296296297,18.29,1.7668472222222222,1.5725,-97.4,99.9,-19.46125,-171.91,3644,16.87037037037037,56.032407407407405,82.87037037037037,216
20,0.5,1.5,-0.3,2.5,5,5,False,17.058796296296297,18.29,1.7668472222222222,1.5725,-97.4,99.9,-19.46125,-171.91,3644,16.87037037037037,56.032407407407405,82.87037037037037,216
20,0.5,1.5,-0.3,2.5,2,5,False,17.058796296296297,18.29,1.7668472222222222,1.5725,-97.4,99.9,-19.46125,-171.91,3644,16.87037037037037,56.032407407407405,82.87037037037037,216
20,0.3,1.0,0.3,1.5,3,7,False,17.056250000000002,19.61,1.8728888888888888,1.9135,-91.17,117.16,-19.15361111111111,-119.9,6490,30.046296296296298,51.11018518518518,81.48148148148148,216
20,0.3,1.0,0.3,1.5,5,7,False,17.056250000000002,19.61,1.8728888888888888,1.9135,-91.17,117.16,-19.15361111111111,-119.9,6490,30.046296296296298,51.11018518518518,81.48148148148148,216
20,0.3,1.0,0.3,1.5,2,7,False,17.056250000000002,19.61,1.8728888888888888,1.9135,-91.17,117.16,-19.15361111111111,-119.9,6490,30.046296296296298,51.11018518518518,81.48148148148148,216
15,0.5,1.5,-0.3,1.5,5,5,False,17.056157407407404,19.15,1.6915740740740741,1.654,-78.72,99.83,-20.388240740740745,-132.03,5999,27.77314814814815,49.152314814814815,78.70370370370371,216
15,0.5,1.5,-0.3,1.5,3,5,False,17.056157407407404,19.15,1.6915740740740741,1.654,-78.72,99.83,-20.388240740740745,-132.03,5999,27.77314814814815,49.152314814814815,78.70370370370371,216
15,0.5,1.5,-0.3,1.5,2,5,False,17.056157407407404,19.15,1.6915740740740741,1.654,-78.72,99.83,-20.388240740740745,-132.03,5999,27.77314814814815,49.152314814814815,78.70370370370371,216
15,0.5,1.5,0.3,2.0,2,3,False,17.05490740740741,18.895,1.7434629629629628,1.71,-94.8,112.21,-19.02513888888889,-113.39,5531,25.60648148148148,56.3138888888889,80.55555555555556,216
15,0.5,1.5,0.3,2.0,3,3,False,17.05490740740741,18.895,1.7434629629629628,1.71,-94.8,112.21,-19.02513888888889,-113.39,5531,25.60648148148148,56.3138888888889,80.55555555555556,216
15,0.5,1.5,0.3,2.0,5,3,False,17.05490740740741,18.895,1.7434629629629628,1.71,-94.8,112.21,-19.02513888888889,-113.39,5531,25.60648148148148,56.3138888888889,80.55555555555556,216
15,0.5,2.0,0.0,2.5,2,7,False,17.053703703703704,19.0,1.6177314814814816,1.601,-88.93,122.03,-21.386018518518515,-167.19,3218,14.898148148148149,56.55138888888889,79.16666666666666,216
15,0.5,2.0,0.0,2.5,3,7,False,17.053703703703704,19.0,1.6177314814814816,1.601,-88.93,122.03,-21.386018518518515,-167.19,3218,14.898148148148149,56.55138888888889,79.16666666666666,216
15,0.5,2.0,0.0,2.5,5,7,False,17.053703703703704,19.0,1.6177314814814816,1.601,-88.93,122.03,-21.386018518518515,-167.19,3218,14.898148148148149,56.55138888888889,79.16666666666666,216
20,0.75,2.0,0.3,2.5,3,5,False,17.041296296296295,18.439999999999998,1.813046296296296,1.7255,-101.25,95.07,-18.521157407407408,-169.36,2845,13.171296296296296,59.1375,84.25925925925925,216
20,0.75,2.0,0.3,2.5,2,5,False,17.041296296296295,18.439999999999998,1.813046296296296,1.7255,-101.25,95.07,-18.521157407407408,-169.36,2845,13.171296296296296,59.1375,84.25925925925925,216
20,0.75,2.0,0.3,2.5,5,5,False,17.041296296296295,18.439999999999998,1.813046296296296,1.7255,-101.25,95.07,-18.521157407407408,-169.36,2845,13.171296296296296,59.1375,84.25925925925925,216
20,0.3,1.0,0.3,1.5,3,3,False,17.038611111111113,19.915,1.9407638888888892,1.9104999999999999,-73.6,96.55,-18.271666666666665,-119.69,7723,35.754629629629626,54.59444444444444,82.87037037037037,216
20,0.3,1.0,0.3,1.5,5,3,False,17.038611111111113,19.915,1.9407638888888892,1.9104999999999999,-73.6,96.55,-18.271666666666665,-119.69,7723,35.754629629629626,54.59444444444444,82.87037037037037,216
20,0.3,1.0,0.3,1.5,2,3,False,17.038611111111113,19.915,1.9407638888888892,1.9104999999999999,-73.6,96.55,-18.271666666666665,-119.69,7723,35.754629629629626,54.59444444444444,82.87037037037037,216
10,0.5,2.0,0.3,2.5,2,3,False,17.02648148148148,18.13,1.55725,1.6465,-132.04,107.19,-18.772824074074073,-196.08,4937,22.85648148148148,58.769444444444446,79.62962962962963,216
10,0.5,2.0,0.3,2.5,5,3,False,17.02648148148148,18.13,1.55725,1.6465,-132.04,107.19,-18.772824074074073,-196.08,4937,22.85648148148148,58.769444444444446,79.62962962962963,216
10,0.5,2.0,0.3,2.5,3,3,False,17.02648148148148,18.13,1.55725,1.6465,-132.04,107.19,-18.772824074074073,-196.08,4937,22.85648148148148,58.769444444444446,79.62962962962963,216
15,0.3,2.0,-0.3,2.5,2,5,False,17.014814814814812,18.48,1.6356527777777776,1.6844999999999999,-84.13,91.2,-19.899722222222223,-148.5,3684,17.055555555555557,55.9425925925926,79.16666666666666,216
15,0.3,2.0,-0.3,2.5,3,5,False,17.014814814814812,18.48,1.6356527777777776,1.6844999999999999,-84.13,91.2,-19.899722222222223,-148.5,3684,17.055555555555557,55.9425925925926,79.16666666666666,216
15,0.3,2.0,-0.3,2.5,5,5,False,17.014814814814812,18.48,1.6356527777777776,1.6844999999999999,-84.13,91.2,-19.899722222222223,-148.5,3684,17.055555555555557,55.9425925925926,79.16666666666666,216
15,0.3,1.5,0.0,1.5,2,5,False,16.99101851851852,19.23,1.742138888888889,1.7725,-90.28,114.03,-19.99259259259259,-113.39,6311,29.21759259259259,50.786111111111104,80.55555555555556,216
15,0.3,1.5,0.0,1.5,5,5,False,16.99101851851852,19.23,1.742138888888889,1.7725,-90.28,114.03,-19.99259259259259,-113.39,6311,29.21759259259259,50.786111111111104,80.55555555555556,216
15,0.3,1.5,0.0,1.5,3,5,False,16.99101851851852,19.23,1.742138888888889,1.7725,-90.28,114.03,-19.99259259259259,-113.39,6311,29.21759259259259,50.786111111111104,80.55555555555556,216
20,0.5,1.0,0.3,1.5,2,3,False,16.990462962962965,20.105,1.9363009259259258,1.8875,-72.83,97.06,-18.269861111111112,-119.69,7324,33.907407407407405,53.879629629629626,82.87037037037037,216
20,0.5,1.0,0.3,1.5,3,3,False,16.990462962962965,20.105,1.9363009259259258,1.8875,-72.83,97.06,-18.269861111111112,-119.69,7324,33.907407407407405,53.879629629629626,82.87037037037037,216
20,0.5,1.0,0.3,1.5,5,3,False,16.990462962962965,20.105,1.9363009259259258,1.8875,-72.83,97.06,-18.269861111111112,-119.69,7324,33.907407407407405,53.879629629629626,82.87037037037037,216
10,0.3,2.0,0.3,2.0,5,3,False,16.99046296296296,16.924999999999997,1.5602037037037035,1.553,-121.96,95.53,-18.375787037037036,-186.01,5721,26.48611111111111,56.50833333333333,80.0925925925926,216
10,0.3,2.0,0.3,2.0,2,3,False,16.99046296296296,16.924999999999997,1.5602037037037035,1.553,-121.96,95.53,-18.375787037037036,-186.01,5721,26.48611111111111,56.50833333333333,80.0925925925926,216
10,0.3,2.0,0.3,2.0,3,3,False,16.99046296296296,16.924999999999997,1.5602037037037035,1.553,-121.96,95.53,-18.375787037037036,-186.01,5721,26.48611111111111,56.50833333333333,80.0925925925926,216
20,0.5,2.0,0.3,2.0,2,5,False,16.978194444444444,17.88,1.773115740740741,1.8130000000000002,-63.61,100.86,-18.55273148148148,-144.33,3560,16.48148148148148,57.4837962962963,81.01851851851852,216
20,0.5,2.0,0.3,2.0,5,5,False,16.978194444444444,17.88,1.773115740740741,1.8130000000000002,-63.61,100.86,-18.55273148148148,-144.33,3560,16.48148148148148,57.4837962962963,81.01851851851852,216
20,0.5,2.0,0.3,2.0,3,5,False,16.978194444444444,17.88,1.773115740740741,1.8130000000000002,-63.61,100.86,-18.55273148148148,-144.33,3560,16.48148148148148,57.4837962962963,81.01851851851852,216
15,0.3,2.0,0.0,2.5,2,7,False,16.955324074074074,19.825,1.6403194444444442,1.6005,-89.59,122.03,-21.20986111111111,-167.89,3415,15.810185185185185,57.49074074074074,79.16666666666666,216
15,0.3,2.0,0.0,2.5,3,7,False,16.955324074074074,19.825,1.6403194444444442,1.6005,-89.59,122.03,-21.20986111111111,-167.89,3415,15.810185185185185,57.49074074074074,79.16666666666666,216
15,0.3,2.0,0.0,2.5,5,7,False,16.955324074074074,19.825,1.6403194444444442,1.6005,-89.59,122.03,-21.20986111111111,-167.89,3415,15.810185185185185,57.49074074074074,79.16666666666666,216
20,0.75,1.5,-0.3,2.0,5,7,False,16.949490740740742,18.560000000000002,1.661736111111111,1.7075,-96.73,111.85,-21.241064814814813,-178.2,3610,16.712962962962962,50.725462962962965,78.70370370370371,216
20,0.75,1.5,-0.3,2.0,3,7,False,16.949490740740742,18.560000000000002,1.661736111111111,1.7075,-96.73,111.85,-21.241064814814813,-178.2,3610,16.712962962962962,50.725462962962965,78.70370370370371,216
20,0.75,1.5,-0.3,2.0,2,7,False,16.949490740740742,18.560000000000002,1.661736111111111,1.7075,-96.73,111.85,-21.241064814814813,-178.2,3610,16.712962962962962,50.725462962962965,78.70370370370371,216
20,0.5,1.5,0.3,2.5,2,3,False,16.94708333333333,17.685,1.8373796296296294,1.7635,-67.14,96.52,-17.90199074074074,-124.21,4495,20.810185185185187,59.495370370370374,83.79629629629629,216
20,0.5,1.5,0.3,2.5,5,3,False,16.94708333333333,17.685,1.8373796296296294,1.7635,-67.14,96.52,-17.90199074074074,-124.21,4495,20.810185185185187,59.495370370370374,83.79629629629629,216
20,0.5,1.5,0.3,2.5,3,3,False,16.94708333333333,17.685,1.8373796296296294,1.7635,-67.14,96.52,-17.90199074074074,-124.21,4495,20.810185185185187,59.495370370370374,83.79629629629629,216
15,0.75,2.0,0.0,2.0,3,5,False,16.922962962962963,18.145,1.6477037037037037,1.6945000000000001,-76.63,110.74,-20.105601851851848,-146.06,3729,17.26388888888889,53.395833333333336,80.55555555555556,216
15,0.75,2.0,0.0,2.0,2,5,False,16.922962962962963,18.145,1.6477037037037037,1.6945000000000001,-76.63,110.74,-20.105601851851848,-146.06,3729,17.26388888888889,53.395833333333336,80.55555555555556,216
15,0.75,2.0,0.0,2.0,5,5,False,16.922962962962963,18.145,1.6477037037037037,1.6945000000000001,-76.63,110.74,-20.105601851851848,-146.06,3729,17.26388888888889,53.395833333333336,80.55555555555556,216
20,0.3,1.5,0.3,2.0,5,7,False,16.920694444444443,19.265,1.7655925925925926,1.795,-99.13,114.9,-20.017222222222223,-178.05,4171,19.310185185185187,56.21296296296296,80.55555555555556,216
20,0.3,1.5,0.3,2.0,3,7,False,16.920694444444443,19.265,1.7655925925925926,1.795,-99.13,114.9,-20.017222222222223,-178.05,4171,19.310185185185187,56.21296296296296,80.55555555555556,216
20,0.3,1.5,0.3,2.0,2,7,False,16.920694444444443,19.265,1.7655925925925926,1.795,-99.13,114.9,-20.017222222222223,-178.05,4171,19.310185185185187,56.21296296296296,80.55555555555556,216
15,0.75,1.5,0.0,2.0,2,3,False,16.919074074074075,19.61,1.7853472222222222,1.748,-82.66,110.66,-19.246944444444445,-113.39,5093,23.578703703703702,55.2074074074074,81.94444444444444,216
15,0.75,1.5,0.0,2.0,3,3,False,16.919074074074075,19.61,1.7853472222222222,1.748,-82.66,110.66,-19.246944444444445,-113.39,5093,23.578703703703702,55.2074074074074,81.94444444444444,216
15,0.75,1.5,0.0,2.0,5,3,False,16.919074074074075,19.61,1.7853472222222222,1.748,-82.66,110.66,-19.246944444444445,-113.39,5093,23.578703703703702,55.2074074074074,81.94444444444444,216
20,0.3,1.5,-0.3,2.5,3,3,False,16.905833333333334,17.0,1.8354768518518516,1.7465,-63.41,98.93,-18.184814814814814,-121.96,4850,22.453703703703702,57.82222222222223,83.33333333333334,216
20,0.3,1.5,-0.3,2.5,2,3,False,16.905833333333334,17.0,1.8354768518518516,1.7465,-63.41,98.93,-18.184814814814814,-121.96,4850,22.453703703703702,57.82222222222223,83.33333333333334,216
20,0.3,1.5,-0.3,2.5,5,3,False,16.905833333333334,17.0,1.8354768518518516,1.7465,-63.41,98.93,-18.184814814814814,-121.96,4850,22.453703703703702,57.82222222222223,83.33333333333334,216
20,0.75,1.5,0.3,2.5,5,3,False,16.905370370370374,17.925,1.8387453703703702,1.719,-69.01,96.08,-18.03013888888889,-124.21,4108,19.01851851851852,58.83796296296297,82.4074074074074,216
20,0.75,1.5,0.3,2.5,2,3,False,16.905370370370374,17.925,1.8387453703703702,1.719,-69.01,96.08,-18.03013888888889,-124.21,4108,19.01851851851852,58.83796296296297,82.4074074074074,216
20,0.75,1.5,0.3,2.5,3,3,False,16.905370370370374,17.925,1.8387453703703702,1.719,-69.01,96.08,-18.03013888888889,-124.21,4108,19.01851851851852,58.83796296296297,82.4074074074074,216
20,0.5,1.5,0.3,2.5,2,7,False,16.89666666666667,20.165,1.756875,1.6855,-106.93,114.96,-20.04152777777778,-187.19,3382,15.657407407407407,58.627314814814824,81.94444444444444,216
20,0.5,1.5,0.3,2.5,3,7,False,16.89666666666667,20.165,1.756875,1.6855,-106.93,114.96,-20.04152777777778,-187.19,3382,15.657407407407407,58.627314814814824,81.94444444444444,216
20,0.5,1.5,0.3,2.5,5,7,False,16.89666666666667,20.165,1.756875,1.6855,-106.93,114.96,-20.04152777777778,-187.19,3382,15.657407407407407,58.627314814814824,81.94444444444444,216
20,0.5,1.5,0.0,2.5,5,3,False,16.896250000000002,16.77,1.8299583333333331,1.8165,-65.13,101.38,-18.12537037037037,-122.68,4485,20.76388888888889,58.41250000000001,83.33333333333334,216
20,0.5,1.5,0.0,2.5,2,3,False,16.896250000000002,16.77,1.8299583333333331,1.8165,-65.13,101.38,-18.12537037037037,-122.68,4485,20.76388888888889,58.41250000000001,83.33333333333334,216
20,0.5,1.5,0.0,2.5,3,3,False,16.896250000000002,16.77,1.8299583333333331,1.8165,-65.13,101.38,-18.12537037037037,-122.68,4485,20.76388888888889,58.41250000000001,83.33333333333334,216
15,0.3,2.0,0.3,2.5,2,5,False,16.881157407407407,19.595,1.7225046296296298,1.7535,-93.12,103.88,-19.23962962962963,-144.57,3834,17.75,60.394444444444446,81.01851851851852,216
15,0.3,2.0,0.3,2.5,3,5,False,16.881157407407407,19.595,1.7225046296296298,1.7535,-93.12,103.88,-19.23962962962963,-144.57,3834,17.75,60.394444444444446,81.01851851851852,216
15,0.3,2.0,0.3,2.5,5,5,False,16.881157407407407,19.595,1.7225046296296298,1.7535,-93.12,103.88,-19.23962962962963,-144.57,3834,17.75,60.394444444444446,81.01851851851852,216
20,0.3,1.5,0.3,2.5,3,3,False,16.87837962962963,17.785,1.8607037037037033,1.7705,-67.1,93.84,-17.875694444444445,-123.77,4889,22.63425925925926,60.29814814814816,83.33333333333334,216
20,0.3,1.5,0.3,2.5,2,3,False,16.87837962962963,17.785,1.8607037037037033,1.7705,-67.1,93.84,-17.875694444444445,-123.77,4889,22.63425925925926,60.29814814814816,83.33333333333334,216
20,0.3,1.5,0.3,2.5,5,3,False,16.87837962962963,17.785,1.8607037037037033,1.7705,-67.1,93.84,-17.875694444444445,-123.77,4889,22.63425925925926,60.29814814814816,83.33333333333334,216
15,0.3,1.5,0.0,1.5,3,7,False,16.87472222222222,19.415,1.7282870370370371,1.662,-89.59,118.67,-20.611574074074074,-113.39,6075,28.125,48.80277777777778,80.0925925925926,216
15,0.3,1.5,0.0,1.5,2,7,False,16.87472222222222,19.415,1.7282870370370371,1.662,-89.59,118.67,-20.611574074074074,-113.39,6075,28.125,48.80277777777778,80.0925925925926,216
15,0.3,1.5,0.0,1.5,5,7,False,16.87472222222222,19.415,1.7282870370370371,1.662,-89.59,118.67,-20.611574074074074,-113.39,6075,28.125,48.80277777777778,80.0925925925926,216
15,0.5,2.0,0.3,2.5,5,5,False,16.873287037037038,18.880000000000003,1.698337962962963,1.707,-86.7,103.72,-19.31564814814815,-146.06,3554,16.453703703703702,59.648611111111116,81.01851851851852,216
15,0.5,2.0,0.3,2.5,3,5,False,16.873287037037038,18.880000000000003,1.698337962962963,1.707,-86.7,103.72,-19.31564814814815,-146.06,3554,16.453703703703702,59.648611111111116,81.01851851851852,216
15,0.5,2.0,0.3,2.5,2,5,False,16.873287037037038,18.880000000000003,1.698337962962963,1.707,-86.7,103.72,-19.31564814814815,-146.06,3554,16.453703703703702,59.648611111111116,81.01851851851852,216
20,0.3,1.5,0.0,2.5,3,3,False,16.86412037037037,17.244999999999997,1.8419722222222221,1.847,-63.81,98.71,-18.05148148148148,-122.16,4868,22.537037037037038,58.791666666666664,84.25925925925925,216
20,0.3,1.5,0.0,2.5,5,3,False,16.86412037037037,17.244999999999997,1.8419722222222221,1.847,-63.81,98.71,-18.05148148148148,-122.16,4868,22.537037037037038,58.791666666666664,84.25925925925925,216
20,0.3,1.5,0.0,2.5,2,3,False,16.86412037037037,17.244999999999997,1.8419722222222221,1.847,-63.81,98.71,-18.05148148148148,-122.16,4868,22.537037037037038,58.791666666666664,84.25925925925925,216
15,0.5,1.5,0.0,2.5,3,3,False,16.85171296296296,19.805,1.7611712962962964,1.7045,-94.8,110.78,-19.119537037037034,-113.39,5044,23.35185185185185,57.358333333333334,81.48148148148148,216
15,0.5,1.5,0.0,2.5,2,3,False,16.85171296296296,19.805,1.7611712962962964,1.7045,-94.8,110.78,-19.119537037037034,-113.39,5044,23.35185185185185,57.358333333333334,81.48148148148148,216
15,0.5,1.5,0.0,2.5,5,3,False,16.85171296296296,19.805,1.7611712962962964,1.7045,-94.8,110.78,-19.119537037037034,-113.39,5044,23.35185185185185,57.358333333333334,81.48148148148148,216
10,0.3,2.0,0.3,2.5,3,3,False,16.84662037037037,17.310000000000002,1.5498657407407406,1.6395,-149.88,108.44,-18.813055555555554,-213.93,5300,24.537037037037038,58.959722222222226,78.70370370370371,216
10,0.3,2.0,0.3,2.5,2,3,False,16.84662037037037,17.310000000000002,1.5498657407407406,1.6395,-149.88,108.44,-18.813055555555554,-213.93,5300,24.537037037037038,58.959722222222226,78.70370370370371,216
10,0.3,2.0,0.3,2.5,5,3,False,16.84662037037037,17.310000000000002,1.5498657407407406,1.6395,-149.88,108.44,-18.813055555555554,-213.93,5300,24.537037037037038,58.959722222222226,78.70370370370371,216
15,0.3,1.5,0.3,2.0,2,3,False,16.841388888888886,18.6,1.7332083333333332,1.6885,-96.29,112.37,-19.083981481481484,-113.39,5862,27.13888888888889,56.648611111111116,81.01851851851852,216
15,0.3,1.5,0.3,2.0,3,3,False,16.841388888888886,18.6,1.7332083333333332,1.6885,-96.29,112.37,-19.083981481481484,-113.39,5862,27.13888888888889,56.648611111111116,81.01851851851852,216
15,0.3,1.5,0.3,2.0,5,3,False,16.841388888888886,18.6,1.7332083333333332,1.6885,-96.29,112.37,-19.083981481481484,-113.39,5862,27.13888888888889,56.648611111111116,81.01851851851852,216
10,0.5,2.0,0.3,2.0,3,3,False,16.833750000000002,17.86,1.5538703703703702,1.5505,-120.44,94.34,-18.511481481481482,-184.48,5357,24.800925925925927,56.14490740740741,81.01851851851852,216
10,0.5,2.0,0.3,2.0,5,3,False,16.833750000000002,17.86,1.5538703703703702,1.5505,-120.44,94.34,-18.511481481481482,-184.48,5357,24.800925925925927,56.14490740740741,81.01851851851852,216
10,0.5,2.0,0.3,2.0,2,3,False,16.833750000000002,17.86,1.5538703703703702,1.5505,-120.44,94.34,-18.511481481481482,-184.48,5357,24.800925925925927,56.14490740740741,81.01851851851852,216
20,0.75,1.5,0.0,2.5,2,3,False,16.82949074074074,17.06,1.8299074074074073,1.7335,-65.6,101.79,-18.25166666666667,-122.68,4105,19.00462962962963,58.2125,82.4074074074074,216
20,0.75,1.5,0.0,2.5,3,3,False,16.82949074074074,17.06,1.8299074074074073,1.7335,-65.6,101.79,-18.25166666666667,-122.68,4105,19.00462962962963,58.2125,82.4074074074074,216
20,0.75,1.5,0.0,2.5,5,3,False,16.82949074074074,17.06,1.8299074074074073,1.7335,-65.6,101.79,-18.25166666666667,-122.68,4105,19.00462962962963,58.2125,82.4074074074074,216
20,0.75,1.0,0.3,1.5,5,3,False,16.82060185185185,19.885,1.9348379629629628,1.8775,-74.64,96.63,-18.271851851851853,-119.69,6940,32.129629629629626,53.3912037037037,81.94444444444444,216
20,0.75,1.0,0.3,1.5,2,3,False,16.82060185185185,19.885,1.9348379629629628,1.8775,-74.64,96.63,-18.271851851851853,-119.69,6940,32.129629629629626,53.3912037037037,81.94444444444444,216
20,0.75,1.0,0.3,1.5,3,3,False,16.82060185185185,19.885,1.9348379629629628,1.8775,-74.64,96.63,-18.271851851851853,-119.69,6940,32.129629629629626,53.3912037037037,81.94444444444444,216
15,0.3,1.5,0.0,2.5,3,3,False,16.81212962962963,19.955,1.7395787037037038,1.685,-96.29,110.79,-19.088657407407407,-113.39,5378,24.89814814814815,57.6087962962963,81.48148148148148,216
15,0.3,1.5,0.0,2.5,2,3,False,16.81212962962963,19.955,1.7395787037037038,1.685,-96.29,110.79,-19.088657407407407,-113.39,5378,24.89814814814815,57.6087962962963,81.48148148148148,216
15,0.3,1.5,0.0,2.5,5,3,False,16.81212962962963,19.955,1.7395787037037038,1.685,-96.29,110.79,-19.088657407407407,-113.39,5378,24.89814814814815,57.6087962962963,81.48148148148148,216
20,0.5,1.5,0.3,1.5,2,5,False,16.797361111111112,17.97,1.8836342592592592,1.8545,-75.05,98.34,-18.33314814814815,-119.9,5547,25.680555555555557,52.632407407407406,81.01851851851852,216
20,0.5,1.5,0.3,1.5,5,5,False,16.797361111111112,17.97,1.8836342592592592,1.8545,-75.05,98.34,-18.33314814814815,-119.9,5547,25.680555555555557,52.632407407407406,81.01851851851852,216
20,0.5,1.5,0.3,1.5,3,5,False,16.797361111111112,17.97,1.8836342592592592,1.8545,-75.05,98.34,-18.33314814814815,-119.9,5547,25.680555555555557,52.632407407407406,81.01851851851852,216
15,0.5,2.0,-0.3,2.0,2,7,False,16.781157407407406,19.395,1.5442824074074073,1.6015000000000001,-89.57,99.92,-21.996898148148148,-167.81,3699,17.125,50.05277777777778,77.31481481481481,216
15,0.5,2.0,-0.3,2.0,3,7,False,16.781157407407406,19.395,1.5442824074074073,1.6015000000000001,-89.57,99.92,-21.996898148148148,-167.81,3699,17.125,50.05277777777778,77.31481481481481,216
15,0.5,2.0,-0.3,2.0,5,7,False,16.781157407407406,19.395,1.5442824074074073,1.6015000000000001,-89.57,99.92,-21.996898148148148,-167.81,3699,17.125,50.05277777777778,77.31481481481481,216
15,0.75,1.5,-0.3,2.5,2,3,False,16.7687037037037,18.61,1.7195509259259258,1.646,-82.66,110.41,-19.40953703703704,-113.39,4623,21.40277777777778,57.214814814814815,80.0925925925926,216
15,0.75,1.5,-0.3,2.5,3,3,False,16.7687037037037,18.61,1.7195509259259258,1.646,-82.66,110.41,-19.40953703703704,-113.39,4623,21.40277777777778,57.214814814814815,80.0925925925926,216
15,0.75,1.5,-0.3,2.5,5,3,False,16.7687037037037,18.61,1.7195509259259258,1.646,-82.66,110.41,-19.40953703703704,-113.39,4623,21.40277777777778,57.214814814814815,80.0925925925926,216
20,0.3,1.5,-0.3,2.5,3,5,False,16.768194444444443,18.095,1.7686250000000001,1.5870000000000002,-92.25,97.23,-19.373194444444447,-171.91,3864,17.88888888888889,56.70092592592592,81.94444444444444,216
20,0.3,1.5,-0.3,2.5,2,5,False,16.768194444444443,18.095,1.7686250000000001,1.5870000000000002,-92.25,97.23,-19.373194444444447,-171.91,3864,17.88888888888889,56.70092592592592,81.94444444444444,216
20,0.3,1.5,-0.3,2.5,5,5,False,16.768194444444443,18.095,1.7686250000000001,1.5870000000000002,-92.25,97.23,-19.373194444444447,-171.91,3864,17.88888888888889,56.70092592592592,81.94444444444444,216
20,0.75,1.5,-0.3,2.5,2,3,False,16.767453703703705,16.875,1.8169490740740741,1.7145000000000001,-65.6,101.79,-18.39185185185185,-122.68,4095,18.958333333333332,57.79675925925926,81.48148148148148,216
20,0.75,1.5,-0.3,2.5,5,3,False,16.767453703703705,16.875,1.8169490740740741,1.7145000000000001,-65.6,101.79,-18.39185185185185,-122.68,4095,18.958333333333332,57.79675925925926,81.48148148148148,216
20,0.75,1.5,-0.3,2.5,3,3,False,16.767453703703705,16.875,1.8169490740740741,1.7145000000000001,-65.6,101.79,-18.39185185185185,-122.68,4095,18.958333333333332,57.79675925925926,81.48148148148148,216
10,0.5,2.0,0.0,2.5,5,3,False,16.766018518518518,17.384999999999998,1.5214074074074075,1.648,-129.59,106.83,-19.141296296296293,-194.64,4904,22.703703703703702,57.62361111111112,78.70370370370371,216
10,0.5,2.0,0.0,2.5,2,3,False,16.766018518518518,17.384999999999998,1.5214074074074075,1.648,-129.59,106.83,-19.141296296296293,-194.64,4904,22.703703703703702,57.62361111111112,78.70370370370371,216
10,0.5,2.0,0.0,2.5,3,3,False,16.766018518518518,17.384999999999998,1.5214074074074075,1.648,-129.59,106.83,-19.141296296296293,-194.64,4904,22.703703703703702,57.62361111111112,78.70370370370371,216
20,0.3,1.5,-0.3,2.0,2,7,False,16.76337962962963,18.29,1.6605648148148149,1.661,-97.82,112.0,-21.069444444444443,-177.59,3999,18.51388888888889,52.18101851851852,79.62962962962963,216
20,0.3,1.5,-0.3,2.0,3,7,False,16.76337962962963,18.29,1.6605648148148149,1.661,-97.82,112.0,-21.069444444444443,-177.59,3999,18.51388888888889,52.18101851851852,79.62962962962963,216
20,0.3,1.5,-0.3,2.0,5,7,False,16.76337962962963,18.29,1.6605648148148149,1.661,-97.82,112.0,-21.069444444444443,-177.59,3999,18.51388888888889,52.18101851851852,79.62962962962963,216
10,0.3,2.0,0.0,2.5,5,3,False,16.75097222222222,16.88,1.514449074074074,1.6629999999999998,-131.11,108.15,-19.052268518518524,-196.17,5270,24.39814814814815,57.7037037037037,78.70370370370371,216
10,0.3,2.0,0.0,2.5,2,3,False,16.75097222222222,16.88,1.514449074074074,1.6629999999999998,-131.11,108.15,-19.052268518518524,-196.17,5270,24.39814814814815,57.7037037037037,78.70370370370371,216
10,0.3,2.0,0.0,2.5,3,3,False,16.75097222222222,16.88,1.514449074074074,1.6629999999999998,-131.11,108.15,-19.052268518518524,-196.17,5270,24.39814814814815,57.7037037037037,78.70370370370371,216
20,0.5,1.5,-0.3,2.5,5,3,False,16.74921296296296,16.33,1.8164212962962965,1.7425,-65.13,101.61,-18.31648148148148,-122.68,4471,20.699074074074073,57.78564814814815,81.94444444444444,216
20,0.5,1.5,-0.3,2.5,2,3,False,16.74921296296296,16.33,1.8164212962962965,1.7425,-65.13,101.61,-18.31648148148148,-122.68,4471,20.699074074074073,57.78564814814815,81.94444444444444,216
20,0.5,1.5,-0.3,2.5,3,3,False,16.74921296296296,16.33,1.8164212962962965,1.7425,-65.13,101.61,-18.31648148148148,-122.68,4471,20.699074074074073,57.78564814814815,81.94444444444444,216
10,0.5,2.0,-0.3,2.5,5,3,False,16.73300925925926,17.225,1.5102500000000003,1.5325,-125.73,104.89,-19.208564814814817,-194.64,4895,22.662037037037038,56.747685185185176,77.77777777777779,216
10,0.5,2.0,-0.3,2.5,2,3,False,16.73300925925926,17.225,1.5102500000000003,1.5325,-125.73,104.89,-19.208564814814817,-194.64,4895,22.662037037037038,56.747685185185176,77.77777777777779,216
10,0.5,2.0,-0.3,2.5,3,3,False,16.73300925925926,17.225,1.5102500000000003,1.5325,-125.73,104.89,-19.208564814814817,-194.64,4895,22.662037037037038,56.747685185185176,77.77777777777779,216
10,0.5,2.0,-0.3,2.0,3,3,False,16.71449074074074,16.924999999999997,1.5203425925925926,1.419,-114.13,95.07,-19.046574074074076,-183.04,5306,24.564814814814813,54.269444444444446,81.01851851851852,216
10,0.5,2.0,-0.3,2.0,2,3,False,16.71449074074074,16.924999999999997,1.5203425925925926,1.419,-114.13,95.07,-19.046574074074076,-183.04,5306,24.564814814814813,54.269444444444446,81.01851851851852,216
10,0.5,2.0,-0.3,2.0,5,3,False,16.71449074074074,16.924999999999997,1.5203425925925926,1.419,-114.13,95.07,-19.046574074074076,-183.04,5306,24.564814814814813,54.269444444444446,81.01851851851852,216
15,0.3,1.5,0.3,1.5,5,5,False,16.71018518518519,20.165,1.7714953703703702,1.832,-93.12,117.4,-19.565555555555555,-118.03,6403,29.64351851851852,52.5013888888889,80.55555555555556,216
15,0.3,1.5,0.3,1.5,3,5,False,16.71018518518519,20.165,1.7714953703703702,1.832,-93.12,117.4,-19.565555555555555,-118.03,6403,29.64351851851852,52.5013888888889,80.55555555555556,216
15,0.3,1.5,0.3,1.5,2,5,False,16.71018518518519,20.165,1.7714953703703702,1.832,-93.12,117.4,-19.565555555555555,-118.03,6403,29.64351851851852,52.5013888888889,80.55555555555556,216
15,0.3,1.5,-0.3,1.5,2,5,False,16.708750000000002,19.47,1.6904398148148148,1.6444999999999999,-90.28,99.38,-20.413611111111113,-132.28,6264,29.0,49.47407407407408,79.16666666666666,216
15,0.3,1.5,-0.3,1.5,3,5,False,16.708750000000002,19.47,1.6904398148148148,1.6444999999999999,-90.28,99.38,-20.413611111111113,-132.28,6264,29.0,49.47407407407408,79.16666666666666,216
15,0.3,1.5,-0.3,1.5,5,5,False,16.708750000000002,19.47,1.6904398148148148,1.6444999999999999,-90.28,99.38,-20.413611111111113,-132.28,6264,29.0,49.47407407407408,79.16666666666666,216
10,0.3,2.0,0.0,2.0,2,3,False,16.705046296296295,16.915,1.5218935185185187,1.487,-119.51,96.42,-18.805925925925926,-184.57,5679,26.291666666666668,55.33518518518519,79.62962962962963,216
10,0.3,2.0,0.0,2.0,5,3,False,16.705046296296295,16.915,1.5218935185185187,1.487,-119.51,96.42,-18.805925925925926,-184.57,5679,26.291666666666668,55.33518518518519,79.62962962962963,216
10,0.3,2.0,0.0,2.0,3,3,False,16.705046296296295,16.915,1.5218935185185187,1.487,-119.51,96.42,-18.805925925925926,-184.57,5679,26.291666666666668,55.33518518518519,79.62962962962963,216
20,0.75,1.5,0.3,1.5,5,5,False,16.704305555555557,18.5,1.8804537037037037,1.828,-75.96,97.9,-18.42569444444445,-119.9,5254,24.324074074074073,51.802314814814814,81.01851851851852,216
20,0.75,1.5,0.3,1.5,2,5,False,16.704305555555557,18.5,1.8804537037037037,1.828,-75.96,97.9,-18.42569444444445,-119.9,5254,24.324074074074073,51.802314814814814,81.01851851851852,216
20,0.75,1.5,0.3,1.5,3,5,False,16.704305555555557,18.5,1.8804537037037037,1.828,-75.96,97.9,-18.42569444444445,-119.9,5254,24.324074074074073,51.802314814814814,81.01851851851852,216
15,0.3,2.0,0.0,2.0,3,5,False,16.695324074074072,19.020000000000003,1.6540509259259257,1.6844999999999999,-90.28,113.51,-19.940231481481483,-146.42,4259,19.71759259259259,54.35787037037038,79.62962962962963,216
15,0.3,2.0,0.0,2.0,5,5,False,16.695324074074072,19.020000000000003,1.6540509259259257,1.6844999999999999,-90.28,113.51,-19.940231481481483,-146.42,4259,19.71759259259259,54.35787037037038,79.62962962962963,216
15,0.3,2.0,0.0,2.0,2,5,False,16.695324074074072,19.020000000000003,1.6540509259259257,1.6844999999999999,-90.28,113.51,-19.940231481481483,-146.42,4259,19.71759259259259,54.35787037037038,79.62962962962963,216
20,0.75,1.5,0.0,2.0,3,7,False,16.693194444444444,18.765,1.690986111111111,1.6785,-96.73,114.96,-20.88703703703704,-178.2,3641,16.85648148148148,51.73009259259259,80.0925925925926,216
20,0.75,1.5,0.0,2.0,5,7,False,16.693194444444444,18.765,1.690986111111111,1.6785,-96.73,114.96,-20.88703703703704,-178.2,3641,16.85648148148148,51.73009259259259,80.0925925925926,216
20,0.75,1.5,0.0,2.0,2,7,False,16.693194444444444,18.765,1.690986111111111,1.6785,-96.73,114.96,-20.88703703703704,-178.2,3641,16.85648148148148,51.73009259259259,80.0925925925926,216
15,0.5,1.5,0.0,2.0,5,3,False,16.690416666666668,19.6,1.7628981481481478,1.713,-94.8,116.45,-19.273425925925924,-113.39,5505,25.48611111111111,54.966203703703705,82.4074074074074,216
15,0.5,1.5,0.0,2.0,3,3,False,16.690416666666668,19.6,1.7628981481481478,1.713,-94.8,116.45,-19.273425925925924,-113.39,5505,25.48611111111111,54.966203703703705,82.4074074074074,216
15,0.5,1.5,0.0,2.0,2,3,False,16.690416666666668,19.6,1.7628981481481478,1.713,-94.8,116.45,-19.273425925925924,-113.39,5505,25.48611111111111,54.966203703703705,82.4074074074074,216
10,0.5,2.0,0.0,2.0,2,3,False,16.685231481481484,17.450000000000003,1.5275416666666664,1.5590000000000002,-117.99,94.92,-18.95800925925926,-183.04,5317,24.61574074074074,55.085648148148145,80.55555555555556,216
10,0.5,2.0,0.0,2.0,3,3,False,16.685231481481484,17.450000000000003,1.5275416666666664,1.5590000000000002,-117.99,94.92,-18.95800925925926,-183.04,5317,24.61574074074074,55.085648148148145,80.55555555555556,216
10,0.5,2.0,0.0,2.0,5,3,False,16.685231481481484,17.450000000000003,1.5275416666666664,1.5590000000000002,-117.99,94.92,-18.95800925925926,-183.04,5317,24.61574074074074,55.085648148148145,80.55555555555556,216
20,0.5,1.5,-0.3,2.0,5,7,False,16.676620370370372,19.65,1.6636435185185183,1.6455,-94.81,112.0,-21.18949074074074,-178.2,3814,17.65740740740741,51.23703703703704,79.62962962962963,216
20,0.5,1.5,-0.3,2.0,2,7,False,16.676620370370372,19.65,1.6636435185185183,1.6455,-94.81,112.0,-21.18949074074074,-178.2,3814,17.65740740740741,51.23703703703704,79.62962962962963,216
20,0.5,1.5,-0.3,2.0,3,7,False,16.676620370370372,19.65,1.6636435185185183,1.6455,-94.81,112.0,-21.18949074074074,-178.2,3814,17.65740740740741,51.23703703703704,79.62962962962963,216
20,0.3,2.0,0.3,2.0,2,5,False,16.67361111111111,17.545,1.789013888888889,1.8515000000000001,-79.41,103.77,-18.547685185185188,-144.33,3842,17.787037037037038,59.04398148148148,81.94444444444444,216
20,0.3,2.0,0.3,2.0,5,5,False,16.67361111111111,17.545,1.789013888888889,1.8515000000000001,-79.41,103.77,-18.547685185185188,-144.33,3842,17.787037037037038,59.04398148148148,81.94444444444444,216
20,0.3,2.0,0.3,2.0,3,5,False,16.67361111111111,17.545,1.789013888888889,1.8515000000000001,-79.41,103.77,-18.547685185185188,-144.33,3842,17.787037037037038,59.04398148148148,81.94444444444444,216
15,0.3,2.0,-0.3,2.0,2,7,False,16.657083333333336,19.665,1.560574074074074,1.661,-89.59,99.47,-21.781898148148148,-168.23,3879,17.958333333333332,50.718981481481485,78.24074074074075,216
15,0.3,2.0,-0.3,2.0,3,7,False,16.657083333333336,19.665,1.560574074074074,1.661,-89.59,99.47,-21.781898148148148,-168.23,3879,17.958333333333332,50.718981481481485,78.24074074074075,216
15,0.3,2.0,-0.3,2.0,5,7,False,16.657083333333336,19.665,1.560574074074074,1.661,-89.59,99.47,-21.781898148148148,-168.23,3879,17.958333333333332,50.718981481481485,78.24074074074075,216
20,0.5,1.0,0.0,1.5,3,3,False,16.65319444444444,19.1,1.8655231481481482,1.8425,-72.1,102.33,-18.618333333333332,-117.37,7298,33.78703703703704,53.12407407407407,82.87037037037037,216
20,0.5,1.0,0.0,1.5,2,3,False,16.65319444444444,19.1,1.8655231481481482,1.8425,-72.1,102.33,-18.618333333333332,-117.37,7298,33.78703703703704,53.12407407407407,82.87037037037037,216
20,0.5,1.0,0.0,1.5,5,3,False,16.65319444444444,19.1,1.8655231481481482,1.8425,-72.1,102.33,-18.618333333333332,-117.37,7298,33.78703703703704,53.12407407407407,82.87037037037037,216
20,0.3,1.0,0.0,1.5,3,3,False,16.647453703703704,19.33,1.8679768518518518,1.855,-72.22,101.82,-18.61476851851852,-117.37,7684,35.574074074074076,53.56805555555555,82.4074074074074,216
20,0.3,1.0,0.0,1.5,2,3,False,16.647453703703704,19.33,1.8679768518518518,1.855,-72.22,101.82,-18.61476851851852,-117.37,7684,35.574074074074076,53.56805555555555,82.4074074074074,216
20,0.3,1.0,0.0,1.5,5,3,False,16.647453703703704,19.33,1.8679768518518518,1.855,-72.22,101.82,-18.61476851851852,-117.37,7684,35.574074074074076,53.56805555555555,82.4074074074074,216
10,0.3,2.0,-0.3,2.0,2,3,False,16.637685185185184,16.7,1.511365740740741,1.4175,-115.66,96.23,-18.96675925925926,-184.57,5663,26.21759259259259,54.21527777777778,80.55555555555556,216
10,0.3,2.0,-0.3,2.0,5,3,False,16.637685185185184,16.7,1.511365740740741,1.4175,-115.66,96.23,-18.96675925925926,-184.57,5663,26.21759259259259,54.21527777777778,80.55555555555556,216
10,0.3,2.0,-0.3,2.0,3,3,False,16.637685185185184,16.7,1.511365740740741,1.4175,-115.66,96.23,-18.96675925925926,-184.57,5663,26.21759259259259,54.21527777777778,80.55555555555556,216
15,0.75,2.0,0.3,2.0,5,5,False,16.629583333333333,18.72,1.7025000000000001,1.754,-82.52,114.63,-19.679166666666667,-146.06,3768,17.444444444444443,54.9962962962963,79.62962962962963,216
15,0.75,2.0,0.3,2.0,3,5,False,16.629583333333333,18.72,1.7025000000000001,1.754,-82.52,114.63,-19.679166666666667,-146.06,3768,17.444444444444443,54.9962962962963,79.62962962962963,216
15,0.75,2.0,0.3,2.0,2,5,False,16.629583333333333,18.72,1.7025000000000001,1.754,-82.52,114.63,-19.679166666666667,-146.06,3768,17.444444444444443,54.9962962962963,79.62962962962963,216
20,0.5,2.0,0.3,2.5,3,5,False,16.625,18.11,1.790175925925926,1.779,-101.25,95.56,-18.446574074074075,-169.36,3107,14.38425925925926,60.49305555555556,84.72222222222221,216
20,0.5,2.0,0.3,2.5,5,5,False,16.625,18.11,1.790175925925926,1.779,-101.25,95.56,-18.446574074074075,-169.36,3107,14.38425925925926,60.49305555555556,84.72222222222221,216
20,0.5,2.0,0.3,2.5,2,5,False,16.625,18.11,1.790175925925926,1.779,-101.25,95.56,-18.446574074074075,-169.36,3107,14.38425925925926,60.49305555555556,84.72222222222221,216
15,0.5,2.0,0.0,2.0,5,5,False,16.619675925925925,18.225,1.625736111111111,1.619,-86.55,113.34,-20.09476851851852,-146.06,4004,18.537037037037038,53.61388888888889,79.62962962962963,216
15,0.5,2.0,0.0,2.0,3,5,False,16.619675925925925,18.225,1.625736111111111,1.619,-86.55,113.34,-20.09476851851852,-146.06,4004,18.537037037037038,53.61388888888889,79.62962962962963,216
15,0.5,2.0,0.0,2.0,2,5,False,16.619675925925925,18.225,1.625736111111111,1.619,-86.55,113.34,-20.09476851851852,-146.06,4004,18.537037037037038,53.61388888888889,79.62962962962963,216
15,0.3,2.0,-0.3,2.0,2,5,False,16.60476851851852,18.765,1.6256111111111113,1.6595,-90.28,98.86,-20.143287037037037,-150.45,4199,19.439814814814813,52.866203703703704,79.16666666666666,216
15,0.3,2.0,-0.3,2.0,5,5,False,16.60476851851852,18.765,1.6256111111111113,1.6595,-90.28,98.86,-20.143287037037037,-150.45,4199,19.439814814814813,52.866203703703704,79.16666666666666,216
15,0.3,2.0,-0.3,2.0,3,5,False,16.60476851851852,18.765,1.6256111111111113,1.6595,-90.28,98.86,-20.143287037037037,-150.45,4199,19.439814814814813,52.866203703703704,79.16666666666666,216
20,0.5,1.0,-0.3,1.5,2,3,False,16.599814814814817,17.985,1.8572546296296297,1.8295,-72.17,103.82,-18.691620370370373,-117.37,7284,33.72222222222222,52.72175925925926,81.48148148148148,216
20,0.5,1.0,-0.3,1.5,3,3,False,16.599814814814817,17.985,1.8572546296296297,1.8295,-72.17,103.82,-18.691620370370373,-117.37,7284,33.72222222222222,52.72175925925926,81.48148148148148,216
20,0.5,1.0,-0.3,1.5,5,3,False,16.599814814814817,17.985,1.8572546296296297,1.8295,-72.17,103.82,-18.691620370370373,-117.37,7284,33.72222222222222,52.72175925925926,81.48148148148148,216
20,0.3,1.0,-0.3,1.5,3,3,False,16.599027777777778,18.405,1.8624583333333335,1.879,-72.17,103.3,-18.693194444444444,-117.37,7662,35.47222222222222,52.89212962962962,81.01851851851852,216
20,0.3,1.0,-0.3,1.5,2,3,False,16.599027777777778,18.405,1.8624583333333335,1.879,-72.17,103.3,-18.693194444444444,-117.37,7662,35.47222222222222,52.89212962962962,81.01851851851852,216
20,0.3,1.0,-0.3,1.5,5,3,False,16.599027777777778,18.405,1.8624583333333335,1.879,-72.17,103.3,-18.693194444444444,-117.37,7662,35.47222222222222,52.89212962962962,81.01851851851852,216
20,0.3,1.5,0.0,2.0,5,7,False,16.59638888888889,18.66,1.6772500000000004,1.6925,-98.0,117.46,-20.662314814814813,-177.59,4066,18.824074074074073,53.78333333333334,79.16666666666666,216
20,0.3,1.5,0.0,2.0,3,7,False,16.59638888888889,18.66,1.6772500000000004,1.6925,-98.0,117.46,-20.662314814814813,-177.59,4066,18.824074074074073,53.78333333333334,79.16666666666666,216
20,0.3,1.5,0.0,2.0,2,7,False,16.59638888888889,18.66,1.6772500000000004,1.6925,-98.0,117.46,-20.662314814814813,-177.59,4066,18.824074074074073,53.78333333333334,79.16666666666666,216
10,0.3,2.0,-0.3,2.5,3,3,False,16.57638888888889,17.17,1.4984907407407406,1.5150000000000001,-127.26,105.95,-19.19287037037037,-196.17,5254,24.324074074074073,56.53194444444445,78.24074074074075,216
10,0.3,2.0,-0.3,2.5,2,3,False,16.57638888888889,17.17,1.4984907407407406,1.5150000000000001,-127.26,105.95,-19.19287037037037,-196.17,5254,24.324074074074073,56.53194444444445,78.24074074074075,216
10,0.3,2.0,-0.3,2.5,5,3,False,16.57638888888889,17.17,1.4984907407407406,1.5150000000000001,-127.26,105.95,-19.19287037037037,-196.17,5254,24.324074074074073,56.53194444444445,78.24074074074075,216
15,0.3,2.0,0.0,2.5,2,5,False,16.568333333333335,18.314999999999998,1.6730046296296297,1.698,-88.04,98.96,-19.72555555555555,-144.57,3742,17.324074074074073,57.842592592592595,78.70370370370371,216
15,0.3,2.0,0.0,2.5,5,5,False,16.568333333333335,18.314999999999998,1.6730046296296297,1.698,-88.04,98.96,-19.72555555555555,-144.57,3742,17.324074074074073,57.842592592592595,78.70370370370371,216
15,0.3,2.0,0.0,2.5,3,5,False,16.568333333333335,18.314999999999998,1.6730046296296297,1.698,-88.04,98.96,-19.72555555555555,-144.57,3742,17.324074074074073,57.842592592592595,78.70370370370371,216
15,0.3,1.5,0.0,2.0,5,3,False,16.564444444444444,18.755000000000003,1.738509259259259,1.7035,-96.29,116.62,-19.292777777777776,-113.39,5831,26.99537037037037,55.27407407407408,81.48148148148148,216
15,0.3,1.5,0.0,2.0,3,3,False,16.564444444444444,18.755000000000003,1.738509259259259,1.7035,-96.29,116.62,-19.292777777777776,-113.39,5831,26.99537037037037,55.27407407407408,81.48148148148148,216
15,0.3,1.5,0.0,2.0,2,3,False,16.564444444444444,18.755000000000003,1.738509259259259,1.7035,-96.29,116.62,-19.292777777777776,-113.39,5831,26.99537037037037,55.27407407407408,81.48148148148148,216
10,0.3,2.0,0.3,1.5,5,3,False,16.547314814814815,16.545,1.5726203703703703,1.5955,-97.08,101.83,-17.67046296296296,-142.87,6215,28.77314814814815,55.01203703703703,80.0925925925926,216
10,0.3,2.0,0.3,1.5,2,3,False,16.547314814814815,16.545,1.5726203703703703,1.5955,-97.08,101.83,-17.67046296296296,-142.87,6215,28.77314814814815,55.01203703703703,80.0925925925926,216
10,0.3,2.0,0.3,1.5,3,3,False,16.547314814814815,16.545,1.5726203703703703,1.5955,-97.08,101.83,-17.67046296296296,-142.87,6215,28.77314814814815,55.01203703703703,80.0925925925926,216
20,0.75,2.0,0.0,2.5,5,5,False,16.546666666666667,16.92,1.736888888888889,1.6115,-98.86,96.45,-19.15699074074074,-174.26,2814,13.027777777777779,57.511574074074076,82.87037037037037,216
20,0.75,2.0,0.0,2.5,3,5,False,16.546666666666667,16.92,1.736888888888889,1.6115,-98.86,96.45,-19.15699074074074,-174.26,2814,13.027777777777779,57.511574074074076,82.87037037037037,216
20,0.75,2.0,0.0,2.5,2,5,False,16.546666666666667,16.92,1.736888888888889,1.6115,-98.86,96.45,-19.15699074074074,-174.26,2814,13.027777777777779,57.511574074074076,82.87037037037037,216
15,0.3,2.0,0.3,2.0,5,5,False,16.535694444444445,19.645,1.7151342592592593,1.763,-93.12,120.3,-19.465185185185184,-146.42,4358,20.175925925925927,56.67268518518519,79.62962962962963,216
15,0.3,2.0,0.3,2.0,2,5,False,16.535694444444445,19.645,1.7151342592592593,1.763,-93.12,120.3,-19.465185185185184,-146.42,4358,20.175925925925927,56.67268518518519,79.62962962962963,216
15,0.3,2.0,0.3,2.0,3,5,False,16.535694444444445,19.645,1.7151342592592593,1.763,-93.12,120.3,-19.465185185185184,-146.42,4358,20.175925925925927,56.67268518518519,79.62962962962963,216
20,0.3,1.5,-0.3,2.0,5,3,False,16.53486111111111,17.395,1.8165787037037036,1.8215,-63.41,104.76,-18.590185185185184,-121.96,5234,24.23148148148148,56.118981481481484,82.4074074074074,216
20,0.3,1.5,-0.3,2.0,3,3,False,16.53486111111111,17.395,1.8165787037037036,1.8215,-63.41,104.76,-18.590185185185184,-121.96,5234,24.23148148148148,56.118981481481484,82.4074074074074,216
20,0.3,1.5,-0.3,2.0,2,3,False,16.53486111111111,17.395,1.8165787037037036,1.8215,-63.41,104.76,-18.590185185185184,-121.96,5234,24.23148148148148,56.118981481481484,82.4074074074074,216
15,0.5,2.0,0.3,2.0,2,5,False,16.49912037037037,18.935000000000002,1.6856527777777777,1.7530000000000001,-86.7,120.14,-19.570509259259257,-146.06,4072,18.85185185185185,55.79490740740741,79.62962962962963,216
15,0.5,2.0,0.3,2.0,3,5,False,16.49912037037037,18.935000000000002,1.6856527777777777,1.7530000000000001,-86.7,120.14,-19.570509259259257,-146.06,4072,18.85185185185185,55.79490740740741,79.62962962962963,216
15,0.5,2.0,0.3,2.0,5,5,False,16.49912037037037,18.935000000000002,1.6856527777777777,1.7530000000000001,-86.7,120.14,-19.570509259259257,-146.06,4072,18.85185185185185,55.79490740740741,79.62962962962963,216
20,0.75,1.0,0.0,1.5,5,3,False,16.494074074074074,18.445,1.860138888888889,1.8385,-73.33,102.74,-18.62777777777778,-117.37,6923,32.050925925925924,52.83472222222222,81.94444444444444,216
20,0.75,1.0,0.0,1.5,2,3,False,16.494074074074074,18.445,1.860138888888889,1.8385,-73.33,102.74,-18.62777777777778,-117.37,6923,32.050925925925924,52.83472222222222,81.94444444444444,216
20,0.75,1.0,0.0,1.5,3,3,False,16.494074074074074,18.445,1.860138888888889,1.8385,-73.33,102.74,-18.62777777777778,-117.37,6923,32.050925925925924,52.83472222222222,81.94444444444444,216
10,0.75,2.0,0.0,1.5,5,3,False,16.48763888888889,16.75,1.552476851851852,1.4735,-88.54,97.63,-17.943194444444444,-139.9,5273,24.412037037037038,53.1050925925926,80.55555555555556,216
10,0.75,2.0,0.0,1.5,3,3,False,16.48763888888889,16.75,1.552476851851852,1.4735,-88.54,97.63,-17.943194444444444,-139.9,5273,24.412037037037038,53.1050925925926,80.55555555555556,216
10,0.75,2.0,0.0,1.5,2,3,False,16.48763888888889,16.75,1.552476851851852,1.4735,-88.54,97.63,-17.943194444444444,-139.9,5273,24.412037037037038,53.1050925925926,80.55555555555556,216
15,0.3,1.5,-0.3,2.5,3,3,False,16.47425925925926,19.185000000000002,1.7106574074074075,1.6484999999999999,-96.29,110.46,-19.243935185185187,-113.39,5358,24.805555555555557,56.51898148148149,80.55555555555556,216
15,0.3,1.5,-0.3,2.5,2,3,False,16.47425925925926,19.185000000000002,1.7106574074074075,1.6484999999999999,-96.29,110.46,-19.243935185185187,-113.39,5358,24.805555555555557,56.51898148148149,80.55555555555556,216
15,0.3,1.5,-0.3,2.5,5,3,False,16.47425925925926,19.185000000000002,1.7106574074074075,1.6484999999999999,-96.29,110.46,-19.243935185185187,-113.39,5358,24.805555555555557,56.51898148148149,80.55555555555556,216
20,0.3,1.5,0.0,2.0,5,3,False,16.466944444444444,16.99,1.8168564814814816,1.8784999999999998,-63.81,104.54,-18.442962962962966,-122.16,5253,24.319444444444443,57.053703703703704,83.33333333333334,216
20,0.3,1.5,0.0,2.0,3,3,False,16.466944444444444,16.99,1.8168564814814816,1.8784999999999998,-63.81,104.54,-18.442962962962966,-122.16,5253,24.319444444444443,57.053703703703704,83.33333333333334,216
20,0.3,1.5,0.0,2.0,2,3,False,16.466944444444444,16.99,1.8168564814814816,1.8784999999999998,-63.81,104.54,-18.442962962962966,-122.16,5253,24.319444444444443,57.053703703703704,83.33333333333334,216
15,0.75,2.0,-0.3,2.0,2,5,False,16.456898148148152,18.67,1.602412037037037,1.6179999999999999,-76.63,96.38,-20.407962962962962,-150.2,3697,17.11574074074074,52.49444444444444,79.16666666666666,216
15,0.75,2.0,-0.3,2.0,5,5,False,16.456898148148152,18.67,1.602412037037037,1.6179999999999999,-76.63,96.38,-20.407962962962962,-150.2,3697,17.11574074074074,52.49444444444444,79.16666666666666,216
15,0.75,2.0,-0.3,2.0,3,5,False,16.456898148148152,18.67,1.602412037037037,1.6179999999999999,-76.63,96.38,-20.407962962962962,-150.2,3697,17.11574074074074,52.49444444444444,79.16666666666666,216
15,0.5,2.0,-0.3,2.0,2,5,False,16.451574074074074,18.835,1.5918055555555555,1.6385,-82.64,99.31,-20.350740740740743,-150.2,3952,18.296296296296298,52.344907407407405,79.16666666666666,216
15,0.5,2.0,-0.3,2.0,5,5,False,16.451574074074074,18.835,1.5918055555555555,1.6385,-82.64,99.31,-20.350740740740743,-150.2,3952,18.296296296296298,52.344907407407405,79.16666666666666,216
15,0.5,2.0,-0.3,2.0,3,5,False,16.451574074074074,18.835,1.5918055555555555,1.6385,-82.64,99.31,-20.350740740740743,-150.2,3952,18.296296296296298,52.344907407407405,79.16666666666666,216
20,0.3,1.5,0.3,2.0,5,3,False,16.441898148148148,18.09,1.8542407407407406,1.8925,-68.77,99.67,-18.1875,-123.77,5280,24.444444444444443,58.476388888888884,81.94444444444444,216
20,0.3,1.5,0.3,2.0,2,3,False,16.441898148148148,18.09,1.8542407407407406,1.8925,-68.77,99.67,-18.1875,-123.77,5280,24.444444444444443,58.476388888888884,81.94444444444444,216
20,0.3,1.5,0.3,2.0,3,3,False,16.441898148148148,18.09,1.8542407407407406,1.8925,-68.77,99.67,-18.1875,-123.77,5280,24.444444444444443,58.476388888888884,81.94444444444444,216
20,0.5,1.5,0.0,2.0,5,7,False,16.43847222222222,19.645000000000003,1.676912037037037,1.714,-95.51,114.56,-20.783981481481483,-178.2,3856,17.85185185185185,52.38333333333334,78.24074074074075,216
20,0.5,1.5,0.0,2.0,3,7,False,16.43847222222222,19.645000000000003,1.676912037037037,1.714,-95.51,114.56,-20.783981481481483,-178.2,3856,17.85185185185185,52.38333333333334,78.24074074074075,216
20,0.5,1.5,0.0,2.0,2,7,False,16.43847222222222,19.645000000000003,1.676912037037037,1.714,-95.51,114.56,-20.783981481481483,-178.2,3856,17.85185185185185,52.38333333333334,78.24074074074075,216
20,0.3,1.5,-0.3,2.5,2,7,False,16.43537037037037,17.57,1.7101851851851853,1.5430000000000001,-124.44,122.18,-20.83634259259259,-188.85,3455,15.99537037037037,55.71435185185185,82.4074074074074,216
20,0.3,1.5,-0.3,2.5,3,7,False,16.43537037037037,17.57,1.7101851851851853,1.5430000000000001,-124.44,122.18,-20.83634259259259,-188.85,3455,15.99537037037037,55.71435185185185,82.4074074074074,216
20,0.3,1.5,-0.3,2.5,5,7,False,16.43537037037037,17.57,1.7101851851851853,1.5430000000000001,-124.44,122.18,-20.83634259259259,-188.85,3455,15.99537037037037,55.71435185185185,82.4074074074074,216
15,0.5,2.0,0.0,2.5,2,5,False,16.429305555555555,17.91,1.6268842592592594,1.6869999999999998,-86.55,98.8,-19.92662037037037,-146.06,3486,16.13888888888889,57.159259259259265,79.62962962962963,216
15,0.5,2.0,0.0,2.5,3,5,False,16.429305555555555,17.91,1.6268842592592594,1.6869999999999998,-86.55,98.8,-19.92662037037037,-146.06,3486,16.13888888888889,57.159259259259265,79.62962962962963,216
15,0.5,2.0,0.0,2.5,5,5,False,16.429305555555555,17.91,1.6268842592592594,1.6869999999999998,-86.55,98.8,-19.92662037037037,-146.06,3486,16.13888888888889,57.159259259259265,79.62962962962963,216
15,0.75,1.5,-0.3,2.0,2,3,False,16.418842592592593,17.85,1.7222870370370371,1.6179999999999999,-82.66,110.66,-19.482453703703705,-113.39,5083,23.53240740740741,54.68425925925926,80.0925925925926,216
15,0.75,1.5,-0.3,2.0,3,3,False,16.418842592592593,17.85,1.7222870370370371,1.6179999999999999,-82.66,110.66,-19.482453703703705,-113.39,5083,23.53240740740741,54.68425925925926,80.0925925925926,216
15,0.75,1.5,-0.3,2.0,5,3,False,16.418842592592593,17.85,1.7222870370370371,1.6179999999999999,-82.66,110.66,-19.482453703703705,-113.39,5083,23.53240740740741,54.68425925925926,80.0925925925926,216
20,0.75,1.5,-0.3,2.5,5,7,False,16.41625,18.905,1.6971574074074074,1.5945,-131.82,122.03,-21.371203703703706,-188.85,3073,14.226851851851851,54.34444444444444,79.16666666666666,216
20,0.75,1.5,-0.3,2.5,3,7,False,16.41625,18.905,1.6971574074074074,1.5945,-131.82,122.03,-21.371203703703706,-188.85,3073,14.226851851851851,54.34444444444444,79.16666666666666,216
20,0.75,1.5,-0.3,2.5,2,7,False,16.41625,18.905,1.6971574074074074,1.5945,-131.82,122.03,-21.371203703703706,-188.85,3073,14.226851851851851,54.34444444444444,79.16666666666666,216
15,0.5,1.5,0.3,1.5,5,3,False,16.412129629629632,18.53,1.7585925925925925,1.712,-92.74,106.61,-19.15875,-113.39,6493,30.060185185185187,54.19027777777777,79.62962962962963,216
15,0.5,1.5,0.3,1.5,2,3,False,16.412129629629632,18.53,1.7585925925925925,1.712,-92.74,106.61,-19.15875,-113.39,6493,30.060185185185187,54.19027777777777,79.62962962962963,216
15,0.5,1.5,0.3,1.5,3,3,False,16.412129629629632,18.53,1.7585925925925925,1.712,-92.74,106.61,-19.15875,-113.39,6493,30.060185185185187,54.19027777777777,79.62962962962963,216
20,0.75,1.0,-0.3,1.5,5,3,False,16.411712962962966,18.41,1.8456759259259259,1.8479999999999999,-73.33,104.0,-18.712268518518517,-117.37,6910,31.99074074074074,52.54814814814816,80.55555555555556,216
20,0.75,1.0,-0.3,1.5,2,3,False,16.411712962962966,18.41,1.8456759259259259,1.8479999999999999,-73.33,104.0,-18.712268518518517,-117.37,6910,31.99074074074074,52.54814814814816,80.55555555555556,216
20,0.75,1.0,-0.3,1.5,3,3,False,16.411712962962966,18.41,1.8456759259259259,1.8479999999999999,-73.33,104.0,-18.712268518518517,-117.37,6910,31.99074074074074,52.54814814814816,80.55555555555556,216
15,0.5,2.0,-0.3,2.5,5,5,False,16.410925925925927,18.395,1.5986574074074074,1.6135000000000002,-82.64,94.01,-20.13907407407407,-150.2,3443,15.939814814814815,55.499537037037044,79.16666666666666,216
15,0.5,2.0,-0.3,2.5,3,5,False,16.410925925925927,18.395,1.5986574074074074,1.6135000000000002,-82.64,94.01,-20.13907407407407,-150.2,3443,15.939814814814815,55.499537037037044,79.16666666666666,216
15,0.5,2.0,-0.3,2.5,2,5,False,16.410925925925927,18.395,1.5986574074074074,1.6135000000000002,-82.64,94.01,-20.13907407407407,-150.2,3443,15.939814814814815,55.499537037037044,79.16666666666666,216
10,0.75,2.0,-0.3,1.5,3,3,False,16.404907407407407,15.265,1.537449074074074,1.403,-79.1,95.69,-18.131574074074074,-139.9,5269,24.39351851851852,52.69074074074074,80.55555555555556,216
10,0.75,2.0,-0.3,1.5,2,3,False,16.404907407407407,15.265,1.537449074074074,1.403,-79.1,95.69,-18.131574074074074,-139.9,5269,24.39351851851852,52.69074074074074,80.55555555555556,216
10,0.75,2.0,-0.3,1.5,5,3,False,16.404907407407407,15.265,1.537449074074074,1.403,-79.1,95.69,-18.131574074074074,-139.9,5269,24.39351851851852,52.69074074074074,80.55555555555556,216
15,0.5,1.5,-0.3,2.5,2,3,False,16.381064814814817,18.935,1.726935185185185,1.6764999999999999,-94.8,111.08,-19.314166666666665,-113.39,5028,23.27777777777778,56.61435185185186,80.55555555555556,216
15,0.5,1.5,-0.3,2.5,5,3,False,16.381064814814817,18.935,1.726935185185185,1.6764999999999999,-94.8,111.08,-19.314166666666665,-113.39,5028,23.27777777777778,56.61435185185186,80.55555555555556,216
15,0.5,1.5,-0.3,2.5,3,3,False,16.381064814814817,18.935,1.726935185185185,1.6764999999999999,-94.8,111.08,-19.314166666666665,-113.39,5028,23.27777777777778,56.61435185185186,80.55555555555556,216
20,0.75,2.0,0.3,2.0,5,7,False,16.363518518518518,18.055,1.7301111111111114,1.723,-97.88,107.2,-19.994398148148147,-178.2,3110,14.398148148148149,54.27962962962964,79.62962962962963,216
20,0.75,2.0,0.3,2.0,3,7,False,16.363518518518518,18.055,1.7301111111111114,1.723,-97.88,107.2,-19.994398148148147,-178.2,3110,14.398148148148149,54.27962962962964,79.62962962962963,216
20,0.75,2.0,0.3,2.0,2,7,False,16.363518518518518,18.055,1.7301111111111114,1.723,-97.88,107.2,-19.994398148148147,-178.2,3110,14.398148148148149,54.27962962962964,79.62962962962963,216
10,0.3,2.0,0.0,1.5,2,3,False,16.359074074074073,16.345,1.5452407407407407,1.5459999999999998,-94.75,98.97,-18.041898148148146,-141.43,6171,28.569444444444443,53.868981481481484,78.70370370370371,216
10,0.3,2.0,0.0,1.5,5,3,False,16.359074074074073,16.345,1.5452407407407407,1.5459999999999998,-94.75,98.97,-18.041898148148146,-141.43,6171,28.569444444444443,53.868981481481484,78.70370370370371,216
10,0.3,2.0,0.0,1.5,3,3,False,16.359074074074073,16.345,1.5452407407407407,1.5459999999999998,-94.75,98.97,-18.041898148148146,-141.43,6171,28.569444444444443,53.868981481481484,78.70370370370371,216
10,0.5,2.0,0.0,1.5,3,3,False,16.348935185185187,16.66,1.544587962962963,1.514,-86.78,97.65,-17.959953703703704,-139.9,5795,26.828703703703702,53.67777777777778,79.62962962962963,216
10,0.5,2.0,0.0,1.5,2,3,False,16.348935185185187,16.66,1.544587962962963,1.514,-86.78,97.65,-17.959953703703704,-139.9,5795,26.828703703703702,53.67777777777778,79.62962962962963,216
10,0.5,2.0,0.0,1.5,5,3,False,16.348935185185187,16.66,1.544587962962963,1.514,-86.78,97.65,-17.959953703703704,-139.9,5795,26.828703703703702,53.67777777777778,79.62962962962963,216
10,0.75,2.0,0.3,1.5,3,3,False,16.3337962962963,17.535,1.5697407407407407,1.5665,-90.94,101.03,-17.68949074074074,-141.34,5288,24.48148148148148,53.98240740740741,81.94444444444444,216
10,0.75,2.0,0.3,1.5,5,3,False,16.3337962962963,17.535,1.5697407407407407,1.5665,-90.94,101.03,-17.68949074074074,-141.34,5288,24.48148148148148,53.98240740740741,81.94444444444444,216
10,0.75,2.0,0.3,1.5,2,3,False,16.3337962962963,17.535,1.5697407407407407,1.5665,-90.94,101.03,-17.68949074074074,-141.34,5288,24.48148148148148,53.98240740740741,81.94444444444444,216
20,0.3,1.5,-0.3,1.5,5,5,False,16.323657407407406,18.055,1.8087546296296297,1.7265000000000001,-73.07,105.73,-19.212083333333332,-156.54,5716,26.462962962962962,50.83842592592592,81.01851851851852,216
20,0.3,1.5,-0.3,1.5,3,5,False,16.323657407407406,18.055,1.8087546296296297,1.7265000000000001,-73.07,105.73,-19.212083333333332,-156.54,5716,26.462962962962962,50.83842592592592,81.01851851851852,216
20,0.3,1.5,-0.3,1.5,2,5,False,16.323657407407406,18.055,1.8087546296296297,1.7265000000000001,-73.07,105.73,-19.212083333333332,-156.54,5716,26.462962962962962,50.83842592592592,81.01851851851852,216
20,0.3,1.5,0.3,2.5,3,7,False,16.318657407407407,19.435000000000002,1.7521712962962963,1.65,-103.36,114.35,-19.99787037037037,-186.54,3627,16.791666666666668,60.18657407407407,81.94444444444444,216
20,0.3,1.5,0.3,2.5,5,7,False,16.318657407407407,19.435000000000002,1.7521712962962963,1.65,-103.36,114.35,-19.99787037037037,-186.54,3627,16.791666666666668,60.18657407407407,81.94444444444444,216
20,0.3,1.5,0.3,2.5,2,7,False,16.318657407407407,19.435000000000002,1.7521712962962963,1.65,-103.36,114.35,-19.99787037037037,-186.54,3627,16.791666666666668,60.18657407407407,81.94444444444444,216
15,0.75,1.5,0.3,1.5,5,3,False,16.31375,18.555,1.7538472222222223,1.7115,-93.91,106.78,-19.181851851851857,-113.39,6061,28.060185185185187,53.92037037037038,80.0925925925926,216
15,0.75,1.5,0.3,1.5,3,3,False,16.31375,18.555,1.7538472222222223,1.7115,-93.91,106.78,-19.181851851851857,-113.39,6061,28.060185185185187,53.92037037037038,80.0925925925926,216
15,0.75,1.5,0.3,1.5,2,3,False,16.31375,18.555,1.7538472222222223,1.7115,-93.91,106.78,-19.181851851851857,-113.39,6061,28.060185185185187,53.92037037037038,80.0925925925926,216
10,0.5,2.0,-0.3,1.5,5,3,False,16.306527777777777,15.530000000000001,1.5307916666666666,1.4224999999999999,-77.34,95.71,-18.13888888888889,-139.9,5784,26.77777777777778,52.90555555555555,80.0925925925926,216
10,0.5,2.0,-0.3,1.5,3,3,False,16.306527777777777,15.530000000000001,1.5307916666666666,1.4224999999999999,-77.34,95.71,-18.13888888888889,-139.9,5784,26.77777777777778,52.90555555555555,80.0925925925926,216
10,0.5,2.0,-0.3,1.5,2,3,False,16.306527777777777,15.530000000000001,1.5307916666666666,1.4224999999999999,-77.34,95.71,-18.13888888888889,-139.9,5784,26.77777777777778,52.90555555555555,80.0925925925926,216
20,0.5,1.5,-0.3,1.5,5,5,False,16.295185185185186,18.26,1.8009166666666667,1.6909999999999998,-73.19,106.24,-19.218472222222225,-156.54,5475,25.34722222222222,50.386574074074076,81.01851851851852,216
20,0.5,1.5,-0.3,1.5,2,5,False,16.295185185185186,18.26,1.8009166666666667,1.6909999999999998,-73.19,106.24,-19.218472222222225,-156.54,5475,25.34722222222222,50.386574074074076,81.01851851851852,216
20,0.5,1.5,-0.3,1.5,3,5,False,16.295185185185186,18.26,1.8009166666666667,1.6909999999999998,-73.19,106.24,-19.218472222222225,-156.54,5475,25.34722222222222,50.386574074074076,81.01851851851852,216
20,0.3,1.5,0.3,1.5,2,5,False,16.294583333333332,18.145,1.880259259259259,1.883,-76.79,97.83,-18.42560185185185,-119.9,5838,27.02777777777778,53.495370370370374,81.01851851851852,216
20,0.3,1.5,0.3,1.5,3,5,False,16.294583333333332,18.145,1.880259259259259,1.883,-76.79,97.83,-18.42560185185185,-119.9,5838,27.02777777777778,53.495370370370374,81.01851851851852,216
20,0.3,1.5,0.3,1.5,5,5,False,16.294583333333332,18.145,1.880259259259259,1.883,-76.79,97.83,-18.42560185185185,-119.9,5838,27.02777777777778,53.495370370370374,81.01851851851852,216
10,0.3,2.0,-0.3,1.5,5,3,False,16.29162037037037,15.645,1.532537037037037,1.467,-94.03,96.77,-18.21402777777778,-141.43,6155,28.49537037037037,52.863425925925924,78.70370370370371,216
10,0.3,2.0,-0.3,1.5,3,3,False,16.29162037037037,15.645,1.532537037037037,1.467,-94.03,96.77,-18.21402777777778,-141.43,6155,28.49537037037037,52.863425925925924,78.70370370370371,216
10,0.3,2.0,-0.3,1.5,2,3,False,16.29162037037037,15.645,1.532537037037037,1.467,-94.03,96.77,-18.21402777777778,-141.43,6155,28.49537037037037,52.863425925925924,78.70370370370371,216
20,0.75,1.5,0.0,2.5,5,7,False,16.283287037037038,18.375,1.7107175925925926,1.6295,-131.82,119.13,-21.075324074074075,-188.85,3104,14.37037037037037,55.40462962962962,81.94444444444444,216
20,0.75,1.5,0.0,2.5,3,7,False,16.283287037037038,18.375,1.7107175925925926,1.6295,-131.82,119.13,-21.075324074074075,-188.85,3104,14.37037037037037,55.40462962962962,81.94444444444444,216
20,0.75,1.5,0.0,2.5,2,7,False,16.283287037037038,18.375,1.7107175925925926,1.6295,-131.82,119.13,-21.075324074074075,-188.85,3104,14.37037037037037,55.40462962962962,81.94444444444444,216
20,0.5,1.5,0.0,1.5,2,5,False,16.28064814814815,17.58,1.8212916666666668,1.715,-83.92,105.45,-18.97587962962963,-156.54,5504,25.48148148148148,51.17916666666667,81.01851851851852,216
20,0.5,1.5,0.0,1.5,3,5,False,16.28064814814815,17.58,1.8212916666666668,1.715,-83.92,105.45,-18.97587962962963,-156.54,5504,25.48148148148148,51.17916666666667,81.01851851851852,216
20,0.5,1.5,0.0,1.5,5,5,False,16.28064814814815,17.58,1.8212916666666668,1.715,-83.92,105.45,-18.97587962962963,-156.54,5504,25.48148148148148,51.17916666666667,81.01851851851852,216
15,0.5,1.5,-0.3,2.0,2,3,False,16.264351851851853,18.0,1.7299861111111112,1.705,-94.8,116.75,-19.47189814814815,-113.39,5488,25.40740740740741,54.286574074074075,80.0925925925926,216
15,0.5,1.5,-0.3,2.0,5,3,False,16.264351851851853,18.0,1.7299861111111112,1.705,-94.8,116.75,-19.47189814814815,-113.39,5488,25.40740740740741,54.286574074074075,80.0925925925926,216
15,0.5,1.5,-0.3,2.0,3,3,False,16.264351851851853,18.0,1.7299861111111112,1.705,-94.8,116.75,-19.47189814814815,-113.39,5488,25.40740740740741,54.286574074074075,80.0925925925926,216
20,0.5,1.5,0.3,2.0,3,3,False,16.261944444444445,18.145,1.822712962962963,1.879,-68.2,96.77,-18.254398148148148,-124.21,4880,22.59259259259259,57.5125,81.48148148148148,216
20,0.5,1.5,0.3,2.0,5,3,False,16.261944444444445,18.145,1.822712962962963,1.879,-68.2,96.77,-18.254398148148148,-124.21,4880,22.59259259259259,57.5125,81.48148148148148,216
20,0.5,1.5,0.3,2.0,2,3,False,16.261944444444445,18.145,1.822712962962963,1.879,-68.2,96.77,-18.254398148148148,-124.21,4880,22.59259259259259,57.5125,81.48148148148148,216
20,0.75,2.0,0.0,2.0,5,5,False,16.26097222222222,16.33,1.6965509259259255,1.608,-67.96,108.37,-19.253425925925924,-148.52,3254,15.064814814814815,54.69583333333333,79.62962962962963,216
20,0.75,2.0,0.0,2.0,2,5,False,16.26097222222222,16.33,1.6965509259259255,1.608,-67.96,108.37,-19.253425925925924,-148.52,3254,15.064814814814815,54.69583333333333,79.62962962962963,216
20,0.75,2.0,0.0,2.0,3,5,False,16.26097222222222,16.33,1.6965509259259255,1.608,-67.96,108.37,-19.253425925925924,-148.52,3254,15.064814814814815,54.69583333333333,79.62962962962963,216
20,0.75,2.0,-0.3,2.5,3,5,False,16.24824074074074,16.535,1.7049814814814814,1.628,-98.86,97.38,-19.548842592592592,-174.26,2797,12.949074074074074,56.07453703703704,81.01851851851852,216
20,0.75,2.0,-0.3,2.5,5,5,False,16.24824074074074,16.535,1.7049814814814814,1.628,-98.86,97.38,-19.548842592592592,-174.26,2797,12.949074074074074,56.07453703703704,81.01851851851852,216
20,0.75,2.0,-0.3,2.5,2,5,False,16.24824074074074,16.535,1.7049814814814814,1.628,-98.86,97.38,-19.548842592592592,-174.26,2797,12.949074074074074,56.07453703703704,81.01851851851852,216
20,0.75,1.5,0.3,2.0,3,3,False,16.240092592592593,17.494999999999997,1.819976851851852,1.79,-70.68,96.33,-18.25759259259259,-124.21,4503,20.84722222222222,56.68564814814815,81.94444444444444,216
20,0.75,1.5,0.3,2.0,2,3,False,16.240092592592593,17.494999999999997,1.819976851851852,1.79,-70.68,96.33,-18.25759259259259,-124.21,4503,20.84722222222222,56.68564814814815,81.94444444444444,216
20,0.75,1.5,0.3,2.0,5,3,False,16.240092592592593,17.494999999999997,1.819976851851852,1.79,-70.68,96.33,-18.25759259259259,-124.21,4503,20.84722222222222,56.68564814814815,81.94444444444444,216
15,0.3,1.5,0.3,1.5,3,3,False,16.19851851851852,18.424999999999997,1.7404583333333332,1.7029999999999998,-92.74,106.78,-19.200972222222223,-113.39,6844,31.685185185185187,54.57175925925926,79.62962962962963,216
15,0.3,1.5,0.3,1.5,5,3,False,16.19851851851852,18.424999999999997,1.7404583333333332,1.7029999999999998,-92.74,106.78,-19.200972222222223,-113.39,6844,31.685185185185187,54.57175925925926,79.62962962962963,216
15,0.3,1.5,0.3,1.5,2,3,False,16.19851851851852,18.424999999999997,1.7404583333333332,1.7029999999999998,-92.74,106.78,-19.200972222222223,-113.39,6844,31.685185185185187,54.57175925925926,79.62962962962963,216
20,0.5,2.0,0.0,2.0,2,5,False,16.196944444444444,16.165,1.6877268518518518,1.6225,-68.36,107.97,-19.09986111111111,-148.52,3517,16.28240740740741,55.50092592592593,81.01851851851852,216
20,0.5,2.0,0.0,2.0,3,5,False,16.196944444444444,16.165,1.6877268518518518,1.6225,-68.36,107.97,-19.09986111111111,-148.52,3517,16.28240740740741,55.50092592592593,81.01851851851852,216
20,0.5,2.0,0.0,2.0,5,5,False,16.196944444444444,16.165,1.6877268518518518,1.6225,-68.36,107.97,-19.09986111111111,-148.52,3517,16.28240740740741,55.50092592592593,81.01851851851852,216
15,0.3,1.5,-0.3,2.0,2,3,False,16.174583333333334,17.799999999999997,1.706523148148148,1.682,-96.29,116.29,-19.49625,-113.39,5810,26.89814814814815,54.27962962962964,79.62962962962963,216
15,0.3,1.5,-0.3,2.0,5,3,False,16.174583333333334,17.799999999999997,1.706523148148148,1.682,-96.29,116.29,-19.49625,-113.39,5810,26.89814814814815,54.27962962962964,79.62962962962963,216
15,0.3,1.5,-0.3,2.0,3,3,False,16.174583333333334,17.799999999999997,1.706523148148148,1.682,-96.29,116.29,-19.49625,-113.39,5810,26.89814814814815,54.27962962962964,79.62962962962963,216
10,0.5,2.0,0.3,1.5,2,3,False,16.159444444444446,17.125,1.5561296296296296,1.5765,-95.55,100.57,-17.705416666666668,-141.34,5834,27.00925925925926,54.725462962962965,81.01851851851852,216
10,0.5,2.0,0.3,1.5,5,3,False,16.159444444444446,17.125,1.5561296296296296,1.5765,-95.55,100.57,-17.705416666666668,-141.34,5834,27.00925925925926,54.725462962962965,81.01851851851852,216
10,0.5,2.0,0.3,1.5,3,3,False,16.159444444444446,17.125,1.5561296296296296,1.5765,-95.55,100.57,-17.705416666666668,-141.34,5834,27.00925925925926,54.725462962962965,81.01851851851852,216
20,0.3,2.0,0.3,2.5,3,5,False,16.154814814814817,16.299999999999997,1.7759212962962965,1.758,-90.67,95.29,-18.474722222222223,-169.36,3387,15.680555555555555,61.81203703703704,84.25925925925925,216
20,0.3,2.0,0.3,2.5,5,5,False,16.154814814814817,16.299999999999997,1.7759212962962965,1.758,-90.67,95.29,-18.474722222222223,-169.36,3387,15.680555555555555,61.81203703703704,84.25925925925925,216
20,0.3,2.0,0.3,2.5,2,5,False,16.154814814814817,16.299999999999997,1.7759212962962965,1.758,-90.67,95.29,-18.474722222222223,-169.36,3387,15.680555555555555,61.81203703703704,84.25925925925925,216
20,0.3,1.5,0.0,1.5,5,5,False,16.1425,17.435000000000002,1.8177037037037038,1.7494999999999998,-83.04,104.93,-19.060555555555556,-156.54,5762,26.675925925925927,51.81805555555554,80.55555555555556,216
20,0.3,1.5,0.0,1.5,3,5,False,16.1425,17.435000000000002,1.8177037037037038,1.7494999999999998,-83.04,104.93,-19.060555555555556,-156.54,5762,26.675925925925927,51.81805555555554,80.55555555555556,216
20,0.3,1.5,0.0,1.5,2,5,False,16.1425,17.435000000000002,1.8177037037037038,1.7494999999999998,-83.04,104.93,-19.060555555555556,-156.54,5762,26.675925925925927,51.81805555555554,80.55555555555556,216
20,0.75,1.5,0.3,1.5,2,7,False,16.13138888888889,18.064999999999998,1.8209675925925923,1.791,-85.26,97.9,-18.992361111111112,-117.56,5119,23.699074074074073,50.19537037037038,80.0925925925926,216
20,0.75,1.5,0.3,1.5,3,7,False,16.13138888888889,18.064999999999998,1.8209675925925923,1.791,-85.26,97.9,-18.992361111111112,-117.56,5119,23.699074074074073,50.19537037037038,80.0925925925926,216
20,0.75,1.5,0.3,1.5,5,7,False,16.13138888888889,18.064999999999998,1.8209675925925923,1.791,-85.26,97.9,-18.992361111111112,-117.56,5119,23.699074074074073,50.19537037037038,80.0925925925926,216
20,0.5,1.5,0.0,2.0,2,3,False,16.108842592592595,16.765,1.7873657407407408,1.8610000000000002,-65.13,101.63,-18.60685185185185,-122.68,4864,22.51851851851852,56.43796296296297,81.48148148148148,216
20,0.5,1.5,0.0,2.0,5,3,False,16.108842592592595,16.765,1.7873657407407408,1.8610000000000002,-65.13,101.63,-18.60685185185185,-122.68,4864,22.51851851851852,56.43796296296297,81.48148148148148,216
20,0.5,1.5,0.0,2.0,3,3,False,16.108842592592595,16.765,1.7873657407407408,1.8610000000000002,-65.13,101.63,-18.60685185185185,-122.68,4864,22.51851851851852,56.43796296296297,81.48148148148148,216
20,0.5,1.5,-0.3,2.0,5,3,False,16.064444444444444,16.795,1.7832546296296297,1.8125,-65.13,101.86,-18.763009259259256,-122.68,4851,22.458333333333332,55.83287037037038,80.0925925925926,216
20,0.5,1.5,-0.3,2.0,2,3,False,16.064444444444444,16.795,1.7832546296296297,1.8125,-65.13,101.86,-18.763009259259256,-122.68,4851,22.458333333333332,55.83287037037038,80.0925925925926,216
20,0.5,1.5,-0.3,2.0,3,3,False,16.064444444444444,16.795,1.7832546296296297,1.8125,-65.13,101.86,-18.763009259259256,-122.68,4851,22.458333333333332,55.83287037037038,80.0925925925926,216
20,0.5,1.5,0.3,1.5,3,7,False,16.05773148148148,18.045,1.8161944444444444,1.7925,-86.05,102.96,-19.021250000000002,-117.56,5360,24.814814814814813,51.09398148148148,80.0925925925926,216
20,0.5,1.5,0.3,1.5,5,7,False,16.05773148148148,18.045,1.8161944444444444,1.7925,-86.05,102.96,-19.021250000000002,-117.56,5360,24.814814814814813,51.09398148148148,80.0925925925926,216
20,0.5,1.5,0.3,1.5,2,7,False,16.05773148148148,18.045,1.8161944444444444,1.7925,-86.05,102.96,-19.021250000000002,-117.56,5360,24.814814814814813,51.09398148148148,80.0925925925926,216
20,0.5,1.5,-0.3,2.5,5,7,False,16.051435185185184,17.685000000000002,1.6784907407407406,1.552,-131.82,122.18,-21.135601851851852,-188.85,3275,15.162037037037036,54.7037037037037,81.01851851851852,216
20,0.5,1.5,-0.3,2.5,2,7,False,16.051435185185184,17.685000000000002,1.6784907407407406,1.552,-131.82,122.18,-21.135601851851852,-188.85,3275,15.162037037037036,54.7037037037037,81.01851851851852,216
20,0.5,1.5,-0.3,2.5,3,7,False,16.051435185185184,17.685000000000002,1.6784907407407406,1.552,-131.82,122.18,-21.135601851851852,-188.85,3275,15.162037037037036,54.7037037037037,81.01851851851852,216
20,0.75,2.0,-0.3,2.0,3,5,False,16.034675925925924,16.555,1.658949074074074,1.594,-67.96,108.61,-19.60324074074074,-148.52,3237,14.98611111111111,53.63703703703703,79.16666666666666,216
20,0.75,2.0,-0.3,2.0,2,5,False,16.034675925925924,16.555,1.658949074074074,1.594,-67.96,108.61,-19.60324074074074,-148.52,3237,14.98611111111111,53.63703703703703,79.16666666666666,216
20,0.75,2.0,-0.3,2.0,5,5,False,16.034675925925924,16.555,1.658949074074074,1.594,-67.96,108.61,-19.60324074074074,-148.52,3237,14.98611111111111,53.63703703703703,79.16666666666666,216
20,0.75,1.5,0.0,2.0,3,3,False,16.022222222222222,16.705,1.7817314814814817,1.729,-65.6,102.04,-18.649722222222223,-122.68,4495,20.810185185185187,56.00648148148148,81.01851851851852,216
20,0.75,1.5,0.0,2.0,5,3,False,16.022222222222222,16.705,1.7817314814814817,1.729,-65.6,102.04,-18.649722222222223,-122.68,4495,20.810185185185187,56.00648148148148,81.01851851851852,216
20,0.75,1.5,0.0,2.0,2,3,False,16.022222222222222,16.705,1.7817314814814817,1.729,-65.6,102.04,-18.649722222222223,-122.68,4495,20.810185185185187,56.00648148148148,81.01851851851852,216
20,0.75,1.5,0.0,1.5,2,5,False,16.01851851851852,17.29,1.8050046296296296,1.707,-83.92,105.85,-19.108379629629628,-156.54,5220,24.166666666666668,50.671759259259254,81.48148148148148,216
20,0.75,1.5,0.0,1.5,5,5,False,16.01851851851852,17.29,1.8050046296296296,1.707,-83.92,105.85,-19.108379629629628,-156.54,5220,24.166666666666668,50.671759259259254,81.48148148148148,216
20,0.75,1.5,0.0,1.5,3,5,False,16.01851851851852,17.29,1.8050046296296296,1.707,-83.92,105.85,-19.108379629629628,-156.54,5220,24.166666666666668,50.671759259259254,81.48148148148148,216
20,0.75,1.5,-0.3,1.5,3,5,False,16.003009259259258,17.84,1.7788009259259259,1.717,-74.81,106.09,-19.357499999999998,-156.54,5202,24.083333333333332,50.13333333333333,80.55555555555556,216
20,0.75,1.5,-0.3,1.5,5,5,False,16.003009259259258,17.84,1.7788009259259259,1.717,-74.81,106.09,-19.357499999999998,-156.54,5202,24.083333333333332,50.13333333333333,80.55555555555556,216
20,0.75,1.5,-0.3,1.5,2,5,False,16.003009259259258,17.84,1.7788009259259259,1.717,-74.81,106.09,-19.357499999999998,-156.54,5202,24.083333333333332,50.13333333333333,80.55555555555556,216
20,0.3,2.0,0.0,2.0,5,5,False,15.998842592592593,16.435000000000002,1.698935185185185,1.6215000000000002,-80.03,110.87,-19.06083333333333,-148.52,3764,17.425925925925927,56.68194444444444,80.55555555555556,216
20,0.3,2.0,0.0,2.0,2,5,False,15.998842592592593,16.435000000000002,1.698935185185185,1.6215000000000002,-80.03,110.87,-19.06083333333333,-148.52,3764,17.425925925925927,56.68194444444444,80.55555555555556,216
20,0.3,2.0,0.0,2.0,3,5,False,15.998842592592593,16.435000000000002,1.698935185185185,1.6215000000000002,-80.03,110.87,-19.06083333333333,-148.52,3764,17.425925925925927,56.68194444444444,80.55555555555556,216
20,0.75,1.5,-0.3,2.0,3,3,False,15.969907407407407,16.83,1.7731574074074072,1.7385000000000002,-65.6,102.04,-18.80513888888889,-122.68,4485,20.76388888888889,55.613425925925924,79.62962962962963,216
20,0.75,1.5,-0.3,2.0,2,3,False,15.969907407407407,16.83,1.7731574074074072,1.7385000000000002,-65.6,102.04,-18.80513888888889,-122.68,4485,20.76388888888889,55.613425925925924,79.62962962962963,216
20,0.75,1.5,-0.3,2.0,5,3,False,15.969907407407407,16.83,1.7731574074074072,1.7385000000000002,-65.6,102.04,-18.80513888888889,-122.68,4485,20.76388888888889,55.613425925925924,79.62962962962963,216
20,0.5,2.0,0.3,2.0,2,7,False,15.954583333333334,17.625,1.7004212962962963,1.669,-96.66,113.43,-19.99189814814815,-178.2,3343,15.476851851851851,55.80833333333334,77.77777777777779,216
20,0.5,2.0,0.3,2.0,3,7,False,15.954583333333334,17.625,1.7004212962962963,1.669,-96.66,113.43,-19.99189814814815,-178.2,3343,15.476851851851851,55.80833333333334,77.77777777777779,216
20,0.5,2.0,0.3,2.0,5,7,False,15.954583333333334,17.625,1.7004212962962963,1.669,-96.66,113.43,-19.99189814814815,-178.2,3343,15.476851851851851,55.80833333333334,77.77777777777779,216
20,0.3,1.5,-0.3,1.5,5,7,False,15.936296296296295,19.130000000000003,1.7417777777777776,1.8305,-82.67,106.54,-20.215,-157.62,5456,25.25925925925926,48.818518518518516,78.24074074074075,216
20,0.3,1.5,-0.3,1.5,3,7,False,15.936296296296295,19.130000000000003,1.7417777777777776,1.8305,-82.67,106.54,-20.215,-157.62,5456,25.25925925925926,48.818518518518516,78.24074074074075,216
20,0.3,1.5,-0.3,1.5,2,7,False,15.936296296296295,19.130000000000003,1.7417777777777776,1.8305,-82.67,106.54,-20.215,-157.62,5456,25.25925925925926,48.818518518518516,78.24074074074075,216
20,0.75,2.0,0.3,2.5,5,7,False,15.933240740740743,17.72,1.7357083333333334,1.684,-130.79,106.65,-20.49509259259259,-187.19,2635,12.199074074074074,57.80740740740742,79.62962962962963,216
20,0.75,2.0,0.3,2.5,2,7,False,15.933240740740743,17.72,1.7357083333333334,1.684,-130.79,106.65,-20.49509259259259,-187.19,2635,12.199074074074074,57.80740740740742,79.62962962962963,216
20,0.75,2.0,0.3,2.5,3,7,False,15.933240740740743,17.72,1.7357083333333334,1.684,-130.79,106.65,-20.49509259259259,-187.19,2635,12.199074074074074,57.80740740740742,79.62962962962963,216
15,0.75,2.0,0.3,2.5,3,3,False,15.908101851851852,17.275,1.693912037037037,1.7165,-76.54,103.51,-18.831157407407407,-113.39,3771,17.458333333333332,59.46157407407408,79.16666666666666,216
15,0.75,2.0,0.3,2.5,5,3,False,15.908101851851852,17.275,1.693912037037037,1.7165,-76.54,103.51,-18.831157407407407,-113.39,3771,17.458333333333332,59.46157407407408,79.16666666666666,216
15,0.75,2.0,0.3,2.5,2,3,False,15.908101851851852,17.275,1.693912037037037,1.7165,-76.54,103.51,-18.831157407407407,-113.39,3771,17.458333333333332,59.46157407407408,79.16666666666666,216
20,0.5,1.5,-0.3,1.5,2,7,False,15.906203703703705,19.27,1.7426666666666664,1.7854999999999999,-83.0,106.54,-20.2075,-157.62,5244,24.27777777777778,48.05648148148148,79.16666666666666,216
20,0.5,1.5,-0.3,1.5,5,7,False,15.906203703703705,19.27,1.7426666666666664,1.7854999999999999,-83.0,106.54,-20.2075,-157.62,5244,24.27777777777778,48.05648148148148,79.16666666666666,216
20,0.5,1.5,-0.3,1.5,3,7,False,15.906203703703705,19.27,1.7426666666666664,1.7854999999999999,-83.0,106.54,-20.2075,-157.62,5244,24.27777777777778,48.05648148148148,79.16666666666666,216
20,0.5,2.0,-0.3,2.0,3,5,False,15.898148148148149,16.47,1.6537083333333333,1.5865,-68.36,108.76,-19.527685185185184,-148.52,3484,16.12962962962963,54.178703703703704,80.55555555555556,216
20,0.5,2.0,-0.3,2.0,5,5,False,15.898148148148149,16.47,1.6537083333333333,1.5865,-68.36,108.76,-19.527685185185184,-148.52,3484,16.12962962962963,54.178703703703704,80.55555555555556,216
20,0.5,2.0,-0.3,2.0,2,5,False,15.898148148148149,16.47,1.6537083333333333,1.5865,-68.36,108.76,-19.527685185185184,-148.52,3484,16.12962962962963,54.178703703703704,80.55555555555556,216
15,0.75,1.5,0.0,1.5,5,3,False,15.886111111111111,18.215000000000003,1.7130370370370371,1.705,-92.43,111.02,-19.508703703703706,-113.39,6048,28.0,53.13194444444444,80.0925925925926,216
15,0.75,1.5,0.0,1.5,3,3,False,15.886111111111111,18.215000000000003,1.7130370370370371,1.705,-92.43,111.02,-19.508703703703706,-113.39,6048,28.0,53.13194444444444,80.0925925925926,216
15,0.75,1.5,0.0,1.5,2,3,False,15.886111111111111,18.215000000000003,1.7130370370370371,1.705,-92.43,111.02,-19.508703703703706,-113.39,6048,28.0,53.13194444444444,80.0925925925926,216
20,0.5,1.5,0.0,2.5,2,7,False,15.876574074074075,17.675,1.6826388888888888,1.545,-131.82,118.73,-20.77453703703704,-188.85,3318,15.36111111111111,56.06203703703704,81.01851851851852,216
20,0.5,1.5,0.0,2.5,3,7,False,15.876574074074075,17.675,1.6826388888888888,1.545,-131.82,118.73,-20.77453703703704,-188.85,3318,15.36111111111111,56.06203703703704,81.01851851851852,216
20,0.5,1.5,0.0,2.5,5,7,False,15.876574074074075,17.675,1.6826388888888888,1.545,-131.82,118.73,-20.77453703703704,-188.85,3318,15.36111111111111,56.06203703703704,81.01851851851852,216
15,0.5,2.0,0.3,2.5,3,3,False,15.852037037037038,17.46,1.6864212962962963,1.7069999999999999,-95.58,103.88,-18.721435185185186,-113.39,4191,19.40277777777778,59.6712962962963,80.0925925925926,216
15,0.5,2.0,0.3,2.5,5,3,False,15.852037037037038,17.46,1.6864212962962963,1.7069999999999999,-95.58,103.88,-18.721435185185186,-113.39,4191,19.40277777777778,59.6712962962963,80.0925925925926,216
15,0.5,2.0,0.3,2.5,2,3,False,15.852037037037038,17.46,1.6864212962962963,1.7069999999999999,-95.58,103.88,-18.721435185185186,-113.39,4191,19.40277777777778,59.6712962962963,80.0925925925926,216
15,0.5,1.5,0.0,1.5,5,3,False,15.843842592592592,18.060000000000002,1.7117175925925925,1.6720000000000002,-92.29,110.85,-19.53805555555555,-113.39,6460,29.90740740740741,52.93472222222223,79.16666666666666,216
15,0.5,1.5,0.0,1.5,2,3,False,15.843842592592592,18.060000000000002,1.7117175925925925,1.6720000000000002,-92.29,110.85,-19.53805555555555,-113.39,6460,29.90740740740741,52.93472222222223,79.16666666666666,216
15,0.5,1.5,0.0,1.5,3,3,False,15.843842592592592,18.060000000000002,1.7117175925925925,1.6720000000000002,-92.29,110.85,-19.53805555555555,-113.39,6460,29.90740740740741,52.93472222222223,79.16666666666666,216
20,0.3,1.5,0.0,2.5,2,7,False,15.841712962962962,17.42,1.6907175925925926,1.556,-128.24,110.52,-20.53087962962963,-188.85,3517,16.28240740740741,57.55416666666666,82.87037037037037,216
20,0.3,1.5,0.0,2.5,3,7,False,15.841712962962962,17.42,1.6907175925925926,1.556,-128.24,110.52,-20.53087962962963,-188.85,3517,16.28240740740741,57.55416666666666,82.87037037037037,216
20,0.3,1.5,0.0,2.5,5,7,False,15.841712962962962,17.42,1.6907175925925926,1.556,-128.24,110.52,-20.53087962962963,-188.85,3517,16.28240740740741,57.55416666666666,82.87037037037037,216
20,0.5,2.0,0.0,2.5,5,5,False,15.812916666666668,16.515,1.6941388888888886,1.5345,-98.86,96.04,-19.127916666666668,-174.26,3072,14.222222222222221,58.25046296296296,84.25925925925925,216
20,0.5,2.0,0.0,2.5,2,5,False,15.812916666666668,16.515,1.6941388888888886,1.5345,-98.86,96.04,-19.127916666666668,-174.26,3072,14.222222222222221,58.25046296296296,84.25925925925925,216
20,0.5,2.0,0.0,2.5,3,5,False,15.812916666666668,16.515,1.6941388888888886,1.5345,-98.86,96.04,-19.127916666666668,-174.26,3072,14.222222222222221,58.25046296296296,84.25925925925925,216
15,0.3,2.0,0.3,2.5,3,3,False,15.773333333333333,17.28,1.6838796296296297,1.7574999999999998,-97.07,103.88,-18.72833333333333,-113.39,4529,20.96759259259259,59.84398148148148,80.55555555555556,216
15,0.3,2.0,0.3,2.5,2,3,False,15.773333333333333,17.28,1.6838796296296297,1.7574999999999998,-97.07,103.88,-18.72833333333333,-113.39,4529,20.96759259259259,59.84398148148148,80.55555555555556,216
15,0.3,2.0,0.3,2.5,5,3,False,15.773333333333333,17.28,1.6838796296296297,1.7574999999999998,-97.07,103.88,-18.72833333333333,-113.39,4529,20.96759259259259,59.84398148148148,80.55555555555556,216
20,0.3,2.0,-0.3,2.0,3,5,False,15.725370370370369,16.17,1.672351851851852,1.6085,-76.23,111.67,-19.494953703703704,-148.52,3712,17.185185185185187,55.04768518518518,80.55555555555556,216
20,0.3,2.0,-0.3,2.0,5,5,False,15.725370370370369,16.17,1.672351851851852,1.6085,-76.23,111.67,-19.494953703703704,-148.52,3712,17.185185185185187,55.04768518518518,80.55555555555556,216
20,0.3,2.0,-0.3,2.0,2,5,False,15.725370370370369,16.17,1.672351851851852,1.6085,-76.23,111.67,-19.494953703703704,-148.52,3712,17.185185185185187,55.04768518518518,80.55555555555556,216
20,0.5,2.0,0.0,2.5,2,3,False,15.70347222222222,15.055,1.790699074074074,1.7095,-68.95,96.04,-17.982083333333335,-122.68,3697,17.11574074074074,59.240277777777784,83.33333333333334,216
20,0.5,2.0,0.0,2.5,5,3,False,15.70347222222222,15.055,1.790699074074074,1.7095,-68.95,96.04,-17.982083333333335,-122.68,3697,17.11574074074074,59.240277777777784,83.33333333333334,216
20,0.5,2.0,0.0,2.5,3,3,False,15.70347222222222,15.055,1.790699074074074,1.7095,-68.95,96.04,-17.982083333333335,-122.68,3697,17.11574074074074,59.240277777777784,83.33333333333334,216
20,0.75,1.5,-0.3,1.5,2,7,False,15.690324074074075,19.095,1.7279398148148148,1.722,-80.36,106.39,-20.243425925925926,-157.62,5036,23.314814814814813,47.777314814814815,77.77777777777779,216
20,0.75,1.5,-0.3,1.5,3,7,False,15.690324074074075,19.095,1.7279398148148148,1.722,-80.36,106.39,-20.243425925925926,-157.62,5036,23.314814814814813,47.777314814814815,77.77777777777779,216
20,0.75,1.5,-0.3,1.5,5,7,False,15.690324074074075,19.095,1.7279398148148148,1.722,-80.36,106.39,-20.243425925925926,-157.62,5036,23.314814814814813,47.777314814814815,77.77777777777779,216
20,0.3,2.0,-0.3,2.5,3,3,False,15.662175925925924,15.43,1.7951203703703702,1.7495,-67.23,93.59,-18.07027777777778,-121.96,4060,18.796296296296298,58.6013888888889,83.33333333333334,216
20,0.3,2.0,-0.3,2.5,5,3,False,15.662175925925924,15.43,1.7951203703703702,1.7495,-67.23,93.59,-18.07027777777778,-121.96,4060,18.796296296296298,58.6013888888889,83.33333333333334,216
20,0.3,2.0,-0.3,2.5,2,3,False,15.662175925925924,15.43,1.7951203703703702,1.7495,-67.23,93.59,-18.07027777777778,-121.96,4060,18.796296296296298,58.6013888888889,83.33333333333334,216
20,0.5,1.5,0.0,1.5,2,7,False,15.640462962962964,18.509999999999998,1.7556018518518517,1.7095,-85.41,109.86,-19.848935185185184,-157.62,5287,24.47685185185185,48.95694444444444,79.62962962962963,216
20,0.5,1.5,0.0,1.5,3,7,False,15.640462962962964,18.509999999999998,1.7556018518518517,1.7095,-85.41,109.86,-19.848935185185184,-157.62,5287,24.47685185185185,48.95694444444444,79.62962962962963,216
20,0.5,1.5,0.0,1.5,5,7,False,15.640462962962964,18.509999999999998,1.7556018518518517,1.7095,-85.41,109.86,-19.848935185185184,-157.62,5287,24.47685185185185,48.95694444444444,79.62962962962963,216
15,0.5,1.5,-0.3,1.5,2,3,False,15.637222222222219,17.299999999999997,1.6616712962962963,1.6019999999999999,-92.33,111.15,-19.62833333333333,-113.39,6439,29.810185185185187,52.35,77.77777777777779,216
15,0.5,1.5,-0.3,1.5,5,3,False,15.637222222222219,17.299999999999997,1.6616712962962963,1.6019999999999999,-92.33,111.15,-19.62833333333333,-113.39,6439,29.810185185185187,52.35,77.77777777777779,216
15,0.5,1.5,-0.3,1.5,3,3,False,15.637222222222219,17.299999999999997,1.6616712962962963,1.6019999999999999,-92.33,111.15,-19.62833333333333,-113.39,6439,29.810185185185187,52.35,77.77777777777779,216
20,0.3,2.0,0.0,2.5,2,3,False,15.620185185185187,15.385,1.8013055555555555,1.755,-67.63,93.37,-17.934907407407405,-122.16,4077,18.875,59.765277777777776,83.79629629629629,216
20,0.3,2.0,0.0,2.5,5,3,False,15.620185185185187,15.385,1.8013055555555555,1.755,-67.63,93.37,-17.934907407407405,-122.16,4077,18.875,59.765277777777776,83.79629629629629,216
20,0.3,2.0,0.0,2.5,3,3,False,15.620185185185187,15.385,1.8013055555555555,1.755,-67.63,93.37,-17.934907407407405,-122.16,4077,18.875,59.765277777777776,83.79629629629629,216
20,0.75,2.0,0.0,2.0,3,7,False,15.614953703703703,16.424999999999997,1.6321435185185185,1.5465,-96.73,112.78,-20.67847222222222,-178.2,3061,14.171296296296296,52.67824074074074,78.70370370370371,216
20,0.75,2.0,0.0,2.0,2,7,False,15.614953703703703,16.424999999999997,1.6321435185185185,1.5465,-96.73,112.78,-20.67847222222222,-178.2,3061,14.171296296296296,52.67824074074074,78.70370370370371,216
20,0.75,2.0,0.0,2.0,5,7,False,15.614953703703703,16.424999999999997,1.6321435185185185,1.5465,-96.73,112.78,-20.67847222222222,-178.2,3061,14.171296296296296,52.67824074074074,78.70370370370371,216
20,0.5,2.0,0.3,2.5,3,3,False,15.612268518518519,15.55,1.785601851851852,1.7405,-70.96,91.18,-17.753425925925924,-124.21,3705,17.15277777777778,60.5,84.25925925925925,216
20,0.5,2.0,0.3,2.5,5,3,False,15.612268518518519,15.55,1.785601851851852,1.7405,-70.96,91.18,-17.753425925925924,-124.21,3705,17.15277777777778,60.5,84.25925925925925,216
20,0.5,2.0,0.3,2.5,2,3,False,15.612268518518519,15.55,1.785601851851852,1.7405,-70.96,91.18,-17.753425925925924,-124.21,3705,17.15277777777778,60.5,84.25925925925925,216
20,0.3,2.0,0.3,2.0,5,7,False,15.612083333333333,17.89,1.7053379629629628,1.763,-99.13,112.82,-19.985324074074075,-178.05,3592,16.62962962962963,57.52962962962964,78.70370370370371,216
20,0.3,2.0,0.3,2.0,3,7,False,15.612083333333333,17.89,1.7053379629629628,1.763,-99.13,112.82,-19.985324074074075,-178.05,3592,16.62962962962963,57.52962962962964,78.70370370370371,216
20,0.3,2.0,0.3,2.0,2,7,False,15.612083333333333,17.89,1.7053379629629628,1.763,-99.13,112.82,-19.985324074074075,-178.05,3592,16.62962962962963,57.52962962962964,78.70370370370371,216
15,0.75,2.0,0.0,2.5,3,3,False,15.611898148148148,17.715,1.6749953703703702,1.7435,-76.54,107.75,-19.188564814814814,-113.39,3761,17.412037037037038,58.359259259259254,79.16666666666666,216
15,0.75,2.0,0.0,2.5,5,3,False,15.611898148148148,17.715,1.6749953703703702,1.7435,-76.54,107.75,-19.188564814814814,-113.39,3761,17.412037037037038,58.359259259259254,79.16666666666666,216
15,0.75,2.0,0.0,2.5,2,3,False,15.611898148148148,17.715,1.6749953703703702,1.7435,-76.54,107.75,-19.188564814814814,-113.39,3761,17.412037037037038,58.359259259259254,79.16666666666666,216
15,0.75,1.5,-0.3,1.5,3,3,False,15.599768518518514,17.2,1.660050925925926,1.5825,-92.43,111.02,-19.64898148148148,-113.39,6039,27.958333333333332,52.67731481481482,78.24074074074075,216
15,0.75,1.5,-0.3,1.5,5,3,False,15.599768518518514,17.2,1.660050925925926,1.5825,-92.43,111.02,-19.64898148148148,-113.39,6039,27.958333333333332,52.67731481481482,78.24074074074075,216
15,0.75,1.5,-0.3,1.5,2,3,False,15.599768518518514,17.2,1.660050925925926,1.5825,-92.43,111.02,-19.64898148148148,-113.39,6039,27.958333333333332,52.67731481481482,78.24074074074075,216
20,0.75,2.0,0.0,2.5,3,3,False,15.59125,15.88,1.787722222222222,1.7085,-69.42,96.45,-18.100462962962965,-122.68,3316,15.351851851851851,59.078240740740746,81.01851851851852,216
20,0.75,2.0,0.0,2.5,5,3,False,15.59125,15.88,1.787722222222222,1.7085,-69.42,96.45,-18.100462962962965,-122.68,3316,15.351851851851851,59.078240740740746,81.01851851851852,216
20,0.75,2.0,0.0,2.5,2,3,False,15.59125,15.88,1.787722222222222,1.7085,-69.42,96.45,-18.100462962962965,-122.68,3316,15.351851851851851,59.078240740740746,81.01851851851852,216
20,0.3,1.5,0.0,1.5,3,7,False,15.58287037037037,18.265,1.7517083333333334,1.786,-82.4,109.34,-19.887685185185184,-157.62,5529,25.59722222222222,49.951388888888886,78.70370370370371,216
20,0.3,1.5,0.0,1.5,2,7,False,15.58287037037037,18.265,1.7517083333333334,1.786,-82.4,109.34,-19.887685185185184,-157.62,5529,25.59722222222222,49.951388888888886,78.70370370370371,216
20,0.3,1.5,0.0,1.5,5,7,False,15.58287037037037,18.265,1.7517083333333334,1.786,-82.4,109.34,-19.887685185185184,-157.62,5529,25.59722222222222,49.951388888888886,78.70370370370371,216
20,0.5,2.0,-0.3,2.5,5,5,False,15.582777777777778,16.56,1.6688888888888889,1.5205,-98.86,97.75,-19.459398148148146,-174.26,3038,14.064814814814815,56.50138888888888,81.48148148148148,216
20,0.5,2.0,-0.3,2.5,2,5,False,15.582777777777778,16.56,1.6688888888888889,1.5205,-98.86,97.75,-19.459398148148146,-174.26,3038,14.064814814814815,56.50138888888888,81.48148148148148,216
20,0.5,2.0,-0.3,2.5,3,5,False,15.582777777777778,16.56,1.6688888888888889,1.5205,-98.86,97.75,-19.459398148148146,-174.26,3038,14.064814814814815,56.50138888888888,81.48148148148148,216
20,0.5,2.0,-0.3,2.5,5,3,False,15.556574074074073,15.105,1.7776990740740741,1.6785,-68.95,96.27,-18.17449074074074,-122.68,3684,17.055555555555557,58.480555555555554,82.4074074074074,216
20,0.5,2.0,-0.3,2.5,2,3,False,15.556574074074073,15.105,1.7776990740740741,1.6785,-68.95,96.27,-18.17449074074074,-122.68,3684,17.055555555555557,58.480555555555554,82.4074074074074,216
20,0.5,2.0,-0.3,2.5,3,3,False,15.556574074074073,15.105,1.7776990740740741,1.6785,-68.95,96.27,-18.17449074074074,-122.68,3684,17.055555555555557,58.480555555555554,82.4074074074074,216
20,0.3,2.0,0.0,2.5,3,5,False,15.55175925925926,16.27,1.6783888888888885,1.592,-88.28,95.53,-19.053009259259262,-174.26,3314,15.342592592592593,59.18935185185184,83.33333333333334,216
20,0.3,2.0,0.0,2.5,5,5,False,15.55175925925926,16.27,1.6783888888888885,1.592,-88.28,95.53,-19.053009259259262,-174.26,3314,15.342592592592593,59.18935185185184,83.33333333333334,216
20,0.3,2.0,0.0,2.5,2,5,False,15.55175925925926,16.27,1.6783888888888885,1.592,-88.28,95.53,-19.053009259259262,-174.26,3314,15.342592592592593,59.18935185185184,83.33333333333334,216
15,0.3,1.5,0.0,1.5,3,3,False,15.549444444444445,17.655,1.6901157407407408,1.6855,-92.29,111.02,-19.5825,-113.39,6805,31.50462962962963,53.28055555555556,79.16666666666666,216
15,0.3,1.5,0.0,1.5,2,3,False,15.549444444444445,17.655,1.6901157407407408,1.6855,-92.29,111.02,-19.5825,-113.39,6805,31.50462962962963,53.28055555555556,79.16666666666666,216
15,0.3,1.5,0.0,1.5,5,3,False,15.549444444444445,17.655,1.6901157407407408,1.6855,-92.29,111.02,-19.5825,-113.39,6805,31.50462962962963,53.28055555555556,79.16666666666666,216
20,0.75,2.0,-0.3,2.0,2,7,False,15.541666666666666,17.535,1.6153703703703703,1.5565,-96.73,109.67,-21.144861111111112,-178.2,3031,14.032407407407407,51.46805555555555,77.31481481481481,216
20,0.3,2.0,-0.3,2.5,2,7,False,15.541666666666666,17.189999999999998,1.6360648148148147,1.547,-125.54,120.0,-20.85263888888889,-190.78,2939,13.606481481481481,56.20879629629629,81.01851851851852,216
20,0.3,2.0,-0.3,2.5,3,7,False,15.541666666666666,17.189999999999998,1.6360648148148147,1.547,-125.54,120.0,-20.85263888888889,-190.78,2939,13.606481481481481,56.20879629629629,81.01851851851852,216
20,0.3,2.0,-0.3,2.5,5,7,False,15.541666666666666,17.189999999999998,1.6360648148148147,1.547,-125.54,120.0,-20.85263888888889,-190.78,2939,13.606481481481481,56.20879629629629,81.01851851851852,216
20,0.75,2.0,-0.3,2.0,5,7,False,15.541666666666666,17.535,1.6153703703703703,1.5565,-96.73,109.67,-21.144861111111112,-178.2,3031,14.032407407407407,51.46805555555555,77.31481481481481,216
20,0.75,2.0,-0.3,2.0,3,7,False,15.541666666666666,17.535,1.6153703703703703,1.5565,-96.73,109.67,-21.144861111111112,-178.2,3031,14.032407407407407,51.46805555555555,77.31481481481481,216
20,0.3,2.0,-0.3,2.0,2,7,False,15.525787037037038,17.03,1.6077407407407407,1.6225,-97.82,109.82,-20.964027777777776,-177.59,3422,15.842592592592593,53.15462962962964,76.85185185185185,216
20,0.3,2.0,-0.3,2.0,3,7,False,15.525787037037038,17.03,1.6077407407407407,1.6225,-97.82,109.82,-20.964027777777776,-177.59,3422,15.842592592592593,53.15462962962964,76.85185185185185,216
20,0.3,2.0,-0.3,2.0,5,7,False,15.525787037037038,17.03,1.6077407407407407,1.6225,-97.82,109.82,-20.964027777777776,-177.59,3422,15.842592592592593,53.15462962962964,76.85185185185185,216
20,0.75,2.0,-0.3,2.5,2,3,False,15.514027777777777,15.565000000000001,1.7736805555555557,1.6955,-69.42,96.45,-18.23819444444445,-122.68,3306,15.305555555555555,58.547222222222224,81.01851851851852,216
20,0.75,2.0,-0.3,2.5,5,3,False,15.514027777777777,15.565000000000001,1.7736805555555557,1.6955,-69.42,96.45,-18.23819444444445,-122.68,3306,15.305555555555555,58.547222222222224,81.01851851851852,216
20,0.75,2.0,-0.3,2.5,3,3,False,15.514027777777777,15.565000000000001,1.7736805555555557,1.6955,-69.42,96.45,-18.23819444444445,-122.68,3306,15.305555555555555,58.547222222222224,81.01851851851852,216
20,0.3,2.0,0.3,2.5,2,3,False,15.51259259259259,15.625,1.8085555555555557,1.776,-69.56,88.5,-17.729490740740744,-123.77,4099,18.97685185185185,61.46527777777778,84.72222222222221,216
20,0.3,2.0,0.3,2.5,5,3,False,15.51259259259259,15.625,1.8085555555555557,1.776,-69.56,88.5,-17.729490740740744,-123.77,4099,18.97685185185185,61.46527777777778,84.72222222222221,216
20,0.3,2.0,0.3,2.5,3,3,False,15.51259259259259,15.625,1.8085555555555557,1.776,-69.56,88.5,-17.729490740740744,-123.77,4099,18.97685185185185,61.46527777777778,84.72222222222221,216
20,0.3,2.0,0.0,2.0,5,7,False,15.50175925925926,17.115000000000002,1.6181574074074077,1.6509999999999998,-98.0,115.28,-20.530370370370367,-177.59,3487,16.14351851851852,55.004629629629626,78.24074074074075,216
20,0.3,2.0,0.0,2.0,2,7,False,15.50175925925926,17.115000000000002,1.6181574074074077,1.6509999999999998,-98.0,115.28,-20.530370370370367,-177.59,3487,16.14351851851852,55.004629629629626,78.24074074074075,216
20,0.3,2.0,0.0,2.0,3,7,False,15.50175925925926,17.115000000000002,1.6181574074074077,1.6509999999999998,-98.0,115.28,-20.530370370370367,-177.59,3487,16.14351851851852,55.004629629629626,78.24074074074075,216
20,0.75,2.0,0.3,2.5,5,3,False,15.478148148148149,15.99,1.7813935185185186,1.6995,-71.43,90.74,-17.888425925925926,-124.21,3318,15.36111111111111,59.76805555555556,81.94444444444444,216
20,0.75,2.0,0.3,2.5,3,3,False,15.478148148148149,15.99,1.7813935185185186,1.6995,-71.43,90.74,-17.888425925925926,-124.21,3318,15.36111111111111,59.76805555555556,81.94444444444444,216
20,0.75,2.0,0.3,2.5,2,3,False,15.478148148148149,15.99,1.7813935185185186,1.6995,-71.43,90.74,-17.888425925925926,-124.21,3318,15.36111111111111,59.76805555555556,81.94444444444444,216
20,0.3,1.5,0.3,1.5,2,7,False,15.458194444444446,17.905,1.8120092592592596,1.818,-88.79,102.35,-19.045879629629635,-117.43,5642,26.12037037037037,52.17546296296296,79.62962962962963,216
20,0.3,1.5,0.3,1.5,3,7,False,15.458194444444446,17.905,1.8120092592592596,1.818,-88.79,102.35,-19.045879629629635,-117.43,5642,26.12037037037037,52.17546296296296,79.62962962962963,216
20,0.3,1.5,0.3,1.5,5,7,False,15.458194444444446,17.905,1.8120092592592596,1.818,-88.79,102.35,-19.045879629629635,-117.43,5642,26.12037037037037,52.17546296296296,79.62962962962963,216
20,0.5,2.0,0.3,2.5,5,7,False,15.44912037037037,17.245,1.7027083333333333,1.5979999999999999,-130.79,112.88,-20.273333333333333,-187.19,2862,13.25,59.32916666666666,80.0925925925926,216
20,0.5,2.0,0.3,2.5,3,7,False,15.44912037037037,17.245,1.7027083333333333,1.5979999999999999,-130.79,112.88,-20.273333333333333,-187.19,2862,13.25,59.32916666666666,80.0925925925926,216
20,0.5,2.0,0.3,2.5,2,7,False,15.44912037037037,17.245,1.7027083333333333,1.5979999999999999,-130.79,112.88,-20.273333333333333,-187.19,2862,13.25,59.32916666666666,80.0925925925926,216
20,0.5,2.0,-0.3,2.0,5,7,False,15.443055555555556,17.505,1.6123796296296296,1.634,-94.81,109.82,-21.078888888888894,-178.2,3235,14.976851851851851,51.980555555555554,77.31481481481481,216
20,0.5,2.0,-0.3,2.0,2,7,False,15.443055555555556,17.505,1.6123796296296296,1.634,-94.81,109.82,-21.078888888888894,-178.2,3235,14.976851851851851,51.980555555555554,77.31481481481481,216
20,0.5,2.0,-0.3,2.0,3,7,False,15.443055555555556,17.505,1.6123796296296296,1.634,-94.81,109.82,-21.078888888888894,-178.2,3235,14.976851851851851,51.980555555555554,77.31481481481481,216
20,0.75,1.5,0.0,1.5,3,7,False,15.423981481481478,17.939999999999998,1.7439027777777778,1.6804999999999999,-85.41,110.26,-19.899675925925926,-157.62,5068,23.462962962962962,48.4875,79.62962962962963,216
20,0.75,1.5,0.0,1.5,2,7,False,15.423981481481478,17.939999999999998,1.7439027777777778,1.6804999999999999,-85.41,110.26,-19.899675925925926,-157.62,5068,23.462962962962962,48.4875,79.62962962962963,216
20,0.75,1.5,0.0,1.5,5,7,False,15.423981481481478,17.939999999999998,1.7439027777777778,1.6804999999999999,-85.41,110.26,-19.899675925925926,-157.62,5068,23.462962962962962,48.4875,79.62962962962963,216
15,0.3,2.0,0.0,2.5,2,3,False,15.413935185185185,17.67,1.6582453703703703,1.7155,-97.07,108.13,-19.013055555555557,-113.39,4506,20.86111111111111,58.010185185185186,80.0925925925926,216
15,0.3,2.0,0.0,2.5,5,3,False,15.413935185185185,17.67,1.6582453703703703,1.7155,-97.07,108.13,-19.013055555555557,-113.39,4506,20.86111111111111,58.010185185185186,80.0925925925926,216
15,0.3,2.0,0.0,2.5,3,3,False,15.413935185185185,17.67,1.6582453703703703,1.7155,-97.07,108.13,-19.013055555555557,-113.39,4506,20.86111111111111,58.010185185185186,80.0925925925926,216
15,0.5,2.0,0.0,2.5,3,3,False,15.401944444444446,17.479999999999997,1.6623055555555555,1.722,-95.58,108.12,-19.025277777777777,-113.39,4172,19.314814814814813,57.8074074074074,80.0925925925926,216
15,0.5,2.0,0.0,2.5,5,3,False,15.401944444444446,17.479999999999997,1.6623055555555555,1.722,-95.58,108.12,-19.025277777777777,-113.39,4172,19.314814814814813,57.8074074074074,80.0925925925926,216
15,0.5,2.0,0.0,2.5,2,3,False,15.401944444444446,17.479999999999997,1.6623055555555555,1.722,-95.58,108.12,-19.025277777777777,-113.39,4172,19.314814814814813,57.8074074074074,80.0925925925926,216
20,0.5,2.0,0.0,2.0,3,7,False,15.357083333333334,16.805,1.6175972222222224,1.5735000000000001,-95.51,113.07,-20.633750000000003,-178.2,3277,15.171296296296296,53.35648148148148,78.24074074074075,216
20,0.5,2.0,0.0,2.0,5,7,False,15.357083333333334,16.805,1.6175972222222224,1.5735000000000001,-95.51,113.07,-20.633750000000003,-178.2,3277,15.171296296296296,53.35648148148148,78.24074074074075,216
20,0.5,2.0,0.0,2.0,2,7,False,15.357083333333334,16.805,1.6175972222222224,1.5735000000000001,-95.51,113.07,-20.633750000000003,-178.2,3277,15.171296296296296,53.35648148148148,78.24074074074075,216
20,0.75,2.0,-0.3,2.5,2,7,False,15.306666666666668,16.725,1.6208842592592592,1.5715,-132.92,119.85,-21.482361111111114,-190.78,2557,11.837962962962964,54.57546296296296,77.77777777777779,216
20,0.75,2.0,-0.3,2.5,3,7,False,15.306666666666668,16.725,1.6208842592592592,1.5715,-132.92,119.85,-21.482361111111114,-190.78,2557,11.837962962962964,54.57546296296296,77.77777777777779,216
20,0.75,2.0,-0.3,2.5,5,7,False,15.306666666666668,16.725,1.6208842592592592,1.5715,-132.92,119.85,-21.482361111111114,-190.78,2557,11.837962962962964,54.57546296296296,77.77777777777779,216
15,0.3,1.5,-0.3,1.5,5,3,False,15.295462962962961,17.345,1.6596574074074073,1.642,-92.33,110.69,-19.666064814814813,-113.39,6781,31.39351851851852,52.40787037037036,77.77777777777779,216
15,0.3,1.5,-0.3,1.5,3,3,False,15.295462962962961,17.345,1.6596574074074073,1.642,-92.33,110.69,-19.666064814814813,-113.39,6781,31.39351851851852,52.40787037037036,77.77777777777779,216
15,0.3,1.5,-0.3,1.5,2,3,False,15.295462962962961,17.345,1.6596574074074073,1.642,-92.33,110.69,-19.666064814814813,-113.39,6781,31.39351851851852,52.40787037037036,77.77777777777779,216
20,0.75,2.0,0.0,2.5,2,7,False,15.291018518518516,16.685000000000002,1.627736111111111,1.5474999999999999,-132.92,116.95,-21.12212962962963,-190.78,2584,11.962962962962964,55.953240740740746,79.16666666666666,216
20,0.75,2.0,0.0,2.5,5,7,False,15.291018518518516,16.685000000000002,1.627736111111111,1.5474999999999999,-132.92,116.95,-21.12212962962963,-190.78,2584,11.962962962962964,55.953240740740746,79.16666666666666,216
20,0.75,2.0,0.0,2.5,3,7,False,15.291018518518516,16.685000000000002,1.627736111111111,1.5474999999999999,-132.92,116.95,-21.12212962962963,-190.78,2584,11.962962962962964,55.953240740740746,79.16666666666666,216
20,0.3,2.0,-0.3,2.5,2,5,False,15.201435185185186,15.935,1.6539907407407408,1.5234999999999999,-88.28,94.17,-19.419398148148147,-174.26,3259,15.087962962962964,57.22314814814815,80.55555555555556,216
20,0.3,2.0,-0.3,2.5,3,5,False,15.201435185185186,15.935,1.6539907407407408,1.5234999999999999,-88.28,94.17,-19.419398148148147,-174.26,3259,15.087962962962964,57.22314814814815,80.55555555555556,216
20,0.3,2.0,-0.3,2.5,5,5,False,15.201435185185186,15.935,1.6539907407407408,1.5234999999999999,-88.28,94.17,-19.419398148148147,-174.26,3259,15.087962962962964,57.22314814814815,80.55555555555556,216
20,0.5,2.0,-0.3,2.5,5,7,False,15.175925925925926,17.02,1.6118842592592595,1.5305,-132.92,120.0,-21.181712962962962,-190.78,2757,12.76388888888889,54.975462962962965,79.16666666666666,216
20,0.5,2.0,-0.3,2.5,2,7,False,15.175925925925926,17.02,1.6118842592592595,1.5305,-132.92,120.0,-21.181712962962962,-190.78,2757,12.76388888888889,54.975462962962965,79.16666666666666,216
20,0.5,2.0,-0.3,2.5,3,7,False,15.175925925925926,17.02,1.6118842592592595,1.5305,-132.92,120.0,-21.181712962962962,-190.78,2757,12.76388888888889,54.975462962962965,79.16666666666666,216
15,0.75,2.0,0.3,2.0,2,3,False,15.166620370370369,17.52,1.6710601851851852,1.7045,-76.54,103.76,-18.92935185185185,-113.39,4150,19.212962962962962,56.97453703703704,78.24074074074075,216
15,0.75,2.0,0.3,2.0,5,3,False,15.166620370370369,17.52,1.6710601851851852,1.7045,-76.54,103.76,-18.92935185185185,-113.39,4150,19.212962962962962,56.97453703703704,78.24074074074075,216
15,0.75,2.0,0.3,2.0,3,3,False,15.166620370370369,17.52,1.6710601851851852,1.7045,-76.54,103.76,-18.92935185185185,-113.39,4150,19.212962962962962,56.97453703703704,78.24074074074075,216
15,0.75,2.0,-0.3,2.5,2,3,False,15.134398148148147,17.015,1.640189814814815,1.602,-80.84,107.75,-19.403842592592596,-113.39,3750,17.36111111111111,57.68842592592593,79.16666666666666,216
15,0.75,2.0,-0.3,2.5,5,3,False,15.134398148148147,17.015,1.640189814814815,1.602,-80.84,107.75,-19.403842592592596,-113.39,3750,17.36111111111111,57.68842592592593,79.16666666666666,216
15,0.75,2.0,-0.3,2.5,3,3,False,15.134398148148147,17.015,1.640189814814815,1.602,-80.84,107.75,-19.403842592592596,-113.39,3750,17.36111111111111,57.68842592592593,79.16666666666666,216
15,0.5,2.0,0.3,2.0,5,3,False,15.048009259259258,16.965,1.6544166666666669,1.6265,-95.58,109.55,-18.92787037037037,-113.39,4574,21.175925925925927,57.3875,78.24074074074075,216
15,0.5,2.0,0.3,2.0,2,3,False,15.048009259259258,16.965,1.6544166666666669,1.6265,-95.58,109.55,-18.92787037037037,-113.39,4574,21.175925925925927,57.3875,78.24074074074075,216
15,0.5,2.0,0.3,2.0,3,3,False,15.048009259259258,16.965,1.6544166666666669,1.6265,-95.58,109.55,-18.92787037037037,-113.39,4574,21.175925925925927,57.3875,78.24074074074075,216
20,0.5,2.0,0.0,2.5,5,7,False,15.025648148148148,16.384999999999998,1.6075555555555554,1.499,-132.92,116.55,-20.795324074074074,-190.78,2800,12.962962962962964,56.65601851851852,80.0925925925926,216
20,0.5,2.0,0.0,2.5,2,7,False,15.025648148148148,16.384999999999998,1.6075555555555554,1.499,-132.92,116.55,-20.795324074074074,-190.78,2800,12.962962962962964,56.65601851851852,80.0925925925926,216
20,0.5,2.0,0.0,2.5,3,7,False,15.025648148148148,16.384999999999998,1.6075555555555554,1.499,-132.92,116.55,-20.795324074074074,-190.78,2800,12.962962962962964,56.65601851851852,80.0925925925926,216
20,0.3,2.0,0.0,2.5,5,7,False,14.993009259259258,16.130000000000003,1.615337962962963,1.497,-129.34,112.56,-20.556898148148147,-190.78,3001,13.893518518518519,58.425000000000004,80.55555555555556,216
20,0.3,2.0,0.0,2.5,3,7,False,14.993009259259258,16.130000000000003,1.615337962962963,1.497,-129.34,112.56,-20.556898148148147,-190.78,3001,13.893518518518519,58.425000000000004,80.55555555555556,216
20,0.3,2.0,0.0,2.5,2,7,False,14.993009259259258,16.130000000000003,1.615337962962963,1.497,-129.34,112.56,-20.556898148148147,-190.78,3001,13.893518518518519,58.425000000000004,80.55555555555556,216
15,0.5,2.0,-0.3,2.5,3,3,False,14.986620370370373,16.93,1.6333703703703704,1.572,-95.58,108.42,-19.23041666666667,-113.39,4155,19.23611111111111,56.967592592592595,79.62962962962963,216
15,0.5,2.0,-0.3,2.5,5,3,False,14.986620370370373,16.93,1.6333703703703704,1.572,-95.58,108.42,-19.23041666666667,-113.39,4155,19.23611111111111,56.967592592592595,79.62962962962963,216
15,0.5,2.0,-0.3,2.5,2,3,False,14.986620370370373,16.93,1.6333703703703704,1.572,-95.58,108.42,-19.23041666666667,-113.39,4155,19.23611111111111,56.967592592592595,79.62962962962963,216
15,0.75,2.0,0.0,2.0,5,3,False,14.986296296296295,17.689999999999998,1.6605648148148149,1.7040000000000002,-76.54,108.0,-19.256342592592592,-113.39,4135,19.14351851851852,56.091203703703705,78.70370370370371,216
15,0.75,2.0,0.0,2.0,2,3,False,14.986296296296295,17.689999999999998,1.6605648148148149,1.7040000000000002,-76.54,108.0,-19.256342592592592,-113.39,4135,19.14351851851852,56.091203703703705,78.70370370370371,216
15,0.75,2.0,0.0,2.0,3,3,False,14.986296296296295,17.689999999999998,1.6605648148148149,1.7040000000000002,-76.54,108.0,-19.256342592592592,-113.39,4135,19.14351851851852,56.091203703703705,78.70370370370371,216
20,0.3,2.0,-0.3,2.0,3,3,False,14.97013888888889,15.955,1.7552037037037038,1.7495,-67.23,99.42,-18.47236111111111,-121.96,4392,20.333333333333332,57.02175925925926,81.48148148148148,216
20,0.3,2.0,-0.3,2.0,2,3,False,14.97013888888889,15.955,1.7552037037037038,1.7495,-67.23,99.42,-18.47236111111111,-121.96,4392,20.333333333333332,57.02175925925926,81.48148148148148,216
20,0.3,2.0,-0.3,2.0,5,3,False,14.97013888888889,15.955,1.7552037037037038,1.7495,-67.23,99.42,-18.47236111111111,-121.96,4392,20.333333333333332,57.02175925925926,81.48148148148148,216
15,0.3,2.0,-0.3,2.5,2,3,False,14.963935185185186,17.175,1.6276620370370372,1.661,-97.07,107.8,-19.255509259259256,-113.39,4484,20.75925925925926,56.75787037037036,79.62962962962963,216
15,0.3,2.0,-0.3,2.5,3,3,False,14.963935185185186,17.175,1.6276620370370372,1.661,-97.07,107.8,-19.255509259259256,-113.39,4484,20.75925925925926,56.75787037037036,79.62962962962963,216
15,0.3,2.0,-0.3,2.5,5,3,False,14.963935185185186,17.175,1.6276620370370372,1.661,-97.07,107.8,-19.255509259259256,-113.39,4484,20.75925925925926,56.75787037037036,79.62962962962963,216
20,0.3,2.0,0.3,2.0,3,3,False,14.93550925925926,15.68,1.7890555555555556,1.7890000000000001,-69.56,94.33,-18.029074074074074,-123.77,4435,20.53240740740741,59.82453703703704,81.48148148148148,216
20,0.3,2.0,0.3,2.0,5,3,False,14.93550925925926,15.68,1.7890555555555556,1.7890000000000001,-69.56,94.33,-18.029074074074074,-123.77,4435,20.53240740740741,59.82453703703704,81.48148148148148,216
20,0.3,2.0,0.3,2.0,2,3,False,14.93550925925926,15.68,1.7890555555555556,1.7890000000000001,-69.56,94.33,-18.029074074074074,-123.77,4435,20.53240740740741,59.82453703703704,81.48148148148148,216
15,0.3,2.0,0.3,2.0,3,3,False,14.910555555555554,17.16,1.6483518518518518,1.623,-97.07,109.71,-18.95787037037037,-113.39,4905,22.708333333333332,57.66620370370371,78.70370370370371,216
15,0.3,2.0,0.3,2.0,2,3,False,14.910555555555554,17.16,1.6483518518518518,1.623,-97.07,109.71,-18.95787037037037,-113.39,4905,22.708333333333332,57.66620370370371,78.70370370370371,216
15,0.3,2.0,0.3,2.0,5,3,False,14.910555555555554,17.16,1.6483518518518518,1.623,-97.07,109.71,-18.95787037037037,-113.39,4905,22.708333333333332,57.66620370370371,78.70370370370371,216
20,0.3,2.0,0.0,2.0,3,3,False,14.887222222222224,15.850000000000001,1.7531990740740742,1.7495,-67.63,99.2,-18.332361111111112,-122.16,4411,20.421296296296298,58.12314814814815,82.87037037037037,216
20,0.3,2.0,0.0,2.0,5,3,False,14.887222222222224,15.850000000000001,1.7531990740740742,1.7495,-67.63,99.2,-18.332361111111112,-122.16,4411,20.421296296296298,58.12314814814815,82.87037037037037,216
20,0.3,2.0,0.0,2.0,2,3,False,14.887222222222224,15.850000000000001,1.7531990740740742,1.7495,-67.63,99.2,-18.332361111111112,-122.16,4411,20.421296296296298,58.12314814814815,82.87037037037037,216
15,0.5,2.0,0.0,2.0,2,3,False,14.87587962962963,16.78,1.6432175925925927,1.634,-95.58,113.79,-19.244212962962962,-113.39,4548,21.055555555555557,55.773148148148145,79.16666666666666,216
15,0.5,2.0,0.0,2.0,3,3,False,14.87587962962963,16.78,1.6432175925925927,1.634,-95.58,113.79,-19.244212962962962,-113.39,4548,21.055555555555557,55.773148148148145,79.16666666666666,216
15,0.5,2.0,0.0,2.0,5,3,False,14.87587962962963,16.78,1.6432175925925927,1.634,-95.58,113.79,-19.244212962962962,-113.39,4548,21.055555555555557,55.773148148148145,79.16666666666666,216
20,0.3,2.0,0.3,2.5,5,7,False,14.873472222222222,17.244999999999997,1.6991712962962964,1.6385,-127.22,112.27,-20.232499999999998,-186.54,3107,14.38425925925926,61.155092592592595,81.01851851851852,216
20,0.3,2.0,0.3,2.5,3,7,False,14.873472222222222,17.244999999999997,1.6991712962962964,1.6385,-127.22,112.27,-20.232499999999998,-186.54,3107,14.38425925925926,61.155092592592595,81.01851851851852,216
20,0.3,2.0,0.3,2.5,2,7,False,14.873472222222222,17.244999999999997,1.6991712962962964,1.6385,-127.22,112.27,-20.232499999999998,-186.54,3107,14.38425925925926,61.155092592592595,81.01851851851852,216
15,0.3,2.0,0.0,2.0,3,3,False,14.798194444444444,17.645000000000003,1.6353611111111113,1.577,-97.07,113.96,-19.277824074074076,-113.39,4877,22.578703703703702,56.0162037037037,79.16666666666666,216
15,0.3,2.0,0.0,2.0,2,3,False,14.798194444444444,17.645000000000003,1.6353611111111113,1.577,-97.07,113.96,-19.277824074074076,-113.39,4877,22.578703703703702,56.0162037037037,79.16666666666666,216
15,0.3,2.0,0.0,2.0,5,3,False,14.798194444444444,17.645000000000003,1.6353611111111113,1.577,-97.07,113.96,-19.277824074074076,-113.39,4877,22.578703703703702,56.0162037037037,79.16666666666666,216
20,0.5,2.0,0.3,2.0,5,3,False,14.755555555555555,15.385,1.756824074074074,1.74,-70.96,91.43,-18.090833333333332,-124.21,4035,18.680555555555557,58.7087962962963,81.01851851851852,216
20,0.5,2.0,0.3,2.0,3,3,False,14.755555555555555,15.385,1.756824074074074,1.74,-70.96,91.43,-18.090833333333332,-124.21,4035,18.680555555555557,58.7087962962963,81.01851851851852,216
20,0.5,2.0,0.3,2.0,2,3,False,14.755555555555555,15.385,1.756824074074074,1.74,-70.96,91.43,-18.090833333333332,-124.21,4035,18.680555555555557,58.7087962962963,81.01851851851852,216
20,0.5,2.0,0.0,2.0,5,3,False,14.652175925925926,15.15,1.7301342592592592,1.729,-68.95,96.29,-18.44439814814815,-122.68,4020,18.61111111111111,57.460648148148145,81.94444444444444,216
20,0.5,2.0,0.0,2.0,3,3,False,14.652175925925926,15.15,1.7301342592592592,1.729,-68.95,96.29,-18.44439814814815,-122.68,4020,18.61111111111111,57.460648148148145,81.94444444444444,216
20,0.5,2.0,0.0,2.0,2,3,False,14.652175925925926,15.15,1.7301342592592592,1.729,-68.95,96.29,-18.44439814814815,-122.68,4020,18.61111111111111,57.460648148148145,81.94444444444444,216
20,0.75,2.0,0.3,2.0,5,3,False,14.643240740740739,15.355,1.748449074074074,1.737,-71.43,90.99,-18.182037037037038,-124.21,3659,16.939814814814813,57.79398148148148,81.48148148148148,216
20,0.75,2.0,0.3,2.0,3,3,False,14.643240740740739,15.355,1.748449074074074,1.737,-71.43,90.99,-18.182037037037038,-124.21,3659,16.939814814814813,57.79398148148148,81.48148148148148,216
20,0.75,2.0,0.3,2.0,2,3,False,14.643240740740739,15.355,1.748449074074074,1.737,-71.43,90.99,-18.182037037037038,-124.21,3659,16.939814814814813,57.79398148148148,81.48148148148148,216
20,0.5,2.0,-0.3,2.0,3,3,False,14.622777777777777,15.17,1.7280972222222222,1.7445,-68.95,96.52,-18.593564814814812,-122.68,4007,18.550925925925927,56.736111111111114,81.48148148148148,216
20,0.5,2.0,-0.3,2.0,5,3,False,14.622777777777777,15.17,1.7280972222222222,1.7445,-68.95,96.52,-18.593564814814812,-122.68,4007,18.550925925925927,56.736111111111114,81.48148148148148,216
20,0.5,2.0,-0.3,2.0,2,3,False,14.622777777777777,15.17,1.7280972222222222,1.7445,-68.95,96.52,-18.593564814814812,-122.68,4007,18.550925925925927,56.736111111111114,81.48148148148148,216
20,0.75,2.0,0.0,2.0,5,3,False,14.576898148148148,14.385,1.722898148148148,1.6695,-69.42,96.7,-18.49476851851852,-122.68,3651,16.90277777777778,57.0388888888889,81.01851851851852,216
20,0.75,2.0,0.0,2.0,3,3,False,14.576898148148148,14.385,1.722898148148148,1.6695,-69.42,96.7,-18.49476851851852,-122.68,3651,16.90277777777778,57.0388888888889,81.01851851851852,216
20,0.75,2.0,0.0,2.0,2,3,False,14.576898148148148,14.385,1.722898148148148,1.6695,-69.42,96.7,-18.49476851851852,-122.68,3651,16.90277777777778,57.0388888888889,81.01851851851852,216
20,0.75,2.0,-0.3,2.0,3,3,False,14.539583333333335,14.795,1.716212962962963,1.709,-69.42,96.7,-18.645092592592594,-122.68,3641,16.85648148148148,56.53055555555555,79.62962962962963,216
20,0.75,2.0,-0.3,2.0,2,3,False,14.539583333333335,14.795,1.716212962962963,1.709,-69.42,96.7,-18.645092592592594,-122.68,3641,16.85648148148148,56.53055555555555,79.62962962962963,216
20,0.75,2.0,-0.3,2.0,5,3,False,14.539583333333335,14.795,1.716212962962963,1.709,-69.42,96.7,-18.645092592592594,-122.68,3641,16.85648148148148,56.53055555555555,79.62962962962963,216
15,0.5,2.0,-0.3,2.0,2,3,False,14.504675925925927,15.665,1.6144212962962965,1.4785,-95.58,114.09,-19.44148148148148,-113.39,4528,20.962962962962962,55.020370370370365,77.77777777777779,216
15,0.5,2.0,-0.3,2.0,5,3,False,14.504675925925927,15.665,1.6144212962962965,1.4785,-95.58,114.09,-19.44148148148148,-113.39,4528,20.962962962962962,55.020370370370365,77.77777777777779,216
15,0.5,2.0,-0.3,2.0,3,3,False,14.504675925925927,15.665,1.6144212962962965,1.4785,-95.58,114.09,-19.44148148148148,-113.39,4528,20.962962962962962,55.020370370370365,77.77777777777779,216
15,0.5,2.0,0.3,1.5,2,7,False,14.442407407407408,16.82,1.607189814814815,1.6535,-96.14,119.94,-19.59398148148148,-118.04,4464,20.666666666666668,53.74907407407407,77.31481481481481,216
15,0.5,2.0,0.3,1.5,5,7,False,14.442407407407408,16.82,1.607189814814815,1.6535,-96.14,119.94,-19.59398148148148,-118.04,4464,20.666666666666668,53.74907407407407,77.31481481481481,216
15,0.5,2.0,0.3,1.5,3,7,False,14.442407407407408,16.82,1.607189814814815,1.6535,-96.14,119.94,-19.59398148148148,-118.04,4464,20.666666666666668,53.74907407407407,77.31481481481481,216
20,0.3,1.5,0.3,1.5,2,3,False,14.39912037037037,17.195,1.7764814814814816,1.79,-76.3,86.53,-18.25027777777778,-117.43,6284,29.09259259259259,55.53148148148148,81.01851851851852,216
20,0.3,1.5,0.3,1.5,5,3,False,14.39912037037037,17.195,1.7764814814814816,1.79,-76.3,86.53,-18.25027777777778,-117.43,6284,29.09259259259259,55.53148148148148,81.01851851851852,216
20,0.3,1.5,0.3,1.5,3,3,False,14.39912037037037,17.195,1.7764814814814816,1.79,-76.3,86.53,-18.25027777777778,-117.43,6284,29.09259259259259,55.53148148148148,81.01851851851852,216
15,0.3,2.0,-0.3,2.0,2,3,False,14.383564814814815,16.66,1.6055925925925925,1.494,-97.07,113.63,-19.529166666666665,-113.39,4851,22.458333333333332,54.900925925925925,78.24074074074075,216
15,0.3,2.0,-0.3,2.0,5,3,False,14.383564814814815,16.66,1.6055925925925925,1.494,-97.07,113.63,-19.529166666666665,-113.39,4851,22.458333333333332,54.900925925925925,78.24074074074075,216
15,0.3,2.0,-0.3,2.0,3,3,False,14.383564814814815,16.66,1.6055925925925925,1.494,-97.07,113.63,-19.529166666666665,-113.39,4851,22.458333333333332,54.900925925925925,78.24074074074075,216
15,0.75,2.0,-0.3,2.0,5,3,False,14.362175925925929,15.805,1.6165833333333335,1.5055,-76.54,108.0,-19.55078703703704,-113.39,4124,19.09259259259259,55.47453703703704,77.31481481481481,216
15,0.75,2.0,-0.3,2.0,2,3,False,14.362175925925929,15.805,1.6165833333333335,1.5055,-76.54,108.0,-19.55078703703704,-113.39,4124,19.09259259259259,55.47453703703704,77.31481481481481,216
15,0.75,2.0,-0.3,2.0,3,3,False,14.362175925925929,15.805,1.6165833333333335,1.5055,-76.54,108.0,-19.55078703703704,-113.39,4124,19.09259259259259,55.47453703703704,77.31481481481481,216
20,0.5,1.5,0.3,1.5,5,3,False,14.361435185185186,17.605,1.7724074074074072,1.7854999999999999,-76.3,87.05,-18.240601851851853,-117.56,5885,27.24537037037037,54.712037037037035,81.01851851851852,216
20,0.5,1.5,0.3,1.5,3,3,False,14.361435185185186,17.605,1.7724074074074072,1.7854999999999999,-76.3,87.05,-18.240601851851853,-117.56,5885,27.24537037037037,54.712037037037035,81.01851851851852,216
20,0.5,1.5,0.3,1.5,2,3,False,14.361435185185186,17.605,1.7724074074074072,1.7854999999999999,-76.3,87.05,-18.240601851851853,-117.56,5885,27.24537037037037,54.712037037037035,81.01851851851852,216
15,0.75,2.0,0.3,1.5,5,5,False,14.336481481481481,16.52,1.638472222222222,1.5865,-77.95,120.39,-19.592407407407407,-119.68,4287,19.84722222222222,54.23148148148148,79.16666666666666,216
15,0.75,2.0,0.3,1.5,2,5,False,14.336481481481481,16.52,1.638472222222222,1.5865,-77.95,120.39,-19.592407407407407,-119.68,4287,19.84722222222222,54.23148148148148,79.16666666666666,216
15,0.75,2.0,0.3,1.5,3,5,False,14.336481481481481,16.52,1.638472222222222,1.5865,-77.95,120.39,-19.592407407407407,-119.68,4287,19.84722222222222,54.23148148148148,79.16666666666666,216
20,0.75,1.5,0.3,1.5,5,3,False,14.25050925925926,17.5,1.7705092592592593,1.766,-76.22,86.61,-18.24652777777778,-117.56,5505,25.48611111111111,54.13472222222222,80.55555555555556,216
20,0.75,1.5,0.3,1.5,3,3,False,14.25050925925926,17.5,1.7705092592592593,1.766,-76.22,86.61,-18.24652777777778,-117.56,5505,25.48611111111111,54.13472222222222,80.55555555555556,216
20,0.75,1.5,0.3,1.5,2,3,False,14.25050925925926,17.5,1.7705092592592593,1.766,-76.22,86.61,-18.24652777777778,-117.56,5505,25.48611111111111,54.13472222222222,80.55555555555556,216
15,0.75,2.0,0.3,1.5,3,7,False,14.229768518518519,16.655,1.6346203703703706,1.6070000000000002,-77.1,120.39,-19.894398148148152,-118.04,4171,19.310185185185187,53.35324074074074,77.31481481481481,216
15,0.75,2.0,0.3,1.5,5,7,False,14.229768518518519,16.655,1.6346203703703706,1.6070000000000002,-77.1,120.39,-19.894398148148152,-118.04,4171,19.310185185185187,53.35324074074074,77.31481481481481,216
15,0.75,2.0,0.3,1.5,2,7,False,14.229768518518519,16.655,1.6346203703703706,1.6070000000000002,-77.1,120.39,-19.894398148148152,-118.04,4171,19.310185185185187,53.35324074074074,77.31481481481481,216
15,0.5,2.0,0.3,1.5,5,5,False,14.163333333333332,16.509999999999998,1.617347222222222,1.5975000000000001,-96.14,119.94,-19.566111111111113,-119.68,4615,21.36574074074074,54.59814814814815,78.70370370370371,216
15,0.5,2.0,0.3,1.5,3,5,False,14.163333333333332,16.509999999999998,1.617347222222222,1.5975000000000001,-96.14,119.94,-19.566111111111113,-119.68,4615,21.36574074074074,54.59814814814815,78.70370370370371,216
15,0.5,2.0,0.3,1.5,2,5,False,14.163333333333332,16.509999999999998,1.617347222222222,1.5975000000000001,-96.14,119.94,-19.566111111111113,-119.68,4615,21.36574074074074,54.59814814814815,78.70370370370371,216
20,0.3,1.5,0.0,1.5,5,3,False,14.13435185185185,16.7,1.7164259259259262,1.665,-75.83,91.4,-18.590972222222224,-117.23,6249,28.930555555555557,54.348611111111104,80.0925925925926,216
20,0.3,1.5,0.0,1.5,2,3,False,14.13435185185185,16.7,1.7164259259259262,1.665,-75.83,91.4,-18.590972222222224,-117.23,6249,28.930555555555557,54.348611111111104,80.0925925925926,216
20,0.3,1.5,0.0,1.5,3,3,False,14.13435185185185,16.7,1.7164259259259262,1.665,-75.83,91.4,-18.590972222222224,-117.23,6249,28.930555555555557,54.348611111111104,80.0925925925926,216
20,0.5,1.5,0.0,1.5,2,3,False,14.097083333333332,16.575,1.711574074074074,1.6175000000000002,-75.83,91.91,-18.593101851851852,-117.33,5863,27.14351851851852,53.85740740740741,79.62962962962963,216
20,0.5,1.5,0.0,1.5,3,3,False,14.097083333333332,16.575,1.711574074074074,1.6175000000000002,-75.83,91.91,-18.593101851851852,-117.33,5863,27.14351851851852,53.85740740740741,79.62962962962963,216
20,0.5,1.5,0.0,1.5,5,3,False,14.097083333333332,16.575,1.711574074074074,1.6175000000000002,-75.83,91.91,-18.593101851851852,-117.33,5863,27.14351851851852,53.85740740740741,79.62962962962963,216
20,0.3,1.5,-0.3,1.5,3,3,False,14.066805555555558,16.48,1.7066064814814814,1.6695,-75.89,91.62,-18.71425925925926,-117.23,6229,28.837962962962962,53.50509259259258,79.16666666666666,216
20,0.3,1.5,-0.3,1.5,2,3,False,14.066805555555558,16.48,1.7066064814814814,1.6695,-75.89,91.62,-18.71425925925926,-117.23,6229,28.837962962962962,53.50509259259258,79.16666666666666,216
20,0.3,1.5,-0.3,1.5,5,3,False,14.066805555555558,16.48,1.7066064814814814,1.6695,-75.89,91.62,-18.71425925925926,-117.23,6229,28.837962962962962,53.50509259259258,79.16666666666666,216
20,0.5,1.5,-0.3,1.5,5,3,False,14.02449074074074,16.27,1.698875,1.6295,-75.89,92.14,-18.710416666666667,-117.33,5851,27.087962962962962,53.334722222222226,78.24074074074075,216
20,0.5,1.5,-0.3,1.5,2,3,False,14.02449074074074,16.27,1.698875,1.6295,-75.89,92.14,-18.710416666666667,-117.33,5851,27.087962962962962,53.334722222222226,78.24074074074075,216
20,0.5,1.5,-0.3,1.5,3,3,False,14.02449074074074,16.27,1.698875,1.6295,-75.89,92.14,-18.710416666666667,-117.33,5851,27.087962962962962,53.334722222222226,78.24074074074075,216
15,0.5,2.0,0.0,1.5,2,7,False,14.021574074074074,15.855,1.5644583333333335,1.5145,-95.99,116.56,-20.431342592592593,-113.89,4372,20.24074074074074,51.60601851851852,77.77777777777779,216
15,0.5,2.0,0.0,1.5,5,7,False,14.021574074074074,15.855,1.5644583333333335,1.5145,-95.99,116.56,-20.431342592592593,-113.89,4372,20.24074074074074,51.60601851851852,77.77777777777779,216
15,0.5,2.0,0.0,1.5,3,7,False,14.021574074074074,15.855,1.5644583333333335,1.5145,-95.99,116.56,-20.431342592592593,-113.89,4372,20.24074074074074,51.60601851851852,77.77777777777779,216
15,0.75,2.0,0.0,1.5,3,5,False,14.020509259259258,16.83,1.5747407407407408,1.5594999999999999,-75.87,116.5,-20.272453703703704,-114.18,4251,19.680555555555557,52.76342592592592,77.77777777777779,216
15,0.75,2.0,0.0,1.5,2,5,False,14.020509259259258,16.83,1.5747407407407408,1.5594999999999999,-75.87,116.5,-20.272453703703704,-114.18,4251,19.680555555555557,52.76342592592592,77.77777777777779,216
15,0.75,2.0,0.0,1.5,5,5,False,14.020509259259258,16.83,1.5747407407407408,1.5594999999999999,-75.87,116.5,-20.272453703703704,-114.18,4251,19.680555555555557,52.76342592592592,77.77777777777779,216
15,0.5,2.0,-0.3,1.5,5,7,False,13.95277777777778,16.12,1.5035833333333333,1.5234999999999999,-94.21,106.94,-20.75055555555556,-133.33,4313,19.96759259259259,49.94814814814814,77.31481481481481,216
15,0.5,2.0,-0.3,1.5,2,7,False,13.95277777777778,16.12,1.5035833333333333,1.5234999999999999,-94.21,106.94,-20.75055555555556,-133.33,4313,19.96759259259259,49.94814814814814,77.31481481481481,216
15,0.5,2.0,-0.3,1.5,3,7,False,13.95277777777778,16.12,1.5035833333333333,1.5234999999999999,-94.21,106.94,-20.75055555555556,-133.33,4313,19.96759259259259,49.94814814814814,77.31481481481481,216
15,0.5,2.0,0.0,1.5,3,5,False,13.948935185185187,16.475,1.5621851851851853,1.5295,-95.99,116.56,-20.158657407407404,-114.18,4549,21.060185185185187,52.75833333333333,77.77777777777779,216
15,0.5,2.0,0.0,1.5,2,5,False,13.948935185185187,16.475,1.5621851851851853,1.5295,-95.99,116.56,-20.158657407407404,-114.18,4549,21.060185185185187,52.75833333333333,77.77777777777779,216
15,0.5,2.0,0.0,1.5,5,5,False,13.948935185185187,16.475,1.5621851851851853,1.5295,-95.99,116.56,-20.158657407407404,-114.18,4549,21.060185185185187,52.75833333333333,77.77777777777779,216
15,0.75,2.0,0.0,1.5,2,7,False,13.895138888888889,15.855,1.584175925925926,1.4975,-88.25,116.5,-20.758055555555554,-113.89,4117,19.060185185185187,51.548611111111114,77.31481481481481,216
15,0.75,2.0,0.0,1.5,5,7,False,13.895138888888889,15.855,1.584175925925926,1.4975,-88.25,116.5,-20.758055555555554,-113.89,4117,19.060185185185187,51.548611111111114,77.31481481481481,216
15,0.75,2.0,0.0,1.5,3,7,False,13.895138888888889,15.855,1.584175925925926,1.4975,-88.25,116.5,-20.758055555555554,-113.89,4117,19.060185185185187,51.548611111111114,77.31481481481481,216
20,0.75,1.5,0.0,1.5,5,3,False,13.894629629629629,15.95,1.7033564814814814,1.6115,-74.71,92.32,-18.60865740740741,-117.33,5487,25.40277777777778,53.54675925925926,80.0925925925926,216
20,0.75,1.5,0.0,1.5,3,3,False,13.894629629629629,15.95,1.7033564814814814,1.6115,-74.71,92.32,-18.60865740740741,-117.33,5487,25.40277777777778,53.54675925925926,80.0925925925926,216
20,0.75,1.5,0.0,1.5,2,3,False,13.894629629629629,15.95,1.7033564814814814,1.6115,-74.71,92.32,-18.60865740740741,-117.33,5487,25.40277777777778,53.54675925925926,80.0925925925926,216
15,0.75,2.0,-0.3,1.5,2,5,False,13.879953703703702,14.56,1.5324074074074074,1.388,-73.35,102.14,-20.442407407407405,-132.5,4226,19.564814814814813,51.91574074074074,77.31481481481481,216
15,0.75,2.0,-0.3,1.5,5,5,False,13.879953703703702,14.56,1.5324074074074074,1.388,-73.35,102.14,-20.442407407407405,-132.5,4226,19.564814814814813,51.91574074074074,77.31481481481481,216
15,0.75,2.0,-0.3,1.5,3,5,False,13.879953703703702,14.56,1.5324074074074074,1.388,-73.35,102.14,-20.442407407407405,-132.5,4226,19.564814814814813,51.91574074074074,77.31481481481481,216
20,0.75,1.5,-0.3,1.5,5,3,False,13.80601851851852,16.175,1.685800925925926,1.6515,-74.71,92.32,-18.72694444444444,-117.33,5478,25.36111111111111,53.17638888888889,78.70370370370371,216
20,0.75,1.5,-0.3,1.5,2,3,False,13.80601851851852,16.175,1.685800925925926,1.6515,-74.71,92.32,-18.72694444444444,-117.33,5478,25.36111111111111,53.17638888888889,78.70370370370371,216
20,0.75,1.5,-0.3,1.5,3,3,False,13.80601851851852,16.175,1.685800925925926,1.6515,-74.71,92.32,-18.72694444444444,-117.33,5478,25.36111111111111,53.17638888888889,78.70370370370371,216
15,0.3,2.0,0.3,1.5,3,7,False,13.800925925925926,17.21,1.6064675925925924,1.6179999999999999,-97.63,120.1,-19.629074074074076,-118.55,4717,21.837962962962962,54.36805555555556,77.31481481481481,216
15,0.3,2.0,0.3,1.5,5,7,False,13.800925925925926,17.21,1.6064675925925924,1.6179999999999999,-97.63,120.1,-19.629074074074076,-118.55,4717,21.837962962962962,54.36805555555556,77.31481481481481,216
15,0.3,2.0,0.3,1.5,2,7,False,13.800925925925926,17.21,1.6064675925925924,1.6179999999999999,-97.63,120.1,-19.629074074074076,-118.55,4717,21.837962962962962,54.36805555555556,77.31481481481481,216
15,0.75,2.0,-0.3,1.5,2,7,False,13.702592592592593,15.125,1.5042453703703702,1.5230000000000001,-93.35,106.55,-21.196342592592593,-133.33,4081,18.89351851851852,50.18472222222221,75.92592592592592,216
15,0.75,2.0,-0.3,1.5,3,7,False,13.702592592592593,15.125,1.5042453703703702,1.5230000000000001,-93.35,106.55,-21.196342592592593,-133.33,4081,18.89351851851852,50.18472222222221,75.92592592592592,216
15,0.75,2.0,-0.3,1.5,5,7,False,13.702592592592593,15.125,1.5042453703703702,1.5230000000000001,-93.35,106.55,-21.196342592592593,-133.33,4081,18.89351851851852,50.18472222222221,75.92592592592592,216
15,0.5,2.0,-0.3,1.5,2,5,False,13.564490740740743,15.21,1.504884259259259,1.433,-93.97,102.53,-20.398888888888887,-132.5,4506,20.86111111111111,51.5537037037037,76.85185185185185,216
15,0.5,2.0,-0.3,1.5,5,5,False,13.564490740740743,15.21,1.504884259259259,1.433,-93.97,102.53,-20.398888888888887,-132.5,4506,20.86111111111111,51.5537037037037,76.85185185185185,216
15,0.5,2.0,-0.3,1.5,3,5,False,13.564490740740743,15.21,1.504884259259259,1.433,-93.97,102.53,-20.398888888888887,-132.5,4506,20.86111111111111,51.5537037037037,76.85185185185185,216
20,0.5,2.0,0.3,1.5,5,5,False,13.549814814814816,14.95,1.734935185185185,1.6615,-80.17,95.28,-18.348333333333333,-141.11,4148,19.203703703703702,56.11574074074074,81.48148148148148,216
20,0.5,2.0,0.3,1.5,3,5,False,13.549814814814816,14.95,1.734935185185185,1.6615,-80.17,95.28,-18.348333333333333,-141.11,4148,19.203703703703702,56.11574074074074,81.48148148148148,216
20,0.5,2.0,0.3,1.5,2,5,False,13.549814814814816,14.95,1.734935185185185,1.6615,-80.17,95.28,-18.348333333333333,-141.11,4148,19.203703703703702,56.11574074074074,81.48148148148148,216
20,0.75,2.0,0.3,1.5,3,5,False,13.473611111111111,14.745000000000001,1.7337453703703705,1.686,-80.78,94.84,-18.36273148148148,-141.11,3853,17.837962962962962,55.22083333333333,80.55555555555556,216
20,0.75,2.0,0.3,1.5,2,5,False,13.473611111111111,14.745000000000001,1.7337453703703705,1.686,-80.78,94.84,-18.36273148148148,-141.11,3853,17.837962962962962,55.22083333333333,80.55555555555556,216
20,0.75,2.0,0.3,1.5,5,5,False,13.473611111111111,14.745000000000001,1.7337453703703705,1.686,-80.78,94.84,-18.36273148148148,-141.11,3853,17.837962962962962,55.22083333333333,80.55555555555556,216
15,0.3,2.0,0.0,1.5,3,5,False,13.43675925925926,16.255000000000003,1.5708888888888888,1.5095,-97.48,116.73,-20.127824074074073,-114.47,4821,22.319444444444443,53.3712962962963,78.24074074074075,216
15,0.3,2.0,0.0,1.5,2,5,False,13.43675925925926,16.255000000000003,1.5708888888888888,1.5095,-97.48,116.73,-20.127824074074073,-114.47,4821,22.319444444444443,53.3712962962963,78.24074074074075,216
15,0.3,2.0,0.0,1.5,5,5,False,13.43675925925926,16.255000000000003,1.5708888888888888,1.5095,-97.48,116.73,-20.127824074074073,-114.47,4821,22.319444444444443,53.3712962962963,78.24074074074075,216
15,0.3,2.0,-0.3,1.5,2,7,False,13.420648148148146,16.395,1.5036574074074076,1.5234999999999999,-95.7,106.49,-20.757731481481482,-133.67,4506,20.86111111111111,50.37314814814815,76.85185185185185,216
15,0.3,2.0,-0.3,1.5,3,7,False,13.420648148148146,16.395,1.5036574074074076,1.5234999999999999,-95.7,106.49,-20.757731481481482,-133.67,4506,20.86111111111111,50.37314814814815,76.85185185185185,216
15,0.3,2.0,-0.3,1.5,5,7,False,13.420648148148146,16.395,1.5036574074074076,1.5234999999999999,-95.7,106.49,-20.757731481481482,-133.67,4506,20.86111111111111,50.37314814814815,76.85185185185185,216
20,0.3,2.0,0.3,1.5,3,5,False,13.355092592592591,14.844999999999999,1.735287037037037,1.67,-78.92,94.77,-18.358518518518522,-141.11,4439,20.550925925925927,57.02731481481482,81.94444444444444,216
20,0.3,2.0,0.3,1.5,5,5,False,13.355092592592591,14.844999999999999,1.735287037037037,1.67,-78.92,94.77,-18.358518518518522,-141.11,4439,20.550925925925927,57.02731481481482,81.94444444444444,216
20,0.3,2.0,0.3,1.5,2,5,False,13.355092592592591,14.844999999999999,1.735287037037037,1.67,-78.92,94.77,-18.358518518518522,-141.11,4439,20.550925925925927,57.02731481481482,81.94444444444444,216
15,0.3,2.0,0.3,1.5,5,5,False,13.34486111111111,16.55,1.610513888888889,1.572,-97.63,120.1,-19.660648148148148,-119.99,4917,22.76388888888889,55.42407407407408,77.77777777777779,216
15,0.3,2.0,0.3,1.5,3,5,False,13.34486111111111,16.55,1.610513888888889,1.572,-97.63,120.1,-19.660648148148148,-119.99,4917,22.76388888888889,55.42407407407408,77.77777777777779,216
15,0.3,2.0,0.3,1.5,2,5,False,13.34486111111111,16.55,1.610513888888889,1.572,-97.63,120.1,-19.660648148148148,-119.99,4917,22.76388888888889,55.42407407407408,77.77777777777779,216
15,0.75,2.0,0.3,1.5,2,3,False,13.260138888888891,15.29,1.605398148148148,1.6804999999999999,-89.11,109.52,-19.20712962962963,-113.39,4574,21.175925925925927,55.962500000000006,77.77777777777779,216
15,0.75,2.0,0.3,1.5,3,3,False,13.260138888888891,15.29,1.605398148148148,1.6804999999999999,-89.11,109.52,-19.20712962962963,-113.39,4574,21.175925925925927,55.962500000000006,77.77777777777779,216
15,0.75,2.0,0.3,1.5,5,3,False,13.260138888888891,15.29,1.605398148148148,1.6804999999999999,-89.11,109.52,-19.20712962962963,-113.39,4574,21.175925925925927,55.962500000000006,77.77777777777779,216
15,0.5,2.0,0.3,1.5,2,3,False,13.226990740740742,15.355,1.5950509259259258,1.6465,-96.14,109.35,-19.18337962962963,-113.39,5008,23.185185185185187,56.18425925925926,77.31481481481481,216
15,0.5,2.0,0.3,1.5,5,3,False,13.226990740740742,15.355,1.5950509259259258,1.6465,-96.14,109.35,-19.18337962962963,-113.39,5008,23.185185185185187,56.18425925925926,77.31481481481481,216
15,0.5,2.0,0.3,1.5,3,3,False,13.226990740740742,15.355,1.5950509259259258,1.6465,-96.14,109.35,-19.18337962962963,-113.39,5008,23.185185185185187,56.18425925925926,77.31481481481481,216
15,0.3,2.0,-0.3,1.5,2,5,False,13.224583333333332,15.129999999999999,1.505337962962963,1.475,-95.46,102.08,-20.43912037037037,-132.76,4773,22.09722222222222,51.84444444444444,77.31481481481481,216
15,0.3,2.0,-0.3,1.5,3,5,False,13.224583333333332,15.129999999999999,1.505337962962963,1.475,-95.46,102.08,-20.43912037037037,-132.76,4773,22.09722222222222,51.84444444444444,77.31481481481481,216
15,0.3,2.0,-0.3,1.5,5,5,False,13.224583333333332,15.129999999999999,1.505337962962963,1.475,-95.46,102.08,-20.43912037037037,-132.76,4773,22.09722222222222,51.84444444444444,77.31481481481481,216
20,0.75,2.0,0.3,1.5,3,7,False,13.214490740740741,15.225,1.6855046296296297,1.653,-88.62,94.84,-18.640138888888888,-141.11,3721,17.22685185185185,54.18935185185185,80.0925925925926,216
20,0.75,2.0,0.3,1.5,5,7,False,13.214490740740741,15.225,1.6855046296296297,1.653,-88.62,94.84,-18.640138888888888,-141.11,3721,17.22685185185185,54.18935185185185,80.0925925925926,216
20,0.75,2.0,0.3,1.5,2,7,False,13.214490740740741,15.225,1.6855046296296297,1.653,-88.62,94.84,-18.640138888888888,-141.11,3721,17.22685185185185,54.18935185185185,80.0925925925926,216
20,0.5,2.0,0.3,1.5,2,7,False,13.179537037037036,15.185,1.6763703703703703,1.6715,-89.01,100.88,-18.667453703703703,-141.11,3964,18.35185185185185,55.173148148148144,79.62962962962963,216
20,0.5,2.0,0.3,1.5,5,7,False,13.179537037037036,15.185,1.6763703703703703,1.6715,-89.01,100.88,-18.667453703703703,-141.11,3964,18.35185185185185,55.173148148148144,79.62962962962963,216
20,0.5,2.0,0.3,1.5,3,7,False,13.179537037037036,15.185,1.6763703703703703,1.6715,-89.01,100.88,-18.667453703703703,-141.11,3964,18.35185185185185,55.173148148148144,79.62962962962963,216
15,0.3,2.0,0.0,1.5,3,7,False,13.097870370370371,15.275,1.5511851851851854,1.4849999999999999,-97.48,116.73,-20.433935185185188,-114.17,4582,21.212962962962962,52.3375,76.85185185185185,216
15,0.3,2.0,0.0,1.5,5,7,False,13.097870370370371,15.275,1.5511851851851854,1.4849999999999999,-97.48,116.73,-20.433935185185188,-114.17,4582,21.212962962962962,52.3375,76.85185185185185,216
15,0.3,2.0,0.0,1.5,2,7,False,13.097870370370371,15.275,1.5511851851851854,1.4849999999999999,-97.48,116.73,-20.433935185185188,-114.17,4582,21.212962962962962,52.3375,76.85185185185185,216
15,0.3,2.0,0.3,1.5,5,3,False,13.06388888888889,15.45,1.588314814814815,1.5910000000000002,-97.63,109.52,-19.23300925925926,-113.39,5361,24.819444444444443,56.532407407407405,76.85185185185185,216
15,0.3,2.0,0.3,1.5,2,3,False,13.06388888888889,15.45,1.588314814814815,1.5910000000000002,-97.63,109.52,-19.23300925925926,-113.39,5361,24.819444444444443,56.532407407407405,76.85185185185185,216
15,0.3,2.0,0.3,1.5,3,3,False,13.06388888888889,15.45,1.588314814814815,1.5910000000000002,-97.63,109.52,-19.23300925925926,-113.39,5361,24.819444444444443,56.532407407407405,76.85185185185185,216
20,0.5,2.0,0.0,1.5,5,5,False,13.008842592592591,14.530000000000001,1.6573981481481481,1.5955,-85.38,102.39,-18.953796296296296,-158.69,4104,19.0,54.322685185185186,79.16666666666666,216
20,0.5,2.0,0.0,1.5,3,5,False,13.008842592592591,14.530000000000001,1.6573981481481481,1.5955,-85.38,102.39,-18.953796296296296,-158.69,4104,19.0,54.322685185185186,79.16666666666666,216
20,0.5,2.0,0.0,1.5,2,5,False,13.008842592592591,14.530000000000001,1.6573981481481481,1.5955,-85.38,102.39,-18.953796296296296,-158.69,4104,19.0,54.322685185185186,79.16666666666666,216
20,0.3,2.0,-0.3,1.5,3,5,False,13.00277777777778,14.31,1.6421944444444445,1.5135,-76.63,102.67,-19.181574074074074,-158.69,4315,19.97685185185185,53.693518518518516,77.31481481481481,216
20,0.3,2.0,-0.3,1.5,2,5,False,13.00277777777778,14.31,1.6421944444444445,1.5135,-76.63,102.67,-19.181574074074074,-158.69,4315,19.97685185185185,53.693518518518516,77.31481481481481,216
20,0.3,2.0,-0.3,1.5,5,5,False,13.00277777777778,14.31,1.6421944444444445,1.5135,-76.63,102.67,-19.181574074074074,-158.69,4315,19.97685185185185,53.693518518518516,77.31481481481481,216
20,0.3,2.0,0.0,1.5,2,5,False,12.980601851851853,14.74,1.6581296296296293,1.61,-84.5,101.87,-18.93689814814815,-158.69,4361,20.189814814814813,54.97083333333333,79.62962962962963,216
20,0.3,2.0,0.0,1.5,5,5,False,12.980601851851853,14.74,1.6581296296296293,1.61,-84.5,101.87,-18.93689814814815,-158.69,4361,20.189814814814813,54.97083333333333,79.62962962962963,216
20,0.3,2.0,0.0,1.5,3,5,False,12.980601851851853,14.74,1.6581296296296293,1.61,-84.5,101.87,-18.93689814814815,-158.69,4361,20.189814814814813,54.97083333333333,79.62962962962963,216
20,0.5,2.0,-0.3,1.5,3,5,False,12.954953703703703,14.395,1.6325,1.5005,-77.87,103.18,-19.202546296296298,-158.69,4075,18.86574074074074,53.27916666666666,77.31481481481481,216
20,0.5,2.0,-0.3,1.5,5,5,False,12.954953703703703,14.395,1.6325,1.5005,-77.87,103.18,-19.202546296296298,-158.69,4075,18.86574074074074,53.27916666666666,77.31481481481481,216
20,0.5,2.0,-0.3,1.5,2,5,False,12.954953703703703,14.395,1.6325,1.5005,-77.87,103.18,-19.202546296296298,-158.69,4075,18.86574074074074,53.27916666666666,77.31481481481481,216
15,0.75,2.0,0.0,1.5,2,3,False,12.835509259259261,14.565000000000001,1.5479768518518517,1.6115,-88.25,113.76,-19.612685185185185,-113.39,4560,21.11111111111111,54.97453703703704,75.92592592592592,216
15,0.75,2.0,0.0,1.5,3,3,False,12.835509259259261,14.565000000000001,1.5479768518518517,1.6115,-88.25,113.76,-19.612685185185185,-113.39,4560,21.11111111111111,54.97453703703704,75.92592592592592,216
15,0.75,2.0,0.0,1.5,5,3,False,12.835509259259261,14.565000000000001,1.5479768518518517,1.6115,-88.25,113.76,-19.612685185185185,-113.39,4560,21.11111111111111,54.97453703703704,75.92592592592592,216
20,0.75,2.0,0.0,1.5,2,5,False,12.808564814814815,14.15,1.6461666666666668,1.482,-85.38,102.79,-19.007037037037033,-158.69,3818,17.675925925925927,53.86435185185184,79.62962962962963,216
20,0.75,2.0,0.0,1.5,5,5,False,12.808564814814815,14.15,1.6461666666666668,1.482,-85.38,102.79,-19.007037037037033,-158.69,3818,17.675925925925927,53.86435185185184,79.62962962962963,216
20,0.75,2.0,0.0,1.5,3,5,False,12.808564814814815,14.15,1.6461666666666668,1.482,-85.38,102.79,-19.007037037037033,-158.69,3818,17.675925925925927,53.86435185185184,79.62962962962963,216
20,0.5,2.0,-0.3,1.5,3,7,False,12.800462962962964,15.024999999999999,1.6008194444444444,1.5135,-81.43,103.48,-19.98689814814815,-159.23,3841,17.78240740740741,51.72314814814815,76.38888888888889,216
20,0.5,2.0,-0.3,1.5,2,7,False,12.800462962962964,15.024999999999999,1.6008194444444444,1.5135,-81.43,103.48,-19.98689814814815,-159.23,3841,17.78240740740741,51.72314814814815,76.38888888888889,216
20,0.5,2.0,-0.3,1.5,5,7,False,12.800462962962964,15.024999999999999,1.6008194444444444,1.5135,-81.43,103.48,-19.98689814814815,-159.23,3841,17.78240740740741,51.72314814814815,76.38888888888889,216
15,0.5,2.0,0.0,1.5,3,3,False,12.800092592592593,14.58,1.5372175925925926,1.6005,-96.14,113.59,-19.599027777777774,-113.39,4975,23.03240740740741,54.64768518518518,75.92592592592592,216
15,0.5,2.0,0.0,1.5,2,3,False,12.800092592592593,14.58,1.5372175925925926,1.6005,-96.14,113.59,-19.599027777777774,-113.39,4975,23.03240740740741,54.64768518518518,75.92592592592592,216
15,0.5,2.0,0.0,1.5,5,3,False,12.800092592592593,14.58,1.5372175925925926,1.6005,-96.14,113.59,-19.599027777777774,-113.39,4975,23.03240740740741,54.64768518518518,75.92592592592592,216
20,0.3,2.0,0.3,1.5,3,7,False,12.760648148148148,15.355,1.6500509259259262,1.7025000000000001,-91.75,100.27,-18.692592592592593,-141.11,4245,19.65277777777778,56.34444444444444,78.70370370370371,216
20,0.3,2.0,0.3,1.5,5,7,False,12.760648148148148,15.355,1.6500509259259262,1.7025000000000001,-91.75,100.27,-18.692592592592593,-141.11,4245,19.65277777777778,56.34444444444444,78.70370370370371,216
20,0.3,2.0,0.3,1.5,2,7,False,12.760648148148148,15.355,1.6500509259259262,1.7025000000000001,-91.75,100.27,-18.692592592592593,-141.11,4245,19.65277777777778,56.34444444444444,78.70370370370371,216
20,0.75,2.0,-0.3,1.5,3,5,False,12.718703703703705,13.73,1.6133240740740742,1.467,-78.48,103.03,-19.267777777777777,-158.69,3801,17.59722222222222,53.11203703703704,77.77777777777779,216
20,0.75,2.0,-0.3,1.5,5,5,False,12.718703703703705,13.73,1.6133240740740742,1.467,-78.48,103.03,-19.267777777777777,-158.69,3801,17.59722222222222,53.11203703703704,77.77777777777779,216
20,0.75,2.0,-0.3,1.5,2,5,False,12.718703703703705,13.73,1.6133240740740742,1.467,-78.48,103.03,-19.267777777777777,-158.69,3801,17.59722222222222,53.11203703703704,77.77777777777779,216
15,0.3,2.0,0.0,1.5,2,3,False,12.69300925925926,14.555,1.5327592592592594,1.513,-97.63,113.76,-19.62796296296296,-113.39,5321,24.63425925925926,54.98055555555556,75.46296296296296,216
15,0.3,2.0,0.0,1.5,5,3,False,12.69300925925926,14.555,1.5327592592592594,1.513,-97.63,113.76,-19.62796296296296,-113.39,5321,24.63425925925926,54.98055555555556,75.46296296296296,216
15,0.3,2.0,0.0,1.5,3,3,False,12.69300925925926,14.555,1.5327592592592594,1.513,-97.63,113.76,-19.62796296296296,-113.39,5321,24.63425925925926,54.98055555555556,75.46296296296296,216
20,0.3,2.0,-0.3,1.5,2,7,False,12.692638888888892,14.92,1.5945092592592591,1.525,-88.99,103.48,-20.007037037037033,-159.23,4054,18.76851851851852,52.61944444444444,75.46296296296296,216
20,0.3,2.0,-0.3,1.5,5,7,False,12.692638888888892,14.92,1.5945092592592591,1.525,-88.99,103.48,-20.007037037037033,-159.23,4054,18.76851851851852,52.61944444444444,75.46296296296296,216
20,0.3,2.0,-0.3,1.5,3,7,False,12.692638888888892,14.92,1.5945092592592591,1.525,-88.99,103.48,-20.007037037037033,-159.23,4054,18.76851851851852,52.61944444444444,75.46296296296296,216
15,0.75,2.0,-0.3,1.5,2,3,False,12.555416666666668,13.425,1.521087962962963,1.559,-88.25,113.76,-19.715555555555554,-113.39,4551,21.069444444444443,54.42268518518518,75.46296296296296,216
15,0.75,2.0,-0.3,1.5,3,3,False,12.555416666666668,13.425,1.521087962962963,1.559,-88.25,113.76,-19.715555555555554,-113.39,4551,21.069444444444443,54.42268518518518,75.46296296296296,216
15,0.75,2.0,-0.3,1.5,5,3,False,12.555416666666668,13.425,1.521087962962963,1.559,-88.25,113.76,-19.715555555555554,-113.39,4551,21.069444444444443,54.42268518518518,75.46296296296296,216
15,0.5,2.0,-0.3,1.5,2,3,False,12.548703703703707,13.445,1.5100416666666665,1.5585,-96.14,113.89,-19.69967592592593,-113.39,4951,22.921296296296298,53.94259259259258,76.38888888888889,216
15,0.5,2.0,-0.3,1.5,5,3,False,12.548703703703707,13.445,1.5100416666666665,1.5585,-96.14,113.89,-19.69967592592593,-113.39,4951,22.921296296296298,53.94259259259258,76.38888888888889,216
15,0.5,2.0,-0.3,1.5,3,3,False,12.548703703703707,13.445,1.5100416666666665,1.5585,-96.14,113.89,-19.69967592592593,-113.39,4951,22.921296296296298,53.94259259259258,76.38888888888889,216
20,0.5,2.0,0.0,1.5,3,7,False,12.394490740740741,14.52,1.595013888888889,1.479,-86.51,106.8,-19.706944444444442,-159.23,3886,17.99074074074074,52.86666666666666,78.24074074074075,216
20,0.5,2.0,0.0,1.5,5,7,False,12.394490740740741,14.52,1.595013888888889,1.479,-86.51,106.8,-19.706944444444442,-159.23,3886,17.99074074074074,52.86666666666666,78.24074074074075,216
20,0.5,2.0,0.0,1.5,2,7,False,12.394490740740741,14.52,1.595013888888889,1.479,-86.51,106.8,-19.706944444444442,-159.23,3886,17.99074074074074,52.86666666666666,78.24074074074075,216
20,0.75,2.0,-0.3,1.5,5,7,False,12.389212962962961,14.774999999999999,1.5732222222222223,1.4775,-82.04,103.33,-20.034861111111113,-159.23,3634,16.824074074074073,51.535185185185185,75.92592592592592,216
20,0.75,2.0,-0.3,1.5,3,7,False,12.389212962962961,14.774999999999999,1.5732222222222223,1.4775,-82.04,103.33,-20.034861111111113,-159.23,3634,16.824074074074073,51.535185185185185,75.92592592592592,216
20,0.75,2.0,-0.3,1.5,2,7,False,12.389212962962961,14.774999999999999,1.5732222222222223,1.4775,-82.04,103.33,-20.034861111111113,-159.23,3634,16.824074074074073,51.535185185185185,75.92592592592592,216
15,0.3,2.0,-0.3,1.5,2,3,False,12.357175925925924,13.885000000000002,1.5015648148148146,1.548,-97.63,113.43,-19.73277777777778,-113.39,5292,24.5,53.91620370370371,76.38888888888889,216
15,0.3,2.0,-0.3,1.5,3,3,False,12.357175925925924,13.885000000000002,1.5015648148148146,1.548,-97.63,113.43,-19.73277777777778,-113.39,5292,24.5,53.91620370370371,76.38888888888889,216
15,0.3,2.0,-0.3,1.5,5,3,False,12.357175925925924,13.885000000000002,1.5015648148148146,1.548,-97.63,113.43,-19.73277777777778,-113.39,5292,24.5,53.91620370370371,76.38888888888889,216
20,0.3,2.0,0.0,1.5,2,7,False,12.271944444444443,14.265,1.5780416666666668,1.4875,-87.35,106.28,-19.71990740740741,-159.23,4127,19.10648148148148,53.99351851851851,76.85185185185185,216
20,0.3,2.0,0.0,1.5,3,7,False,12.271944444444443,14.265,1.5780416666666668,1.4875,-87.35,106.28,-19.71990740740741,-159.23,4127,19.10648148148148,53.99351851851851,76.85185185185185,216
20,0.3,2.0,0.0,1.5,5,7,False,12.271944444444443,14.265,1.5780416666666668,1.4875,-87.35,106.28,-19.71990740740741,-159.23,4127,19.10648148148148,53.99351851851851,76.85185185185185,216
20,0.75,2.0,0.0,1.5,5,7,False,12.075972222222221,13.96,1.5765879629629629,1.437,-86.51,107.2,-19.76166666666667,-159.23,3665,16.96759259259259,52.4162037037037,76.85185185185185,216
20,0.75,2.0,0.0,1.5,3,7,False,12.075972222222221,13.96,1.5765879629629629,1.437,-86.51,107.2,-19.76166666666667,-159.23,3665,16.96759259259259,52.4162037037037,76.85185185185185,216
20,0.75,2.0,0.0,1.5,2,7,False,12.075972222222221,13.96,1.5765879629629629,1.437,-86.51,107.2,-19.76166666666667,-159.23,3665,16.96759259259259,52.4162037037037,76.85185185185185,216
20,0.3,2.0,0.3,1.5,2,3,False,11.980601851851851,14.55,1.6593657407407407,1.737,-79.54,85.33,-18.181435185185187,-119.76,4891,22.64351851851852,58.165740740740745,81.48148148148148,216
20,0.3,2.0,0.3,1.5,5,3,False,11.980601851851851,14.55,1.6593657407407407,1.737,-79.54,85.33,-18.181435185185187,-119.76,4891,22.64351851851852,58.165740740740745,81.48148148148148,216
20,0.3,2.0,0.3,1.5,3,3,False,11.980601851851851,14.55,1.6593657407407407,1.737,-79.54,85.33,-18.181435185185187,-119.76,4891,22.64351851851852,58.165740740740745,81.48148148148148,216
20,0.5,2.0,0.3,1.5,5,3,False,11.964027777777778,14.32,1.6568518518518518,1.6764999999999999,-80.94,85.85,-18.17861111111111,-119.76,4494,20.805555555555557,57.33379629629629,81.48148148148148,216
20,0.5,2.0,0.3,1.5,2,3,False,11.964027777777778,14.32,1.6568518518518518,1.6764999999999999,-80.94,85.85,-18.17861111111111,-119.76,4494,20.805555555555557,57.33379629629629,81.48148148148148,216
20,0.5,2.0,0.3,1.5,3,3,False,11.964027777777778,14.32,1.6568518518518518,1.6764999999999999,-80.94,85.85,-18.17861111111111,-119.76,4494,20.805555555555557,57.33379629629629,81.48148148148148,216
20,0.75,2.0,0.3,1.5,3,3,False,11.820324074074074,14.16,1.6538333333333333,1.662,-81.55,85.41,-18.17462962962963,-119.76,4112,19.037037037037038,56.75555555555556,80.0925925925926,216
20,0.75,2.0,0.3,1.5,2,3,False,11.820324074074074,14.16,1.6538333333333333,1.662,-81.55,85.41,-18.17462962962963,-119.76,4112,19.037037037037038,56.75555555555556,80.0925925925926,216
20,0.75,2.0,0.3,1.5,5,3,False,11.820324074074074,14.16,1.6538333333333333,1.662,-81.55,85.41,-18.17462962962963,-119.76,4112,19.037037037037038,56.75555555555556,80.0925925925926,216
20,0.3,2.0,0.0,1.5,3,3,False,11.626250000000002,13.275,1.5958796296296298,1.616,-78.39,90.2,-18.544722222222223,-119.76,4856,22.48148148148148,56.701388888888886,79.62962962962963,216
20,0.3,2.0,0.0,1.5,5,3,False,11.626250000000002,13.275,1.5958796296296298,1.616,-78.39,90.2,-18.544722222222223,-119.76,4856,22.48148148148148,56.701388888888886,79.62962962962963,216
20,0.3,2.0,0.0,1.5,2,3,False,11.626250000000002,13.275,1.5958796296296298,1.616,-78.39,90.2,-18.544722222222223,-119.76,4856,22.48148148148148,56.701388888888886,79.62962962962963,216
20,0.3,2.0,-0.3,1.5,2,3,False,11.591203703703705,12.965,1.5873101851851852,1.5685,-78.45,90.42,-18.632453703703703,-119.76,4837,22.39351851851852,55.66574074074074,77.77777777777779,216
20,0.3,2.0,-0.3,1.5,3,3,False,11.591203703703705,12.965,1.5873101851851852,1.5685,-78.45,90.42,-18.632453703703703,-119.76,4837,22.39351851851852,55.66574074074074,77.77777777777779,216
20,0.3,2.0,-0.3,1.5,5,3,False,11.591203703703705,12.965,1.5873101851851852,1.5685,-78.45,90.42,-18.632453703703703,-119.76,4837,22.39351851851852,55.66574074074074,77.77777777777779,216
20,0.5,2.0,0.0,1.5,2,3,False,11.588935185185186,12.905000000000001,1.590851851851852,1.6055000000000001,-78.64,90.71,-18.54550925925926,-119.76,4470,20.694444444444443,56.26666666666666,79.16666666666666,216
20,0.5,2.0,0.0,1.5,3,3,False,11.588935185185186,12.905000000000001,1.590851851851852,1.6055000000000001,-78.64,90.71,-18.54550925925926,-119.76,4470,20.694444444444443,56.26666666666666,79.16666666666666,216
20,0.5,2.0,0.0,1.5,5,3,False,11.588935185185186,12.905000000000001,1.590851851851852,1.6055000000000001,-78.64,90.71,-18.54550925925926,-119.76,4470,20.694444444444443,56.26666666666666,79.16666666666666,216
20,0.5,2.0,-0.3,1.5,5,3,False,11.533148148148147,12.565000000000001,1.5786018518518519,1.5270000000000001,-78.64,90.94,-18.638703703703705,-119.76,4460,20.64814814814815,55.6074074074074,77.31481481481481,216
20,0.5,2.0,-0.3,1.5,2,3,False,11.533148148148147,12.565000000000001,1.5786018518518519,1.5270000000000001,-78.64,90.94,-18.638703703703705,-119.76,4460,20.64814814814815,55.6074074074074,77.31481481481481,216
20,0.5,2.0,-0.3,1.5,3,3,False,11.533148148148147,12.565000000000001,1.5786018518518519,1.5270000000000001,-78.64,90.94,-18.638703703703705,-119.76,4460,20.64814814814815,55.6074074074074,77.31481481481481,216
20,0.75,2.0,0.0,1.5,5,3,False,11.476944444444444,12.525,1.5884722222222223,1.5870000000000002,-79.25,91.12,-18.53351851851852,-119.76,4094,18.953703703703702,56.050925925925924,80.55555555555556,216
20,0.75,2.0,0.0,1.5,3,3,False,11.476944444444444,12.525,1.5884722222222223,1.5870000000000002,-79.25,91.12,-18.53351851851852,-119.76,4094,18.953703703703702,56.050925925925924,80.55555555555556,216
20,0.75,2.0,0.0,1.5,2,3,False,11.476944444444444,12.525,1.5884722222222223,1.5870000000000002,-79.25,91.12,-18.53351851851852,-119.76,4094,18.953703703703702,56.050925925925924,80.55555555555556,216
20,0.75,2.0,-0.3,1.5,5,3,False,11.310046296296298,12.175,1.5657546296296294,1.549,-79.25,91.12,-18.66574074074074,-119.76,4085,18.912037037037038,55.51064814814814,78.70370370370371,216
20,0.75,2.0,-0.3,1.5,3,3,False,11.310046296296298,12.175,1.5657546296296294,1.549,-79.25,91.12,-18.66574074074074,-119.76,4085,18.912037037037038,55.51064814814814,78.70370370370371,216
20,0.75,2.0,-0.3,1.5,2,3,False,11.310046296296298,12.175,1.5657546296296294,1.549,-79.25,91.12,-18.66574074074074,-119.76,4085,18.912037037037038,55.51064814814814,78.70370370370371,216
20,0.75,1.0,0.0,2.0,2,7,True,4.50462962962963,3.5700000000000003,0.9781851851851853,1.0790000000000002,-39.32,54.2,-7.610509259259259,-59.33,1304,6.037037037037037,58.45794392523365,70.37037037037037,216
20,0.5,1.0,0.0,2.5,2,7,True,4.495277777777778,3.88,1.0175185185185185,1.1469999999999998,-60.06,53.59,-7.733935185185186,-70.23,1454,6.731481481481482,60.49444444444444,72.22222222222221,216
20,0.5,1.0,0.0,2.0,2,7,True,4.480648148148149,3.7649999999999997,0.984287037037037,0.9894999999999999,-47.98,53.59,-7.5331018518518515,-59.33,1495,6.921296296296297,58.87083333333334,71.29629629629629,216
20,0.75,1.0,0.0,2.5,2,7,True,4.445833333333333,3.96,0.9991805555555556,1.1035,-51.4,54.2,-7.880601851851852,-69.63,1273,5.893518518518518,60.237674418604655,70.83333333333334,216
20,0.75,1.0,-0.3,2.0,2,7,True,4.367916666666667,3.75,0.9497685185185184,1.0365,-35.52,52.16,-7.7875000000000005,-59.33,1304,6.037037037037037,56.712149532710285,68.51851851851852,216
20,0.5,1.0,-0.3,2.0,2,7,True,4.309768518518519,3.0999999999999996,0.9536527777777777,0.975,-44.18,51.55,-7.73212962962963,-59.33,1491,6.902777777777778,56.93488372093023,70.37037037037037,216
20,0.5,1.0,-0.3,2.5,2,7,True,4.28587962962963,4.025,0.9720740740740742,1.1030000000000002,-56.26,51.55,-7.9830555555555565,-70.23,1451,6.717592592592593,58.30462962962964,70.83333333333334,216
20,0.75,1.0,-0.3,2.5,2,7,True,4.260925925925926,4.12,0.9581944444444445,1.0979999999999999,-47.6,52.16,-8.086481481481481,-69.63,1276,5.907407407407407,58.26930232558139,70.37037037037037,216
20,0.5,1.0,0.3,2.5,2,7,True,4.254074074074074,4.1,1.0790416666666667,1.0775000000000001,-60.66,48.4,-7.31550925925926,-70.23,1463,6.773148148148148,64.46851851851852,71.75925925925925,216
20,0.5,1.0,0.3,2.0,2,7,True,4.243287037037037,3.7699999999999996,1.0371435185185187,1.0165,-48.58,48.4,-7.092962962962963,-59.12,1501,6.949074074074074,62.97407407407408,71.29629629629629,216
20,0.3,1.0,0.0,2.5,2,7,True,4.237592592592592,3.665,0.9929444444444444,1.184,-61.65,49.18,-7.7414351851851855,-70.23,1636,7.574074074074074,62.4837962962963,69.44444444444444,216
20,0.75,1.0,0.3,2.0,2,7,True,4.222407407407407,3.62,1.0247083333333333,1.069,-42.33,48.4,-7.171527777777778,-59.12,1304,6.037037037037037,61.289302325581396,69.9074074074074,216
20,0.75,1.0,0.3,2.5,2,7,True,4.189444444444444,4.08,1.0591990740740742,1.0790000000000002,-54.41,48.4,-7.447546296296296,-69.63,1275,5.902777777777778,63.27534883720931,71.75925925925925,216
20,0.3,1.0,0.0,2.0,2,7,True,4.179027777777778,3.59,0.9475416666666666,1.0234999999999999,-49.57,49.18,-7.562037037037038,-59.33,1682,7.787037037037037,60.73425925925926,68.51851851851852,216
20,0.75,1.0,0.0,2.0,2,5,True,4.159398148148148,2.955,0.9613842592592591,0.9195,-37.99,50.74,-7.378657407407407,-59.2,1376,6.37037037037037,57.12651162790698,68.05555555555556,216
20,0.5,1.0,0.3,2.0,2,5,True,4.154305555555556,3.2350000000000003,1.0599537037037037,1.0365,-47.25,49.0,-6.779027777777777,-59.12,1616,7.481481481481482,61.35324074074074,72.68518518518519,216
20,0.75,1.0,0.3,2.0,2,5,True,4.152083333333334,3.12,1.0460277777777778,0.989,-41.0,48.81,-6.875277777777778,-59.12,1377,6.375,60.00186046511629,70.83333333333334,216
20,0.5,1.0,0.0,2.0,2,5,True,4.125462962962962,2.715,0.9692175925925925,0.823,-46.65,48.02,-7.266574074074075,-59.2,1611,7.458333333333333,57.99305555555556,68.98148148148148,216
20,0.75,1.0,-0.3,2.0,2,5,True,4.070324074074074,2.935,0.9413981481481483,0.791,-37.14,48.7,-7.513564814814814,-59.2,1374,6.361111111111111,56.04465116279069,68.51851851851852,216
20,0.5,1.0,0.3,2.5,2,5,True,4.0687500000000005,3.4050000000000002,1.090949074074074,1.089,-59.33,49.0,-7.060972222222222,-68.72,1594,7.37962962962963,62.57592592592592,74.07407407407408,216
20,0.3,1.0,-0.3,2.5,2,7,True,4.068611111111111,3.665,0.9528194444444443,1.1484999999999999,-57.85,45.91,-7.976898148148148,-70.23,1629,7.541666666666667,60.045370370370364,68.98148148148148,216
20,0.75,1.0,0.0,2.5,2,5,True,4.055462962962963,3.0300000000000002,0.9809583333333334,0.9450000000000001,-50.07,50.74,-7.673981481481481,-68.12,1360,6.296296296296297,58.499534883720926,68.98148148148148,216
20,0.5,1.0,0.0,2.5,2,5,True,4.051990740740741,2.8200000000000003,1.001425925925926,0.8985000000000001,-58.73,48.02,-7.540601851851852,-68.72,1587,7.347222222222222,59.22592592592592,70.37037037037037,216
20,0.3,1.0,-0.3,2.0,2,7,True,4.048981481481482,3.15,0.922412037037037,0.9844999999999999,-45.77,45.91,-7.7468055555555555,-59.33,1674,7.75,58.270833333333336,68.51851851851852,216
20,0.75,1.0,0.3,2.5,2,5,True,4.03212962962963,3.33,1.0637222222222222,1.0625,-53.08,48.81,-7.178472222222223,-68.12,1363,6.310185185185185,61.33720930232558,72.68518518518519,216
20,0.3,1.0,0.3,2.0,2,5,True,4.031574074074074,3.085,1.0427777777777778,1.061,-48.84,49.0,-6.815694444444444,-59.12,1824,8.444444444444445,62.40648148148148,70.83333333333334,216
20,0.5,1.0,-0.3,2.0,2,5,True,4.028009259259259,2.8099999999999996,0.9512268518518519,0.7695000000000001,-42.85,47.74,-7.400787037037037,-59.2,1607,7.439814814814815,56.48564814814816,69.44444444444444,216
20,0.3,1.0,0.3,2.5,2,7,True,4.026388888888888,3.88,1.049287037037037,1.1165,-62.25,48.48,-7.341898148148148,-70.41,1658,7.675925925925926,65.90833333333333,71.75925925925925,216
20,0.3,1.0,0.0,2.0,2,5,True,4.00986111111111,2.755,0.9536111111111112,0.8325,-48.24,48.04,-7.29074074074074,-59.2,1808,8.37037037037037,58.99907407407407,67.12962962962963,216
20,0.75,1.0,-0.3,2.5,2,5,True,3.992638888888889,2.9,0.9604814814814815,0.8694999999999999,-46.27,48.7,-7.805046296296296,-68.12,1360,6.296296296296297,57.353488372093025,69.44444444444444,216
20,0.3,1.0,0.0,2.5,2,5,True,3.988425925925926,2.855,0.9987037037037035,0.968,-60.32,48.31,-7.553055555555555,-68.72,1788,8.277777777777779,60.13101851851852,68.98148148148148,216
20,0.3,1.0,0.3,2.5,2,5,True,3.9815277777777776,3.16,1.081990740740741,1.0995,-60.92,49.0,-7.089305555555556,-68.9,1804,8.351851851851851,63.577777777777776,72.68518518518519,216
20,0.5,1.0,-0.3,2.5,2,5,True,3.980601851851852,2.815,0.9824444444444446,0.8135,-54.93,47.74,-7.67236111111111,-68.72,1585,7.337962962962963,57.65416666666666,70.37037037037037,216
20,0.3,1.0,0.3,2.0,2,7,True,3.9715277777777778,3.625,0.9948148148148148,1.0875,-50.17,48.48,-7.1419907407407415,-59.12,1701,7.875,64.27407407407408,69.9074074074074,216
20,0.3,1.0,-0.3,2.5,2,5,True,3.944907407407407,2.7800000000000002,0.9842222222222221,0.8214999999999999,-56.52,47.74,-7.668611111111109,-68.72,1784,8.25925925925926,58.06435185185185,69.44444444444444,216
20,0.3,1.0,-0.3,2.0,2,5,True,3.9402314814814816,2.54,0.9405694444444445,0.789,-44.44,47.74,-7.409583333333334,-59.2,1802,8.342592592592593,56.98148148148148,68.05555555555556,216
15,0.5,1.0,-0.3,2.5,2,5,True,3.8876851851851857,3.475,0.9581574074074074,1.0685,-32.66,41.26,-7.025324074074075,-58.32,1608,7.444444444444445,58.37663551401869,68.98148148148148,216
15,0.75,1.0,-0.3,2.5,2,5,True,3.8395370370370365,3.5949999999999998,0.9581574074074074,1.084,-42.36,41.95,-7.289675925925927,-61.2,1347,6.236111111111111,59.92803738317758,68.98148148148148,216
15,0.5,1.0,-0.3,2.5,2,7,True,3.786666666666667,3.435,0.8842777777777778,1.093,-31.8,44.16,-7.576435185185185,-57.8,1516,7.018518518518518,58.84537037037036,67.5925925925926,216
15,0.3,1.0,-0.3,2.5,2,5,True,3.777083333333333,3.555,0.9421296296296297,1.0325,-32.31,41.26,-7.087685185185186,-58.32,1825,8.449074074074074,58.42546296296296,68.98148148148148,216
15,0.3,1.0,-0.3,2.5,2,7,True,3.710231481481482,3.4,0.8786388888888889,1.0575,-31.45,44.16,-7.6375,-57.8,1704,7.888888888888889,60.09305555555556,67.12962962962963,216
15,0.5,1.0,-0.3,2.0,2,5,True,3.6974537037037036,2.91,0.9052129629629628,1.0055,-33.51,41.26,-6.989861111111111,-58.32,1616,7.481481481481482,56.774178403755876,67.12962962962963,216
20,0.5,1.0,0.0,1.5,2,5,True,3.6820370370370368,2.585,0.8896666666666667,0.745,-46.65,48.99,-6.930277777777778,-59.2,1682,7.787037037037037,53.68564814814814,68.51851851851852,216
15,0.75,1.0,-0.3,2.5,2,7,True,3.6747222222222224,3.4800000000000004,0.8808750000000001,1.0430000000000001,-43.68,44.85,-7.907824074074075,-62.75,1300,6.018518518518518,59.1588785046729,68.05555555555556,216
15,0.5,1.0,-0.3,1.5,2,5,True,3.665787037037037,2.99,0.8710833333333333,0.877,-28.42,33.55,-6.545787037037036,-58.32,1667,7.717592592592593,52.76037735849057,68.05555555555556,216
20,0.75,1.0,0.0,1.5,2,5,True,3.6523148148148152,2.95,0.8729861111111111,0.826,-37.99,48.99,-7.063055555555555,-59.2,1446,6.694444444444445,52.580751173708926,67.5925925925926,216
15,0.5,1.0,-0.3,1.5,2,7,True,3.6245833333333337,2.9,0.8078240740740741,0.9195,-31.67,36.72,-6.9440277777777775,-58.35,1612,7.462962962962963,51.02535211267605,65.27777777777779,216
15,0.75,1.0,-0.3,2.0,2,5,True,3.6205555555555553,3.085,0.8949953703703705,1.002,-42.36,41.95,-7.263564814814814,-61.2,1355,6.273148148148148,57.785446009389666,67.5925925925926,216
15,0.3,1.0,-0.3,1.5,2,5,True,3.597175925925926,2.92,0.8566111111111112,0.9125000000000001,-29.9,33.56,-6.598055555555556,-58.32,1896,8.777777777777779,53.1037037037037,68.98148148148148,216
15,0.5,1.0,-0.3,2.0,2,7,True,3.5902314814814815,3.11,0.8277222222222221,0.9555,-32.65,44.16,-7.510370370370371,-58.35,1537,7.1157407407407405,56.62465116279069,65.74074074074075,216
15,0.3,1.0,-0.3,2.0,2,5,True,3.5842592592592593,2.91,0.8912592592592593,1.002,-33.16,41.26,-7.052361111111111,-58.32,1839,8.51388888888889,56.91851851851852,67.5925925925926,216
20,0.5,1.0,-0.3,1.5,2,5,True,3.5723148148148147,2.5250000000000004,0.867375,0.71,-42.85,48.99,-7.0801388888888885,-59.2,1678,7.768518518518518,52.28418604651163,68.05555555555556,216
15,0.3,1.0,-0.3,1.5,2,7,True,3.566527777777778,2.855,0.7911805555555556,0.931,-31.67,37.1,-7.016250000000001,-58.35,1813,8.393518518518519,52.261574074074076,65.74074074074075,216
20,0.3,1.0,0.0,1.5,2,5,True,3.5602314814814813,2.58,0.8727685185185184,0.7615000000000001,-48.24,48.99,-6.967407407407408,-59.2,1887,8.73611111111111,55.057407407407396,66.66666666666666,216
20,0.75,1.0,-0.3,1.5,2,5,True,3.55087962962963,2.9400000000000004,0.8452824074074073,0.8734999999999999,-37.14,48.99,-7.215138888888889,-59.2,1444,6.685185185185185,51.59339622641509,66.20370370370371,216
20,0.5,1.0,0.3,1.5,2,5,True,3.5440740740740746,3.1950000000000003,0.944648148148148,0.9299999999999999,-47.25,48.99,-6.6032870370370365,-59.12,1687,7.810185185185185,56.597685185185185,69.44444444444444,216
20,0.5,1.0,0.0,1.5,2,7,True,3.5099074074074075,2.9000000000000004,0.8410740740740741,0.793,-47.98,48.52,-7.272638888888888,-59.33,1619,7.49537037037037,52.3846511627907,67.5925925925926,216
15,0.3,1.0,-0.3,2.0,2,7,True,3.49912037037037,3.04,0.8190370370370371,0.9195,-32.29,44.16,-7.579351851851852,-58.35,1732,8.018518518518519,57.940740740740736,66.66666666666666,216
15,0.75,1.0,-0.3,1.5,2,5,True,3.4987037037037036,2.6950000000000003,0.8457129629629629,0.794,-34.37,35.0,-6.807592592592592,-58.52,1395,6.458333333333333,53.24123222748816,67.12962962962963,216
15,0.75,1.0,-0.3,2.0,2,7,True,3.4823611111111115,3.255,0.8226851851851852,0.952,-43.68,44.85,-7.826203703703704,-62.75,1315,6.087962962962963,57.14575471698114,66.20370370370371,216
20,0.3,1.0,-0.3,1.5,2,5,True,3.4763888888888888,2.2750000000000004,0.8550277777777778,0.7055,-44.44,48.99,-7.100972222222222,-59.2,1881,8.708333333333334,52.97222222222222,67.5925925925926,216
20,0.75,1.0,0.0,1.5,2,7,True,3.47199074074074,2.74,0.8226990740740739,0.7535000000000001,-39.32,48.52,-7.394166666666666,-59.33,1410,6.527777777777778,51.48915094339623,67.12962962962963,216
20,0.75,1.0,0.3,1.5,2,5,True,3.4703703703703703,2.995,0.9201342592592593,0.9235,-41.0,48.99,-6.7260185185185195,-59.12,1447,6.699074074074074,54.70654205607477,68.98148148148148,216
15,0.75,1.0,-0.3,1.5,2,7,True,3.4567592592592593,2.83,0.7903703703703704,0.8405,-34.37,36.02,-7.235231481481482,-58.52,1375,6.3657407407407405,50.7739336492891,64.81481481481481,216
20,0.3,1.0,0.3,1.5,2,5,True,3.4199537037037038,3.05,0.9280972222222222,0.9405,-48.84,49.07,-6.647361111111111,-59.12,1903,8.810185185185185,58.2375,67.12962962962963,216
15,0.5,1.0,0.0,2.5,2,5,True,3.366157407407407,3.225,0.950763888888889,1.018,-32.54,37.55,-6.896805555555556,-58.31,1608,7.444444444444445,59.730232558139534,68.05555555555556,216
20,0.5,1.0,-0.3,1.5,2,7,True,3.358101851851852,2.78,0.8104490740740742,0.7615000000000001,-44.18,44.98,-7.486388888888889,-59.33,1615,7.476851851851852,50.50233644859813,66.66666666666666,216
20,0.3,1.0,0.0,1.5,2,7,True,3.3525000000000005,2.565,0.8065092592592593,0.7865,-49.57,48.52,-7.33587962962963,-59.33,1811,8.38425925925926,54.32037037037038,66.66666666666666,216
20,0.75,1.0,-0.3,1.5,2,7,True,3.32625,2.8099999999999996,0.7857453703703704,0.756,-35.52,44.98,-7.592824074074074,-59.33,1410,6.527777777777778,50.07440758293839,66.20370370370371,216
15,0.5,1.0,0.3,2.5,2,7,True,3.2872222222222223,3.4699999999999998,0.9670925925925926,1.0514999999999999,-30.03,45.62,-6.949490740740742,-58.1,1537,7.1157407407407405,65.08558139534883,68.05555555555556,216
15,0.75,1.0,0.0,2.5,2,5,True,3.2715740740740737,3.3200000000000003,0.9424861111111111,0.9595,-42.36,37.18,-7.183935185185185,-61.2,1345,6.226851851851852,60.919626168224305,67.5925925925926,216
20,0.3,1.0,-0.3,1.5,2,7,True,3.2418981481481484,2.625,0.7826064814814815,0.7715000000000001,-45.77,44.98,-7.534583333333334,-59.33,1805,8.356481481481481,51.85277777777778,65.74074074074075,216
20,0.3,1.0,0.0,2.5,3,7,True,3.239907407407407,2.7350000000000003,0.9152546296296296,1.039,-71.84,41.97,-5.572222222222222,-74.55,1316,6.092592592592593,64.62651162790698,72.22222222222221,216
20,0.5,1.0,0.3,1.5,2,7,True,3.239537037037037,2.645,0.8844907407407407,0.7795000000000001,-48.58,47.74,-6.92787037037037,-59.12,1626,7.527777777777778,56.52511627906978,66.66666666666666,216
15,0.3,1.0,0.0,2.5,2,5,True,3.2387962962962966,3.24,0.9290601851851853,0.999,-32.25,37.55,-6.9531018518518515,-58.31,1828,8.462962962962964,60.34675925925926,67.12962962962963,216
20,0.75,1.5,-0.3,2.0,2,7,True,3.2364351851851856,2.1399999999999997,0.7510324074074075,0.6755,-34.22,53.91,-7.005925925925927,-59.33,846,3.9166666666666665,59.9171568627451,66.66666666666666,216
20,0.5,1.0,0.0,2.5,3,7,True,3.236064814814815,2.815,0.9157083333333333,1.0925,-71.84,41.97,-5.566574074074073,-74.55,1139,5.273148148148148,62.80373831775701,71.75925925925925,216
20,0.75,1.5,0.0,2.0,2,7,True,3.2360185185185184,2.315,0.7762222222222221,0.705,-38.02,48.55,-6.781805555555555,-59.33,848,3.925925925925926,61.52439024390244,66.20370370370371,216
20,0.75,1.0,0.0,2.5,3,7,True,3.22125,2.94,0.8730231481481481,1.063,-63.19,41.53,-5.740555555555556,-73.97,967,4.476851851851852,61.61448598130841,69.44444444444444,216
20,0.5,1.5,0.0,2.0,2,7,True,3.2092592592592593,2.245,0.7971157407407409,0.6875,-46.68,48.14,-6.681064814814816,-59.33,1038,4.805555555555555,60.658685446009386,64.35185185185185,216
20,0.5,1.5,0.0,2.5,2,7,True,3.182453703703703,2.3,0.8487824074074075,0.7695000000000001,-58.76,48.14,-6.939027777777778,-68.74,1006,4.657407407407407,62.56556603773585,70.37037037037037,216
20,0.5,1.5,-0.3,2.0,2,7,True,3.1778240740740746,2.0949999999999998,0.777351851851852,0.688,-42.88,54.18,-6.918842592592593,-59.33,1032,4.777777777777778,58.754976303317534,65.74074074074075,216
15,0.5,1.0,0.0,2.0,2,5,True,3.1720370370370374,2.8049999999999997,0.8933194444444444,0.863,-33.38,36.93,-6.866666666666667,-58.31,1616,7.481481481481482,58.12102803738318,67.12962962962963,216
15,0.3,1.0,0.3,2.5,2,7,True,3.1597222222222223,3.225,0.9479166666666666,0.9390000000000001,-32.94,45.62,-7.029814814814815,-58.1,1743,8.069444444444445,66.13333333333333,68.51851851851852,216
15,0.5,1.0,0.0,1.5,2,5,True,3.1574999999999998,2.43,0.8447777777777777,0.7885,-28.42,37.31,-6.454212962962964,-58.31,1667,7.717592592592593,54.06197183098592,68.05555555555556,216
20,0.75,1.0,0.3,1.5,2,7,True,3.1504166666666666,2.5949999999999998,0.8588842592592593,0.8055000000000001,-42.33,47.74,-7.048935185185185,-59.12,1411,6.532407407407407,54.38732394366197,64.35185185185185,216
20,0.75,1.5,0.0,2.5,2,7,True,3.1279166666666667,2.375,0.808574074074074,0.771,-50.1,48.55,-7.102268518518519,-68.14,826,3.824074074074074,63.753431372549024,68.51851851851852,216
15,0.75,1.0,0.3,2.5,2,7,True,3.127546296296297,3.3449999999999998,0.952300925925926,1.0,-47.83,45.27,-7.2595370370370365,-60.83,1308,6.055555555555555,64.46401869158878,69.44444444444444,216
20,0.3,1.0,-0.3,2.5,3,7,True,3.127407407407407,2.7699999999999996,0.8775648148148147,0.9385,-71.84,41.66,-5.911666666666667,-74.55,1304,6.037037037037037,62.47476635514019,71.29629629629629,216
20,0.5,1.0,-0.3,2.5,3,7,True,3.1248611111111106,2.6550000000000002,0.872726851851852,0.9989999999999999,-71.84,41.66,-5.921712962962963,-74.55,1134,5.25,61.386792452830186,70.83333333333334,216
20,0.75,1.0,-0.3,2.5,3,7,True,3.1237962962962964,2.65,0.8313472222222221,0.9824999999999999,-63.19,41.53,-6.0710648148148145,-73.97,965,4.467592592592593,60.427014218009475,68.05555555555556,216
15,0.5,1.0,0.3,2.5,2,5,True,3.0971296296296296,3.3499999999999996,0.9547407407407407,1.047,-30.64,44.07,-6.582824074074074,-59.09,1618,7.4907407407407405,63.02418604651163,67.12962962962963,216
15,0.5,1.0,0.0,2.5,2,7,True,3.094074074074074,3.245,0.8540416666666667,1.0255,-32.06,39.1,-7.518287037037038,-57.77,1516,7.018518518518518,60.76064814814814,65.74074074074075,216
20,0.75,1.5,-0.3,2.5,2,7,True,3.090740740740741,2.285,0.7704305555555555,0.7095,-46.3,53.91,-7.342175925925925,-68.14,826,3.824074074074074,61.93990147783251,67.12962962962963,216
20,0.5,1.5,-0.3,2.5,2,7,True,3.084212962962963,2.145,0.807712962962963,0.711,-54.96,54.18,-7.199722222222222,-68.74,1001,4.6342592592592595,60.334597156398104,67.5925925925926,216
20,0.3,1.0,0.3,1.5,2,7,True,3.0802314814814817,2.59,0.8465046296296296,0.7745,-50.17,47.82,-6.988935185185186,-59.12,1831,8.476851851851851,58.149537037037035,65.27777777777779,216
15,0.3,1.0,0.0,1.5,2,5,True,3.0714351851851855,2.635,0.8248101851851851,0.777,-29.9,37.15,-6.498425925925926,-58.31,1900,8.796296296296296,55.076388888888886,68.05555555555556,216
15,0.5,1.0,0.3,1.5,2,7,True,3.0578703703703702,2.625,0.8499953703703704,0.753,-29.53,45.62,-6.356203703703704,-59.09,1630,7.546296296296297,56.81401869158878,67.12962962962963,216
15,0.75,1.0,0.3,2.5,2,5,True,3.0541203703703705,3.25,0.9542314814814815,0.963,-48.44,43.71,-6.850601851851852,-61.2,1349,6.24537037037037,63.04532710280374,67.12962962962963,216
15,0.75,1.0,0.0,2.0,2,5,True,3.052546296296296,2.875,0.8760509259259259,0.8554999999999999,-42.36,37.18,-7.157916666666666,-61.2,1353,6.263888888888889,58.781220657277004,66.66666666666666,216
15,0.3,1.0,0.0,2.0,2,5,True,3.0378240740740745,2.8,0.8731666666666668,0.853,-33.1,36.79,-6.925925925925926,-58.31,1842,8.527777777777779,58.81481481481482,66.20370370370371,216
20,0.75,1.0,-0.3,2.0,2,3,True,3.031435185185185,2.46,0.8044351851851851,0.718,-39.67,46.04,-6.807361111111111,-59.61,1472,6.814814814814815,56.51355140186915,67.12962962962963,216
20,0.75,1.0,0.0,2.0,2,3,True,3.0278703703703704,2.52,0.8103194444444445,0.7895000000000001,-39.67,46.04,-6.7487962962962955,-59.61,1472,6.814814814814815,56.76837209302325,67.5925925925926,216
20,0.5,1.0,0.0,2.0,3,7,True,3.011296296296296,2.625,0.8432037037037037,0.8634999999999999,-71.84,41.97,-5.59111111111111,-74.55,1148,5.314814814814815,61.42369668246445,69.9074074074074,216
15,0.5,1.0,0.3,2.0,2,7,True,3.0109722222222217,3.0,0.8902592592592592,0.787,-30.57,45.62,-6.895462962962963,-59.09,1559,7.217592592592593,62.335813953488376,68.05555555555556,216
15,0.5,1.0,0.0,1.5,2,7,True,3.0091203703703706,2.87,0.7728657407407407,0.857,-31.62,38.86,-6.8718518518518525,-58.31,1612,7.462962962962963,53.014485981308404,64.81481481481481,216
15,0.3,1.0,0.0,2.5,2,7,True,3.0036574074074074,3.0599999999999996,0.8418472222222222,0.912,-31.77,39.1,-7.557222222222223,-57.77,1713,7.930555555555555,62.149537037037035,64.35185185185185,216
20,0.75,1.0,0.0,2.0,3,7,True,3.00212962962963,2.635,0.8211064814814814,0.9575,-63.19,41.53,-5.744259259259259,-73.97,967,4.476851851851852,60.768571428571434,69.9074074074074,216
15,0.5,1.0,-0.3,2.5,3,7,True,3.000833333333333,2.475,0.8426666666666667,0.843,-54.31,39.28,-5.272638888888889,-56.38,1113,5.152777777777778,62.06333333333333,69.44444444444444,216
15,0.3,1.0,-0.3,2.5,3,7,True,2.9968055555555555,2.465,0.8716388888888889,0.8895,-54.31,38.72,-5.261157407407406,-56.38,1292,5.981481481481482,63.062910798122076,72.22222222222221,216
15,0.75,1.0,0.0,1.5,2,5,True,2.9927777777777775,2.49,0.8223101851851852,0.7404999999999999,-34.37,37.18,-6.72050925925926,-58.52,1393,6.449074074074074,54.48388625592417,66.66666666666666,216
15,0.3,1.0,0.3,2.5,2,5,True,2.9909259259259255,3.225,0.9359999999999999,1.0554999999999999,-32.23,44.07,-6.6393055555555565,-59.09,1846,8.546296296296296,63.88287037037038,67.12962962962963,216
20,0.75,2.0,-0.3,2.0,2,7,True,2.9882870370370367,2.11,0.7613101851851851,0.7355,-34.22,53.91,-6.6419907407407415,-59.33,716,3.314814814814815,62.98,67.12962962962963,216
15,0.3,1.0,0.3,1.5,2,7,True,2.9871296296296297,2.46,0.8280601851851851,0.7585,-31.01,45.62,-6.413333333333333,-59.09,1845,8.541666666666666,58.63287037037038,67.5925925925926,216
20,0.5,1.5,0.3,2.0,2,7,True,2.9833333333333325,2.55,0.8457500000000001,0.898,-47.28,55.99,-6.24699074074074,-59.12,1047,4.847222222222222,65.31596244131455,68.05555555555556,216
15,0.75,1.0,-0.3,2.5,3,7,True,2.97199074074074,2.52,0.8565416666666666,0.9769999999999999,-72.11,39.28,-5.4876851851851844,-72.53,931,4.310185185185185,63.37718446601942,70.37037037037037,216
15,0.5,1.0,-0.3,2.0,3,7,True,2.967870370370371,2.575,0.864199074074074,1.0095,-54.31,39.28,-5.111620370370371,-56.38,1123,5.199074074074074,60.15952380952381,69.9074074074074,216
20,0.75,2.0,0.0,2.0,2,7,True,2.9676851851851853,2.135,0.781199074074074,0.765,-38.02,48.55,-6.443518518518518,-59.33,718,3.324074074074074,64.42376237623762,65.74074074074075,216
20,0.75,1.0,0.3,2.0,2,3,True,2.9658333333333333,2.3049999999999997,0.8452453703703704,0.788,-42.68,46.04,-6.494212962962963,-59.12,1475,6.828703703703703,58.31674418604651,68.05555555555556,216
20,0.75,1.5,0.3,2.0,2,7,True,2.9650462962962965,2.675,0.8162407407407407,0.959,-41.03,55.8,-6.350972222222222,-59.12,851,3.939814814814815,64.6266990291262,67.12962962962963,216
15,0.3,1.0,-0.3,2.0,3,7,True,2.963194444444444,2.545,0.8855092592592593,1.0105,-54.31,38.72,-5.096296296296296,-56.38,1302,6.027777777777778,60.92112676056338,71.75925925925925,216
20,0.3,1.0,0.0,2.0,3,7,True,2.9590740740740746,2.55,0.8317592592592592,0.901,-71.84,41.97,-5.634212962962964,-74.55,1331,6.162037037037037,62.871830985915494,69.44444444444444,216
20,0.5,1.5,0.3,2.5,2,7,True,2.9552314814814813,2.55,0.9023564814814814,0.9425,-59.36,55.99,-6.510092592592593,-68.74,1017,4.708333333333333,66.90140845070422,72.22222222222221,216
15,0.75,1.0,-0.3,2.0,3,7,True,2.9506481481481477,2.7,0.8744999999999999,1.015,-72.11,39.28,-5.31287037037037,-72.53,939,4.347222222222222,61.238647342995165,69.44444444444444,216
20,0.5,2.0,0.0,2.0,2,7,True,2.940925925925926,2.06,0.8149444444444444,0.863,-46.68,48.14,-6.323796296296297,-59.33,908,4.203703703703703,63.10947867298578,64.35185185185185,216
15,0.3,1.0,0.0,1.5,2,7,True,2.940740740740741,2.9000000000000004,0.7502407407407407,0.829,-31.62,38.7,-6.917962962962963,-58.31,1823,8.439814814814815,54.625462962962956,64.35185185185185,216
15,0.75,1.0,0.3,1.5,2,7,True,2.9394444444444443,2.45,0.8379027777777778,0.7464999999999999,-40.45,45.27,-6.585833333333333,-59.26,1381,6.393518518518518,56.03254716981133,66.20370370370371,216
15,0.75,1.0,0.0,2.5,2,7,True,2.9349074074074073,3.115,0.8449259259259259,0.9954999999999999,-43.68,38.73,-7.855972222222222,-62.75,1298,6.0092592592592595,60.4214953271028,65.74074074074075,216
20,0.5,2.0,-0.3,2.0,2,7,True,2.9296759259259257,2.09,0.7983935185185186,0.7355,-42.88,54.18,-6.53388888888889,-59.33,902,4.175925925925926,61.301923076923075,65.74074074074075,216
20,0.3,1.5,0.0,2.5,2,7,True,2.924861111111111,2.1399999999999997,0.8318148148148148,0.805,-60.35,48.14,-6.957175925925926,-68.74,1188,5.5,64.15555555555555,66.66666666666666,216
20,0.75,1.0,-0.3,2.0,3,7,True,2.92074074074074,2.535,0.7833842592592591,0.9504999999999999,-63.19,41.53,-6.061111111111111,-73.97,967,4.476851851851852,59.6024154589372,68.98148148148148,216
15,0.5,1.0,0.3,1.5,2,5,True,2.9177314814814816,2.3049999999999997,0.8437037037037037,0.7545,-29.53,44.07,-6.167361111111112,-59.09,1675,7.75462962962963,56.70794392523364,68.05555555555556,216
20,0.3,1.5,-0.3,2.0,2,7,True,2.9170833333333337,1.92,0.7542314814814816,0.6715,-44.47,54.18,-6.946296296296297,-59.33,1215,5.625,59.52407407407408,65.74074074074075,216
20,0.3,1.5,0.0,2.0,2,7,True,2.907777777777778,1.94,0.7676018518518518,0.6745000000000001,-48.27,48.14,-6.730231481481481,-59.33,1225,5.671296296296297,62.345370370370375,63.888888888888886,216
15,0.3,1.0,0.3,2.0,2,7,True,2.906481481481481,3.005,0.8744537037037036,0.8095000000000001,-31.62,45.62,-6.961111111111112,-59.09,1767,8.180555555555555,63.795370370370364,68.05555555555556,216
20,0.5,1.0,-0.3,2.0,3,7,True,2.905694444444444,2.645,0.8033935185185185,0.885,-71.84,41.66,-5.93412037037037,-74.55,1145,5.300925925925926,60.02966507177034,70.37037037037037,216
15,0.75,1.0,0.3,2.0,2,7,True,2.9025925925925926,2.875,0.882736111111111,0.74,-47.83,45.27,-7.158333333333333,-60.83,1323,6.125,62.093896713615024,67.12962962962963,216
15,0.5,1.0,0.0,2.0,2,7,True,2.896759259259259,2.96,0.7898101851851851,0.8025,-32.9,38.48,-7.456898148148146,-58.31,1537,7.1157407407407405,58.243981481481484,64.35185185185185,216
20,0.3,1.0,-0.3,2.0,3,7,True,2.889675925925926,2.74,0.8049444444444445,0.935,-71.84,41.66,-5.958935185185186,-74.55,1319,6.106481481481482,60.79905660377359,69.44444444444444,216
15,0.5,1.0,0.3,2.0,2,5,True,2.8807407407407406,2.915,0.8941898148148149,0.9975,-30.64,44.07,-6.5600000000000005,-59.09,1626,7.527777777777778,60.95813953488372,66.20370370370371,216
20,0.5,2.0,0.0,2.5,2,7,True,2.868564814814815,2.075,0.8433194444444444,0.863,-58.76,48.14,-6.577083333333333,-68.74,878,4.064814814814815,64.49380952380952,66.66666666666666,216
20,0.3,1.5,-0.3,2.5,2,7,True,2.867268518518518,2.0599999999999996,0.7967175925925927,0.7875000000000001,-56.55,54.18,-7.197546296296297,-68.74,1179,5.458333333333333,61.33287037037038,66.20370370370371,216
20,0.3,1.0,0.0,2.0,2,3,True,2.8653240740740746,2.385,0.8058194444444445,0.7785,-48.9,46.16,-6.810787037037038,-59.61,2030,9.398148148148149,58.19166666666667,66.66666666666666,216
20,0.3,1.0,-0.3,2.0,2,3,True,2.8588888888888886,2.225,0.7984907407407408,0.719,-48.9,46.16,-6.861527777777777,-59.61,2024,9.37037037037037,56.791627906976736,66.20370370370371,216
20,0.5,1.0,0.0,2.0,2,3,True,2.8559259259259258,2.255,0.7999768518518517,0.7195,-48.33,46.04,-6.780555555555555,-59.61,1756,8.12962962962963,57.43101851851852,67.12962962962963,216
20,0.5,1.0,-0.3,2.0,2,3,True,2.8536574074074075,2.24,0.7945138888888889,0.712,-48.33,46.04,-6.838009259259259,-59.61,1752,8.11111111111111,56.97860465116279,65.74074074074075,216
20,0.75,1.5,0.3,2.5,2,7,True,2.8513425925925926,2.8499999999999996,0.853125,0.988,-53.11,55.8,-6.681805555555555,-68.14,831,3.8472222222222223,67.08676470588236,69.9074074074074,216
15,0.3,1.0,0.3,1.5,2,5,True,2.8413888888888885,2.13,0.823486111111111,0.755,-31.01,44.07,-6.208564814814816,-59.09,1914,8.86111111111111,58.28055555555556,67.5925925925926,216
15,0.75,1.0,0.0,1.5,2,7,True,2.837037037037037,2.64,0.7597037037037038,0.785,-34.37,38.73,-7.156342592592592,-58.52,1373,6.356481481481482,52.38672985781991,63.42592592592593,216
20,0.75,1.0,-0.3,2.5,2,3,True,2.8349999999999995,2.59,0.8043518518518519,0.8594999999999999,-51.75,46.04,-7.12273148148148,-69.79,1462,6.768518518518518,56.96869158878504,68.51851851851852,216
20,0.5,2.0,-0.3,2.5,2,7,True,2.8333796296296296,2.035,0.8086111111111111,0.694,-54.96,54.18,-6.805648148148148,-68.74,872,4.037037037037037,62.2244019138756,68.05555555555556,216
20,0.75,1.0,0.0,2.5,2,3,True,2.831342592592592,2.62,0.8104583333333332,0.871,-51.75,46.04,-7.0676851851851845,-69.79,1462,6.768518518518518,57.221395348837206,69.9074074074074,216
20,0.75,1.0,0.3,2.5,3,7,True,2.828101851851852,2.855,0.9107685185185185,1.077,-66.01,41.14,-5.563194444444445,-73.83,971,4.49537037037037,64.45093457943925,69.44444444444444,216
15,0.75,1.0,0.3,2.0,2,5,True,2.8175925925925926,2.9050000000000002,0.8823750000000001,0.838,-48.44,43.71,-6.828287037037036,-61.2,1357,6.282407407407407,60.937558685446014,65.74074074074075,216
20,0.5,1.0,0.3,2.0,2,3,True,2.817407407407407,2.29,0.8349398148148148,0.7825,-48.93,46.04,-6.53550925925926,-59.12,1763,8.162037037037036,59.18101851851851,67.12962962962963,216
15,0.75,1.0,0.3,1.5,2,5,True,2.816851851851852,2.375,0.8282638888888889,0.7464999999999999,-40.45,43.71,-6.404398148148148,-59.26,1397,6.467592592592593,56.33490566037736,67.12962962962963,216
20,0.75,1.0,0.0,2.5,3,5,True,2.8143981481481486,2.675,0.8161388888888889,0.9239999999999999,-60.85,34.84,-5.463796296296295,-72.33,1008,4.666666666666667,58.90142180094787,67.5925925925926,216
20,0.75,2.0,0.0,2.5,2,7,True,2.806064814814815,2.165,0.7926111111111112,0.8035,-50.1,48.55,-6.76412037037037,-68.14,698,3.2314814814814814,66.0490099009901,66.20370370370371,216
20,0.5,1.0,0.0,2.5,3,5,True,2.805277777777778,2.6550000000000002,0.8477407407407408,1.0415,-69.51,34.84,-5.300509259259259,-72.9,1220,5.648148148148148,60.63990610328638,67.5925925925926,216
20,0.3,1.0,0.3,2.0,2,3,True,2.8035185185185183,2.3499999999999996,0.8355324074074074,0.8815,-49.5,46.33,-6.58462962962963,-59.12,2046,9.472222222222221,60.12592592592593,66.66666666666666,216
20,0.75,2.0,-0.3,2.5,2,7,True,2.7977777777777777,2.11,0.7588888888888888,0.7075,-46.3,53.91,-6.96550925925926,-68.14,698,3.2314814814814814,64.3965,67.5925925925926,216
15,0.3,1.0,0.0,2.0,2,7,True,2.795509259259259,2.895,0.7750462962962963,0.8385,-32.62,38.34,-7.49763888888889,-58.31,1739,8.050925925925926,60.00231481481482,64.35185185185185,216
20,0.3,1.0,0.3,2.5,3,7,True,2.7918518518518516,2.87,0.9183240740740741,1.0665,-72.25,41.35,-5.438101851851853,-74.42,1343,6.217592592592593,68.46511627906976,71.29629629629629,216
20,0.75,1.0,0.3,2.5,2,3,True,2.774398148148148,2.5149999999999997,0.8489120370370371,0.972,-54.76,46.04,-6.819305555555554,-69.79,1465,6.782407407407407,58.8506976744186,70.37037037037037,216
15,0.3,1.0,0.3,2.0,2,5,True,2.7733796296296296,2.915,0.8768101851851852,0.9359999999999999,-32.23,44.07,-6.614305555555556,-59.09,1858,8.601851851851851,62.15555555555555,66.66666666666666,216
20,0.5,1.0,0.3,2.5,3,7,True,2.757268518518518,2.855,0.9176481481481481,1.028,-72.25,41.35,-5.438888888888889,-74.42,1151,5.328703703703703,66.36168224299067,71.29629629629629,216
15,0.75,1.0,0.0,2.0,2,7,True,2.7427777777777775,2.915,0.7840509259259258,0.779,-43.68,38.73,-7.77277777777778,-62.75,1313,6.078703703703703,58.39811320754717,63.888888888888886,216
20,0.75,1.0,0.0,2.0,3,5,True,2.7309722222222224,2.535,0.7856388888888889,0.887,-60.85,34.84,-5.425138888888888,-72.33,1008,4.666666666666667,58.19380952380953,66.20370370370371,216
20,0.3,1.5,0.3,2.5,2,7,True,2.727407407407407,2.525,0.878074074074074,0.9145,-60.95,55.99,-6.539583333333332,-68.92,1212,5.611111111111111,68.11574074074075,70.83333333333334,216
20,0.3,1.0,0.0,2.5,3,5,True,2.723564814814815,2.31,0.8330601851851851,0.944,-69.51,32.78,-5.285277777777777,-72.9,1405,6.50462962962963,61.252558139534884,67.5925925925926,216
15,0.3,1.0,-0.3,1.5,3,7,True,2.721759259259259,2.46,0.7792824074074074,0.9495,-33.97,38.72,-4.837407407407408,-35.51,1333,6.171296296296297,56.01374407582939,68.05555555555556,216
20,0.5,1.5,0.3,2.0,2,5,True,2.720509259259259,2.075,0.8307083333333333,0.878,-47.28,55.99,-6.008703703703703,-59.12,1126,5.212962962962963,64.54929577464789,68.98148148148148,216
20,0.75,1.5,0.3,2.0,2,5,True,2.7179166666666665,2.16,0.8073888888888888,0.9544999999999999,-41.03,55.8,-6.091435185185185,-59.12,887,4.106481481481482,64.27864077669904,67.12962962962963,216
20,0.3,1.5,0.3,2.0,2,7,True,2.7111574074074074,2.205,0.8075787037037037,0.888,-48.87,55.99,-6.300787037037037,-59.12,1247,5.773148148148148,66.35324074074073,67.12962962962963,216
20,0.5,1.0,0.0,2.0,3,5,True,2.702870370370371,2.5949999999999998,0.7964629629629629,1.0085,-69.51,34.84,-5.277453703703704,-72.9,1222,5.657407407407407,59.73396226415095,65.74074074074075,216
15,0.5,1.0,-0.3,1.5,3,7,True,2.691805555555556,2.38,0.761125,0.9909999999999999,-33.97,39.28,-4.8408796296296295,-35.51,1149,5.319444444444445,55.349999999999994,67.12962962962963,216
20,0.3,1.0,0.0,2.5,2,3,True,2.6868518518518516,2.58,0.814037037037037,0.8554999999999999,-60.98,46.16,-7.120972222222223,-70.39,2017,9.337962962962964,58.70231481481482,67.12962962962963,216
20,0.5,2.0,0.3,2.0,2,7,True,2.6862962962962964,2.4299999999999997,0.8525648148148148,0.9515,-47.28,55.99,-5.857916666666666,-59.12,917,4.24537037037037,67.68104265402845,66.66666666666666,216
20,0.3,1.0,-0.3,2.5,2,3,True,2.680462962962963,2.455,0.8060787037037037,0.8554999999999999,-60.98,46.16,-7.168935185185187,-70.39,2011,9.310185185185185,57.306046511627905,66.20370370370371,216
20,0.3,2.0,-0.3,2.0,2,7,True,2.6689351851851852,1.855,0.7935787037037038,0.817,-44.47,54.18,-6.569953703703704,-59.33,1085,5.023148148148148,61.962500000000006,66.66666666666666,216
20,0.75,2.0,0.3,2.0,2,7,True,2.668009259259259,2.3449999999999998,0.8105416666666666,1.004,-41.03,55.8,-5.980740740740742,-59.12,721,3.337962962962963,67.1593137254902,64.81481481481481,216
15,0.75,1.0,-0.3,1.5,3,7,True,2.663935185185185,2.4699999999999998,0.7675092592592592,0.9794999999999999,-51.77,39.28,-5.017685185185186,-51.87,959,4.439814814814815,56.128292682926826,67.5925925925926,216
20,0.5,1.0,0.0,2.5,2,3,True,2.6618981481481483,2.55,0.8043703703703704,0.855,-60.41,46.04,-7.100601851851852,-70.39,1747,8.087962962962964,57.83518518518518,68.05555555555556,216
20,0.75,1.5,0.0,2.0,2,5,True,2.661064814814815,1.8250000000000002,0.7055046296296296,0.734,-38.02,47.94,-6.5754166666666665,-59.2,883,4.087962962962963,61.0,64.35185185185185,216
20,0.5,1.0,-0.3,2.5,2,3,True,2.659675925925926,2.37,0.7982083333333334,0.8220000000000001,-60.41,46.04,-7.156203703703703,-70.39,1743,8.069444444444445,57.38465116279069,67.12962962962963,216
15,0.5,1.0,-0.3,2.5,3,5,True,2.6543981481481485,2.265,0.8550462962962962,1.066,-51.98,31.04,-4.704861111111111,-54.72,1167,5.402777777777778,60.20048076923077,68.05555555555556,216
20,0.5,1.0,0.0,1.5,3,5,True,2.6505555555555556,2.715,0.7041111111111111,0.9715,-51.5,35.74,-4.870138888888888,-54.58,1268,5.87037037037037,56.08571428571429,66.66666666666666,216
15,0.5,1.0,-0.3,2.0,3,5,True,2.646851851851852,2.315,0.8651851851851852,1.104,-51.98,31.04,-4.543564814814815,-54.72,1173,5.430555555555555,58.55619047619047,70.37037037037037,216
20,0.75,1.0,-0.3,2.5,3,5,True,2.644722222222222,2.62,0.7777037037037036,0.873,-60.85,34.84,-5.6825,-72.33,1006,4.657407407407407,57.71469194312796,65.74074074074075,216
20,0.75,1.0,0.0,1.5,3,5,True,2.6438888888888887,2.66,0.6724583333333334,0.887,-42.84,35.74,-5.02037037037037,-53.99,1054,4.87962962962963,54.64757281553398,67.12962962962963,216
20,0.3,2.0,0.0,2.0,2,7,True,2.6394444444444445,1.7,0.8001620370370369,0.8095,-48.27,48.14,-6.382268518518519,-59.33,1095,5.069444444444445,64.97083333333333,64.35185185185185,216
15,0.3,1.0,-0.3,2.5,3,5,True,2.6326388888888888,2.24,0.8642222222222221,1.0739999999999998,-51.98,31.04,-4.726481481481482,-54.72,1379,6.3842592592592595,60.32452830188679,71.29629629629629,216
20,0.5,2.0,0.3,2.5,2,7,True,2.6293981481481477,2.56,0.8954583333333332,1.019,-59.36,55.99,-6.120972222222223,-68.74,889,4.1157407407407405,68.91137440758294,68.05555555555556,216
20,0.5,1.0,0.3,2.5,2,3,True,2.6283796296296296,2.4400000000000004,0.8434027777777778,0.9165000000000001,-61.01,46.04,-6.859444444444444,-70.39,1754,8.12037037037037,59.65648148148148,69.44444444444444,216
20,0.3,1.0,0.3,2.5,2,3,True,2.628240740740741,2.42,0.8464259259259258,0.9015,-61.58,46.33,-6.9027314814814815,-70.39,2033,9.412037037037036,60.69259259259258,68.51851851851852,216
20,0.5,1.5,0.0,2.0,2,5,True,2.6274074074074076,1.835,0.7230277777777778,0.6915,-46.68,48.14,-6.490185185185186,-59.2,1118,5.175925925925926,60.165258215962446,64.35185185185185,216
15,0.3,1.0,-0.3,2.0,3,5,True,2.621759259259259,2.24,0.8696018518518519,1.094,-51.98,31.04,-4.560694444444445,-54.72,1385,6.412037037037037,59.0755868544601,73.61111111111111,216
15,0.75,1.0,-0.3,2.0,3,5,True,2.6153240740740746,2.465,0.8638981481481481,1.0635,-69.78,30.62,-4.7623148148148156,-70.64,953,4.412037037037037,61.06341463414634,71.75925925925925,216
20,0.3,2.0,-0.3,2.5,2,7,True,2.614861111111111,1.9249999999999998,0.8214768518518518,0.7885,-56.55,54.18,-6.819259259259259,-68.74,1050,4.861111111111111,63.70925925925926,68.05555555555556,216
20,0.3,2.0,0.0,2.5,2,7,True,2.609398148148148,1.85,0.8465787037037037,0.903,-60.35,48.14,-6.608425925925927,-68.74,1060,4.907407407407407,66.56435185185185,66.66666666666666,216
20,0.75,1.0,0.3,2.0,3,7,True,2.6008796296296293,2.52,0.8510972222222222,1.045,-66.01,41.14,-5.580092592592593,-73.83,971,4.49537037037037,63.65904761904763,68.51851851851852,216
20,0.5,1.0,-0.3,2.5,3,5,True,2.5995833333333334,2.665,0.8053703703703703,1.063,-69.51,34.84,-5.522731481481482,-72.9,1218,5.638888888888889,58.90422535211267,66.66666666666666,216
20,0.3,1.5,0.3,2.0,2,5,True,2.5973611111111117,2.02,0.8247175925925926,0.857,-48.87,55.99,-6.05648148148148,-59.12,1334,6.175925925925926,64.99074074074075,67.5925925925926,216
20,0.75,1.0,-0.3,2.0,3,5,True,2.597361111111111,2.5250000000000004,0.7550416666666666,0.887,-60.85,34.84,-5.627731481481482,-72.33,1008,4.666666666666667,57.06476190476191,64.81481481481481,216
20,0.3,1.0,0.0,2.0,3,5,True,2.5801851851851856,2.3049999999999997,0.7770000000000001,0.8835,-69.51,32.78,-5.294907407407408,-72.9,1409,6.523148148148148,60.34953271028037,66.20370370370371,216
15,0.75,1.0,-0.3,2.5,3,5,True,2.5785185185185187,2.24,0.8475833333333335,0.9955,-69.78,30.62,-4.959722222222222,-70.64,947,4.3842592592592595,62.5990243902439,70.37037037037037,216
20,0.3,1.0,-0.3,2.5,3,5,True,2.560555555555556,2.225,0.8066712962962962,0.9415,-69.51,32.78,-5.4948148148148155,-72.9,1397,6.467592592592593,59.34976744186047,66.20370370370371,216
15,0.3,1.0,-0.3,1.5,3,5,True,2.5578703703703702,2.315,0.8048287037037037,1.034,-33.97,27.56,-4.354074074074074,-35.51,1407,6.513888888888889,55.71981132075471,70.37037037037037,216
20,0.75,1.5,-0.3,2.0,2,5,True,2.5528240740740737,1.8,0.6810046296296297,0.6365000000000001,-34.22,47.94,-6.745046296296295,-59.2,881,4.078703703703703,59.672277227722766,63.888888888888886,216
15,0.5,1.0,-0.3,1.5,3,5,True,2.551481481481481,2.3200000000000003,0.786212962962963,1.104,-33.97,26.98,-4.339722222222222,-35.51,1195,5.532407407407407,55.155502392344495,67.5925925925926,216
20,0.5,1.0,0.3,2.0,3,7,True,2.542453703703704,2.585,0.8432638888888888,0.878,-72.25,41.35,-5.46787037037037,-74.42,1160,5.37037037037037,65.03270142180095,69.44444444444444,216
20,0.75,1.0,0.3,2.5,3,5,True,2.540509259259259,2.755,0.8352314814814815,0.917,-66.01,34.84,-5.2843981481481475,-73.83,1012,4.685185185185185,61.13175355450237,67.12962962962963,216
20,0.5,1.0,-0.3,2.0,3,5,True,2.5332870370370375,2.665,0.763,1.0234999999999999,-69.51,34.84,-5.482638888888889,-72.9,1222,5.657407407407407,58.03915094339622,65.27777777777779,216
20,0.3,1.0,0.0,1.5,3,5,True,2.5302314814814815,2.3049999999999997,0.6913333333333332,0.874,-51.5,33.68,-4.877037037037037,-54.58,1461,6.763888888888889,57.033802816901414,66.20370370370371,216
20,0.5,1.5,0.3,2.5,2,5,True,2.5260648148148146,2.225,0.8642453703703703,0.9245,-59.36,55.99,-6.351527777777777,-68.74,1107,5.125,65.9112676056338,71.29629629629629,216
15,0.75,1.0,-0.3,1.5,3,5,True,2.5255092592592594,2.0700000000000003,0.7822824074074075,1.024,-51.77,26.39,-4.540324074074074,-51.87,973,4.50462962962963,56.87170731707317,68.98148148148148,216
20,0.75,2.0,0.3,2.5,2,7,True,2.52125,2.575,0.8365648148148148,1.025,-53.11,55.8,-6.3160185185185185,-68.14,703,3.2546296296296298,69.47128712871287,66.66666666666666,216
20,0.3,1.0,0.3,2.0,3,7,True,2.516574074074074,2.4800000000000004,0.8346805555555555,0.938,-72.25,41.35,-5.4962037037037055,-74.42,1358,6.287037037037037,66.63990610328639,69.9074074074074,216
20,0.3,1.5,0.0,2.0,2,5,True,2.511759259259259,1.6949999999999998,0.7204259259259259,0.712,-48.27,48.14,-6.542592592592593,-59.2,1315,6.087962962962963,60.60231481481482,62.5,216
20,0.5,1.5,-0.3,2.0,2,5,True,2.510787037037037,1.78,0.7088009259259259,0.6114999999999999,-42.88,48.21,-6.667453703703704,-59.2,1114,5.157407407407407,58.68666666666667,64.35185185185185,216
20,0.75,1.0,-0.3,1.5,3,5,True,2.507222222222222,2.37,0.6536064814814815,0.899,-42.84,35.74,-5.204953703703704,-53.99,1052,4.87037037037037,53.40582524271845,66.66666666666666,216
20,0.5,1.0,-0.3,1.5,3,5,True,2.4968055555555555,2.715,0.6876574074074073,1.0015,-51.5,35.74,-5.052314814814816,-54.58,1264,5.851851851851852,54.458571428571425,65.74074074074075,216
20,0.75,1.0,0.0,1.5,2,3,True,2.4968055555555555,2.19,0.7195601851851853,0.6385000000000001,-39.67,47.29,-6.693333333333333,-59.61,1517,7.023148148148148,53.51915887850467,66.66666666666666,216
20,0.75,1.5,0.3,2.5,2,5,True,2.4894444444444446,2.3449999999999998,0.8189861111111112,0.9544999999999999,-53.11,55.8,-6.456435185185186,-68.14,876,4.055555555555555,66.00195121951221,68.98148148148148,216
20,0.75,1.0,-0.3,1.5,2,3,True,2.486064814814815,2.19,0.7096805555555555,0.6385000000000001,-39.67,47.29,-6.761620370370371,-59.61,1517,7.023148148148148,53.24835680751173,65.27777777777779,216
20,0.75,1.0,0.3,1.5,2,3,True,2.4847685185185187,2.185,0.762574074074074,0.7155,-42.68,47.29,-6.401666666666666,-59.12,1520,7.037037037037037,54.88883720930233,65.74074074074075,216
20,0.5,1.5,-0.3,1.5,2,7,True,2.4806944444444445,1.66,0.7245879629629629,0.692,-42.88,44.63,-6.604074074074074,-59.33,1122,5.194444444444445,53.71327014218009,67.12962962962963,216
20,0.5,1.0,0.3,2.5,3,5,True,2.468518518518519,3.0199999999999996,0.840861111111111,1.0135,-72.25,34.84,-5.158981481481482,-74.42,1232,5.703703703703703,63.599530516431926,67.12962962962963,216
20,0.5,1.5,0.0,1.5,2,5,True,2.4683333333333333,1.8900000000000001,0.7407314814814815,0.8240000000000001,-46.68,40.58,-6.1375925925925925,-59.2,1174,5.435185185185185,57.1127962085308,65.74074074074075,216
20,0.5,1.0,0.0,1.5,3,7,True,2.4632407407407406,2.06,0.6718796296296297,0.781,-51.5,35.51,-5.315972222222222,-54.58,1221,5.652777777777778,56.13205741626795,66.66666666666666,216
20,0.3,1.0,0.3,2.5,3,5,True,2.461064814814815,2.465,0.8425138888888889,0.9935,-72.25,34.92,-5.1301851851851845,-74.42,1427,6.606481481481482,65.22418604651163,68.05555555555556,216
20,0.75,1.0,0.3,2.0,3,5,True,2.457037037037037,2.755,0.8035324074074074,0.97,-66.01,34.84,-5.256620370370371,-73.83,1012,4.685185185185185,60.4347619047619,66.66666666666666,216
20,0.3,1.0,-0.3,2.0,3,5,True,2.4546296296296295,2.27,0.76125,0.8694999999999999,-69.51,32.78,-5.486064814814815,-72.9,1403,6.49537037037037,58.47943925233645,66.20370370370371,216
20,0.75,1.5,-0.3,1.5,2,7,True,2.4482870370370367,1.725,0.6726898148148147,0.6345000000000001,-34.22,44.36,-6.711990740740741,-59.33,917,4.24537037037037,54.43811881188119,65.74074074074075,216
20,0.75,1.5,0.0,2.5,2,5,True,2.4455092592592593,1.85,0.7199351851851852,0.722,-50.1,47.94,-6.933101851851853,-68.14,870,4.027777777777778,62.567647058823525,68.05555555555556,216
20,0.3,1.5,0.3,2.5,2,5,True,2.444398148148148,2.145,0.8692268518518518,0.895,-60.95,55.99,-6.386435185185185,-68.92,1317,6.097222222222222,66.25509259259259,69.9074074074074,216
20,0.5,1.5,0.0,2.5,2,5,True,2.442361111111111,1.875,0.7587453703703704,0.726,-58.76,48.14,-6.82375,-68.74,1097,5.078703703703703,61.83632075471698,68.05555555555556,216
20,0.75,1.5,0.0,1.5,2,5,True,2.4382407407407407,1.85,0.7081666666666666,0.7464999999999999,-38.02,40.38,-6.238981481481481,-59.2,938,4.342592592592593,57.118811881188115,64.81481481481481,216
20,0.5,1.5,0.0,1.5,2,7,True,2.4358796296296297,1.85,0.7252592592592593,0.708,-46.68,40.58,-6.418842592592593,-59.33,1128,5.222222222222222,55.67028301886792,65.27777777777779,216
20,0.3,1.5,-0.3,2.0,2,5,True,2.422546296296296,1.725,0.7112083333333333,0.712,-44.47,48.21,-6.7007870370370375,-59.2,1309,6.060185185185185,57.97627906976743,63.42592592592593,216
20,0.3,1.0,-0.3,1.5,3,5,True,2.4196296296296294,2.565,0.6922037037037038,0.884,-51.5,33.68,-5.045648148148149,-54.58,1451,6.717592592592593,55.218779342723,66.66666666666666,216
20,0.75,1.0,0.0,1.5,3,7,True,2.4174537037037034,1.745,0.6348240740740742,0.801,-42.84,35.51,-5.4561574074074075,-53.99,1029,4.763888888888889,54.999029126213586,66.66666666666666,216
20,0.3,1.0,0.0,1.5,3,7,True,2.415,1.9300000000000002,0.6728564814814815,0.761,-51.5,35.51,-5.351944444444444,-54.58,1409,6.523148148148148,57.45399061032864,66.20370370370371,216
20,0.3,2.0,0.3,2.0,2,7,True,2.4141203703703704,2.035,0.831388888888889,1.0025,-48.87,55.99,-5.916203703703703,-59.12,1117,5.171296296296297,68.77685185185184,66.66666666666666,216
15,0.5,1.5,-0.3,2.5,2,7,True,2.401944444444444,1.94,0.7157222222222223,0.8365,-35.46,34.44,-6.7703240740740736,-57.8,1016,4.703703703703703,62.01933962264151,63.888888888888886,216
20,0.3,2.0,0.3,2.5,2,7,True,2.401574074074074,2.38,0.8930787037037036,1.0745,-60.95,55.99,-6.152592592592593,-68.92,1084,5.018518518518518,70.48935185185185,69.44444444444444,216
20,0.5,1.0,-0.3,1.5,3,7,True,2.3984259259259257,2.36,0.6475416666666667,0.9285000000000001,-51.5,40.48,-5.590324074074073,-54.58,1216,5.62962962962963,54.30821256038647,65.74074074074075,216
20,0.75,1.5,0.0,1.5,2,7,True,2.397685185185185,1.7,0.6870231481481481,0.6515,-38.02,40.38,-6.534351851851852,-59.33,919,4.25462962962963,55.79359605911329,65.27777777777779,216
20,0.5,1.5,-0.3,1.5,2,5,True,2.3937500000000003,1.775,0.7306666666666667,0.7030000000000001,-42.88,44.63,-6.293101851851851,-59.2,1170,5.416666666666667,55.35358851674642,65.27777777777779,216
15,0.5,1.0,0.0,2.5,3,7,True,2.393611111111111,2.17,0.7655555555555554,0.843,-51.98,38.89,-5.180185185185185,-54.72,1117,5.171296296296297,63.11327014218009,67.12962962962963,216
15,0.5,1.0,0.3,2.5,3,7,True,2.3930555555555553,2.01,0.8854490740740741,0.9884999999999999,-51.98,40.04,-4.690555555555555,-54.72,1131,5.236111111111111,69.68809523809524,68.51851851851852,216
20,0.5,2.0,0.3,2.0,2,5,True,2.390787037037037,1.85,0.799800925925926,0.8180000000000001,-47.28,55.99,-5.739259259259258,-59.12,996,4.611111111111111,66.4,66.20370370370371,216
20,0.75,2.0,0.3,2.0,2,5,True,2.388194444444444,1.78,0.7668611111111112,0.7815000000000001,-41.03,55.8,-5.819907407407407,-59.12,757,3.5046296296296298,66.24460784313726,63.888888888888886,216
15,0.5,1.5,-0.3,1.5,2,7,True,2.3860185185185183,1.85,0.697425925925926,0.776,-32.36,34.44,-6.102083333333333,-58.35,1081,5.00462962962963,54.79856459330144,65.27777777777779,216
20,0.5,1.0,0.3,2.0,3,5,True,2.385046296296297,2.9749999999999996,0.7941990740740741,1.0255,-72.25,34.84,-5.1392592592592585,-74.42,1234,5.712962962962963,62.70754716981132,65.74074074074075,216
20,0.3,1.0,-0.3,1.5,3,7,True,2.384583333333333,2.355,0.661449074074074,0.899,-51.5,40.48,-5.609675925925926,-54.58,1395,6.458333333333333,55.06084905660378,65.74074074074075,216
20,0.5,1.5,0.3,1.5,2,5,True,2.380462962962963,2.315,0.8146157407407407,1.029,-47.28,48.43,-5.781203703703704,-59.12,1182,5.472222222222222,60.4622641509434,68.51851851851852,216
15,0.3,1.0,0.3,2.5,3,7,True,2.379074074074074,1.9649999999999999,0.8935833333333334,0.904,-51.98,40.25,-4.695138888888889,-54.72,1330,6.157407407407407,69.7990566037736,69.9074074074074,216
20,0.3,1.5,0.0,2.5,2,5,True,2.3787499999999997,1.83,0.7690648148148148,0.787,-60.35,48.14,-6.863564814814815,-68.74,1298,6.0092592592592595,62.074418604651164,66.66666666666666,216
15,0.3,1.0,0.0,2.5,3,7,True,2.3725,2.185,0.7938148148148149,0.8474999999999999,-51.98,38.33,-5.174907407407407,-54.72,1306,6.046296296296297,64.8737089201878,68.98148148148148,216
20,0.75,1.5,-0.3,1.5,2,5,True,2.3721296296296295,1.77,0.6875,0.661,-34.22,44.36,-6.388703703703704,-59.2,936,4.333333333333333,55.76700000000001,64.35185185185185,216
20,0.3,1.0,0.0,1.5,2,3,True,2.371111111111111,2.2649999999999997,0.723476851851852,0.6755,-48.9,47.41,-6.750324074074075,-59.61,2077,9.61574074074074,55.58472222222222,65.27777777777779,216
20,0.75,2.0,0.0,2.0,2,5,True,2.369861111111111,1.745,0.671949074074074,0.7224999999999999,-38.02,47.94,-6.311157407407406,-59.2,753,3.486111111111111,63.197014925373125,62.96296296296296,216
20,0.75,1.0,-0.3,1.5,3,7,True,2.3673611111111112,2.2649999999999997,0.6089351851851852,0.8180000000000001,-42.84,40.89,-5.72949074074074,-53.99,1029,4.763888888888889,53.48029556650246,64.81481481481481,216
20,0.3,1.0,0.3,1.5,2,3,True,2.36662037037037,2.12,0.7633287037037038,0.737,-49.5,47.58,-6.484444444444444,-59.12,2093,9.689814814814815,57.52546296296296,65.74074074074075,216
15,0.75,1.0,0.3,2.5,3,7,True,2.3650925925925925,2.285,0.8856296296296295,1.001,-69.78,40.04,-4.907037037037037,-70.64,945,4.375,68.67846889952153,70.83333333333334,216
20,0.3,1.5,-0.3,1.5,2,7,True,2.364074074074074,1.7850000000000001,0.7052638888888888,0.651,-44.47,44.63,-6.648935185185185,-59.33,1312,6.074074074074074,54.59583333333334,65.74074074074075,216
15,0.75,1.0,0.0,2.5,3,7,True,2.363796296296296,2.3499999999999996,0.7877175925925927,0.9305,-69.78,38.89,-5.385046296296296,-70.64,935,4.328703703703703,63.68550724637681,68.98148148148148,216
20,0.5,1.0,0.3,1.5,2,3,True,2.3615277777777774,2.145,0.7562500000000001,0.7084999999999999,-48.93,47.29,-6.430324074074073,-59.12,1810,8.37962962962963,56.00092592592593,65.27777777777779,216
20,0.75,1.5,-0.3,2.5,2,5,True,2.359907407407407,1.85,0.6942824074074075,0.687,-46.3,47.94,-7.101851851851852,-68.14,870,4.027777777777778,61.11534653465347,66.20370370370371,216
20,0.5,1.0,0.0,1.5,2,3,True,2.351898148148148,2.11,0.7136064814814815,0.6335,-48.33,47.29,-6.71074074074074,-59.61,1803,8.347222222222221,54.261574074074076,65.74074074074075,216
20,0.3,1.0,-0.3,1.5,2,3,True,2.350324074074074,2.17,0.7126435185185185,0.6845,-48.9,47.41,-6.808101851851852,-59.61,2071,9.587962962962964,54.212093023255804,63.888888888888886,216
20,0.5,1.5,-0.3,2.5,2,5,True,2.3483796296296298,1.86,0.7420509259259259,0.6885,-54.96,48.21,-7.000370370370371,-68.74,1095,5.069444444444445,59.97666666666666,66.20370370370371,216
20,0.3,1.5,0.0,1.5,2,5,True,2.3468055555555556,1.71,0.7390092592592592,0.7115,-48.27,40.58,-6.19337962962963,-59.2,1379,6.3842592592592595,57.489814814814814,63.42592592592593,216
20,0.5,2.0,0.0,2.0,2,5,True,2.3362037037037036,1.7149999999999999,0.6980694444444444,0.5925,-46.68,48.14,-6.226574074074074,-59.2,988,4.574074074074074,61.99668246445497,62.5,216
15,0.5,1.0,0.0,2.0,3,7,True,2.336111111111111,2.365,0.7799722222222222,0.8995,-51.98,38.89,-5.0253703703703705,-54.72,1127,5.217592592592593,61.10758293838863,67.12962962962963,216
20,0.5,1.0,-0.3,1.5,2,3,True,2.335277777777778,2.12,0.704412037037037,0.6455,-48.33,47.29,-6.77462962962963,-59.61,1799,8.328703703703704,53.79209302325581,64.35185185185185,216
15,0.3,1.5,-0.3,1.5,2,7,True,2.327731481481482,1.755,0.6811157407407407,0.7555000000000001,-32.36,34.44,-6.185185185185185,-58.35,1282,5.935185185185185,55.663255813953484,64.35185185185185,216
20,0.3,1.0,0.3,2.0,3,5,True,2.3271296296296295,2.465,0.7875787037037038,0.969,-72.25,34.92,-5.1516666666666655,-74.42,1431,6.625,64.2233644859813,66.20370370370371,216
15,0.5,2.0,-0.3,1.5,2,7,True,2.325648148148148,1.83,0.7413518518518519,0.7935000000000001,-32.36,34.44,-5.897870370370371,-58.35,987,4.569444444444445,57.21884057971014,66.66666666666666,216
15,0.75,1.0,0.0,2.0,3,7,True,2.3249074074074074,2.495,0.8029768518518517,0.9655,-69.78,38.89,-5.216203703703703,-70.64,943,4.3657407407407405,61.4985576923077,68.98148148148148,216
15,0.5,1.5,-0.3,2.0,2,7,True,2.324537037037037,1.94,0.6970462962962962,0.8445,-35.46,34.44,-6.675509259259258,-58.35,1030,4.768518518518518,59.665402843601896,63.888888888888886,216
15,0.3,1.5,-0.3,2.5,2,7,True,2.32412037037037,1.935,0.7217453703703703,0.8015000000000001,-35.11,34.44,-6.838796296296295,-57.8,1205,5.578703703703703,62.87674418604651,62.96296296296296,216
20,0.3,1.5,-0.3,2.5,2,5,True,2.312314814814815,1.885,0.7566342592592592,0.7655000000000001,-56.55,48.21,-7.020787037037037,-68.74,1294,5.9907407407407405,59.351401869158884,64.81481481481481,216
15,0.3,1.0,0.0,2.0,3,7,True,2.3112500000000002,2.33,0.7989814814814815,0.8895,-51.98,38.33,-5.0190277777777785,-54.72,1316,6.092592592592593,62.64507042253522,68.98148148148148,216
15,0.75,1.5,-0.3,2.5,2,7,True,2.308657407407407,2.105,0.6963287037037037,0.8325,-42.39,34.08,-7.0754629629629635,-61.22,799,3.699074074074074,64.3223880597015,62.96296296296296,216
20,0.75,1.5,0.3,1.5,2,5,True,2.3062037037037038,2.29,0.7743564814814815,0.9904999999999999,-41.03,48.24,-5.88875,-59.12,942,4.361111111111111,59.58186274509804,68.05555555555556,216
20,0.3,1.5,-0.3,1.5,2,5,True,2.2977314814814815,1.71,0.7338101851851851,0.749,-44.47,44.63,-6.325925925925926,-59.2,1373,6.356481481481482,54.959069767441854,65.27777777777779,216
20,0.75,1.0,0.3,1.5,3,5,True,2.2864351851851854,2.315,0.667986111111111,0.901,-48.0,35.74,-4.897685185185185,-55.15,1058,4.898148148148148,56.657766990291265,66.66666666666666,216
15,0.5,1.0,0.3,2.0,3,7,True,2.283611111111111,1.9649999999999999,0.8811342592592593,0.9884999999999999,-51.98,40.04,-4.622824074074074,-54.72,1141,5.282407407407407,67.175,68.51851851851852,216
15,0.3,1.0,0.3,2.0,3,7,True,2.2784722222222222,1.905,0.8895509259259258,0.9390000000000001,-51.98,40.25,-4.622592592592593,-54.72,1340,6.203703703703703,67.52253521126761,70.37037037037037,216
20,0.3,1.5,0.0,1.5,2,7,True,2.2783333333333333,1.745,0.6954768518518519,0.6535,-48.27,40.58,-6.49125,-59.33,1320,6.111111111111111,57.278703703703705,62.03703703703704,216
15,0.75,1.0,0.3,2.0,3,7,True,2.274537037037037,2.34,0.8843842592592592,1.0474999999999999,-69.78,40.04,-4.8183796296296295,-70.64,953,4.412037037037037,66.20761904761905,71.29629629629629,216
20,0.3,2.0,0.3,2.0,2,5,True,2.2676388888888885,1.73,0.8062962962962962,0.8915,-48.87,55.99,-5.798472222222222,-59.12,1204,5.574074074074074,66.94305555555556,66.20370370370371,216
15,0.3,2.0,-0.3,1.5,2,7,True,2.267361111111111,1.685,0.7259212962962963,0.7555000000000001,-32.36,34.44,-5.9897685185185185,-58.35,1188,5.5,57.54558139534884,66.20370370370371,216
20,0.75,2.0,-0.3,2.0,2,5,True,2.265833333333333,1.57,0.644662037037037,0.572,-34.22,47.94,-6.480462962962964,-59.2,751,3.4768518518518516,61.96111111111111,62.03703703703704,216
20,0.3,1.5,0.3,1.5,2,5,True,2.2564814814814813,2.16,0.8105416666666666,0.95,-48.87,48.43,-5.826898148148148,-59.12,1398,6.472222222222222,61.51666666666666,67.5925925925926,216
20,0.5,2.0,-0.3,1.5,2,7,True,2.254583333333333,1.57,0.7319351851851853,0.6845000000000001,-42.88,44.63,-6.330231481481481,-59.33,978,4.527777777777778,56.653333333333336,67.12962962962963,216
20,0.5,1.0,0.3,1.5,3,5,True,2.2479166666666663,2.595,0.6769259259259259,0.963,-54.24,35.74,-4.784907407407407,-55.75,1280,5.925925925925926,58.8352380952381,65.27777777777779,216
15,0.3,1.5,-0.3,2.0,2,7,True,2.2335648148148146,1.935,0.7015324074074074,0.8255,-35.11,34.44,-6.753657407407407,-58.35,1225,5.671296296296297,60.668837209302325,62.5,216
20,0.5,2.0,0.0,1.5,2,7,True,2.2295833333333337,1.4249999999999998,0.7373194444444445,0.6805000000000001,-46.68,40.58,-6.144212962962963,-59.33,984,4.555555555555555,58.9436018957346,65.74074074074075,216
15,0.75,1.5,-0.3,2.0,2,7,True,2.2291666666666665,2.3,0.6808287037037039,0.8325,-42.39,34.08,-6.98375,-61.22,808,3.740740740740741,62.69343434343434,62.96296296296296,216
20,0.5,2.0,-0.3,2.0,2,5,True,2.223796296296296,1.4100000000000001,0.6814953703703702,0.558,-42.88,48.21,-6.397361111111111,-59.2,984,4.555555555555555,60.54251207729468,61.57407407407407,216
15,0.75,1.5,-0.3,1.5,2,7,True,2.223055555555556,1.87,0.6490185185185184,0.7115,-33.86,34.08,-6.348472222222222,-58.52,844,3.9074074074074074,56.73571428571428,62.5,216
20,0.75,2.0,-0.3,1.5,2,7,True,2.222175925925926,1.6099999999999999,0.6677083333333333,0.64,-34.22,44.36,-6.453425925925926,-59.33,773,3.5787037037037037,58.11,64.35185185185185,216
20,0.3,2.0,0.0,2.0,2,5,True,2.2205555555555554,1.47,0.7072916666666667,0.5475,-48.27,48.14,-6.290925925925927,-59.2,1185,5.486111111111111,62.64537037037038,62.96296296296296,216
20,0.5,2.0,0.3,2.5,2,5,True,2.217268518518518,1.895,0.8276111111111112,0.9524999999999999,-59.36,55.99,-6.060787037037038,-68.74,977,4.523148148148148,67.63554502369668,67.12962962962963,216
15,0.5,2.0,-0.3,2.5,2,7,True,2.196435185185185,1.94,0.7625879629629629,0.8035000000000001,-35.46,34.44,-6.528657407407407,-57.8,929,4.300925925925926,63.69808612440192,65.74074074074075,216
20,0.75,2.0,0.0,1.5,2,7,True,2.1913888888888886,1.49,0.6868194444444445,0.6855,-38.02,40.38,-6.269398148148149,-59.33,775,3.587962962962963,59.404950495049505,65.27777777777779,216
20,0.3,1.0,0.3,1.5,3,5,True,2.1885648148148147,2.38,0.6785185185185185,0.963,-54.24,35.82,-4.789629629629629,-55.75,1483,6.8657407407407405,60.678403755868544,65.27777777777779,216
20,0.75,2.0,0.3,2.5,2,5,True,2.1843518518518517,1.835,0.7767407407407408,0.867,-53.11,55.8,-6.164999999999999,-68.14,746,3.4537037037037037,68.1,65.74074074074075,216
15,0.75,2.0,-0.3,1.5,2,7,True,2.162685185185185,1.845,0.6848287037037037,0.6715,-33.86,34.08,-6.152777777777778,-58.52,750,3.4722222222222223,59.5840206185567,62.96296296296296,216
20,0.5,2.0,0.0,1.5,2,5,True,2.159907407407408,1.565,0.7230046296296296,0.6950000000000001,-46.68,40.58,-5.906018518518518,-59.2,1030,4.768518518518518,59.61563981042655,63.42592592592593,216
20,0.75,2.0,0.0,2.5,2,5,True,2.15375,1.79,0.6730833333333334,0.654,-50.1,47.94,-6.656157407407407,-68.14,740,3.425925925925926,64.43762376237625,64.81481481481481,216
20,0.5,1.5,0.3,1.5,2,7,True,2.1527777777777777,2.29,0.7779861111111112,0.789,-47.28,48.43,-6.027268518518518,-59.12,1138,5.268518518518518,60.20943396226416,67.12962962962963,216
20,0.5,2.0,0.0,2.5,2,5,True,2.1506018518518513,1.78,0.7171527777777778,0.607,-58.76,48.14,-6.549398148148149,-68.74,967,4.476851851851852,63.39666666666666,63.42592592592593,216
20,0.3,2.0,-0.3,1.5,2,7,True,2.137962962962963,1.5350000000000001,0.7278888888888888,0.687,-44.47,44.63,-6.378796296296296,-59.33,1168,5.407407407407407,57.6662037037037,65.27777777777779,216
20,0.75,1.5,0.3,2.0,2,3,True,2.1369444444444445,2.4699999999999998,0.7588796296296296,0.986,-41.03,38.33,-5.68875,-59.12,944,4.37037037037037,63.52355769230769,66.20370370370371,216
20,0.3,2.0,0.3,2.5,2,5,True,2.135601851851852,1.87,0.8506342592592594,0.9834999999999999,-60.95,55.99,-6.107962962962962,-68.92,1187,5.49537037037037,68.29074074074073,68.05555555555556,216
20,0.3,2.0,-0.3,2.0,2,5,True,2.135555555555556,1.355,0.7003425925925926,0.6475,-44.47,48.21,-6.442638888888889,-59.2,1179,5.458333333333333,59.78511627906976,63.42592592592593,216
15,0.5,2.0,-0.3,2.0,2,7,True,2.1325462962962964,1.87,0.7284444444444444,0.8200000000000001,-35.46,34.44,-6.441203703703703,-58.35,943,4.3657407407407405,61.29759615384615,65.74074074074075,216
20,0.75,2.0,0.0,1.5,2,5,True,2.129814814814815,1.5750000000000002,0.6792268518518519,0.7215,-38.02,40.38,-6.01412037037037,-59.2,794,3.675925925925926,59.79455445544554,63.42592592592593,216
20,0.75,1.5,0.0,2.0,2,3,True,2.120648148148148,2.275,0.7012129629629629,0.7304999999999999,-38.02,39.87,-5.9490277777777765,-59.61,940,4.351851851851852,61.69519230769231,62.96296296296296,216
20,0.75,1.5,-0.3,2.0,2,3,True,2.120324074074074,2.3,0.6864861111111111,0.7224999999999999,-38.02,39.87,-6.039675925925926,-59.61,940,4.351851851851852,60.953140096618355,62.5,216
15,0.3,2.0,-0.3,2.5,2,7,True,2.1185648148148144,1.9849999999999999,0.7685046296296295,0.7835000000000001,-35.11,34.44,-6.61037037037037,-57.8,1118,5.175925925925926,63.76744186046512,64.35185185185185,216
15,0.3,1.0,0.0,1.5,3,7,True,2.1143518518518523,1.9849999999999999,0.6877037037037037,0.8135,-33.97,38.33,-4.734583333333333,-35.51,1347,6.236111111111111,58.21042654028436,66.20370370370371,216
15,0.5,1.0,-0.3,2.5,2,3,True,2.109212962962963,2.41,0.7032962962962963,0.861,-32.32,30.57,-6.671990740740739,-58.4,1730,8.00925925925926,55.82962962962962,61.111111111111114,216
15,0.75,2.0,-0.3,2.5,2,7,True,2.100787037037037,2.145,0.7274768518518518,0.798,-42.39,34.08,-6.84837962962963,-61.22,711,3.2916666666666665,66.23181818181817,64.35185185185185,216
20,0.75,1.0,-0.3,1.5,5,5,True,2.0949999999999998,1.415,0.6274074074074074,0.844,-23.06,28.49,-3.088194444444444,-26.54,625,2.8935185185185186,60.97771084337349,58.79629629629629,216
15,0.75,1.0,0.0,1.5,3,7,True,2.092962962962963,2.1100000000000003,0.700300925925926,1.0034999999999998,-51.77,38.89,-4.907175925925925,-51.87,963,4.458333333333333,56.46116504854369,67.12962962962963,216
15,0.75,1.0,-0.3,2.0,5,5,True,2.0885648148148146,1.16,0.703199074074074,0.7925,-18.45,30.49,-2.5522685185185185,-21.43,504,2.3333333333333335,70.01352941176471,61.111111111111114,216
20,0.3,2.0,0.0,2.5,2,5,True,2.086990740740741,1.63,0.7452314814814814,0.657,-60.35,48.14,-6.60175925925926,-68.74,1168,5.407407407407407,64.03953488372093,64.81481481481481,216
20,0.3,1.5,0.0,2.5,3,7,True,2.0836574074074075,1.6549999999999998,0.7876435185185185,0.9615,-74.58,45.66,-4.698194444444445,-76.59,957,4.430555555555555,68.81361502347417,71.75925925925925,216
20,0.5,2.0,-0.3,1.5,2,5,True,2.079212962962963,1.58,0.7065648148148148,0.675,-42.88,44.63,-6.060648148148148,-59.2,1026,4.75,57.58803827751197,62.03703703703704,216
20,0.75,1.0,-0.3,2.0,5,5,True,2.078472222222222,1.605,0.6580694444444446,1.001,-23.06,28.49,-3.3393518518518515,-26.54,615,2.8472222222222223,62.81976744186046,58.79629629629629,216
15,0.5,1.0,0.0,1.5,3,7,True,2.075648148148148,1.745,0.6709861111111111,0.8745,-33.97,38.89,-4.733425925925927,-35.51,1153,5.337962962962963,56.3909090909091,64.81481481481481,216
20,0.5,1.5,0.0,2.5,3,7,True,2.075462962962963,1.65,0.7716296296296297,0.876,-74.58,45.66,-4.7138888888888895,-76.59,780,3.611111111111111,67.66731707317072,69.9074074074074,216
20,0.75,2.0,-0.3,2.5,2,5,True,2.072361111111111,1.6749999999999998,0.6427407407407407,0.5569999999999999,-46.3,47.94,-6.829074074074073,-68.14,740,3.425925925925926,63.000502512562804,63.42592592592593,216
20,0.3,2.0,0.0,1.5,2,7,True,2.072037037037037,1.44,0.7169166666666668,0.6755,-48.27,40.58,-6.216064814814815,-59.33,1176,5.444444444444445,60.7,62.96296296296296,216
15,0.3,1.0,0.3,1.5,3,7,True,2.0714351851851855,2.005,0.7757222222222223,0.9515,-33.97,40.25,-4.330416666666666,-35.51,1371,6.347222222222222,62.49481132075472,68.98148148148148,216
15,0.5,1.0,-0.3,1.5,2,3,True,2.0680555555555555,1.335,0.6355092592592593,0.5655,-27.0,29.74,-6.2585648148148145,-58.4,1767,8.180555555555555,51.952777777777776,62.03703703703704,216
20,0.75,1.5,0.3,1.5,2,7,True,2.0631944444444446,2.2,0.7301759259259258,0.8035000000000001,-41.03,48.24,-6.148101851851852,-59.12,923,4.273148148148148,58.8578431372549,67.5925925925926,216
20,0.5,2.0,-0.3,2.5,2,5,True,2.0608333333333335,1.625,0.6961898148148149,0.4955,-54.96,48.21,-6.722314814814815,-68.74,965,4.467592592592593,61.18173076923077,62.96296296296296,216
20,0.75,1.5,0.0,2.5,3,7,True,2.058287037037037,1.5,0.7166157407407406,0.808,-65.92,45.23,-4.906157407407408,-75.99,607,2.810185185185185,68.35606060606061,68.51851851851852,216
20,0.75,2.0,-0.3,1.5,2,5,True,2.0575925925925924,1.57,0.651587962962963,0.648,-34.22,44.36,-6.168657407407407,-59.2,792,3.6666666666666665,58.54623115577889,62.03703703703704,216
15,0.5,1.0,-0.3,2.0,5,5,True,2.0575,0.915,0.6798935185185185,0.911,-16.33,30.49,-2.494537037037037,-21.43,703,3.2546296296296298,62.78376963350786,61.57407407407407,216
15,0.3,1.0,-0.3,2.5,2,3,True,2.0568055555555556,2.415,0.7008379629629629,0.886,-32.88,29.74,-6.744027777777778,-58.4,1998,9.25,56.90694444444444,61.111111111111114,216
15,0.5,1.0,0.0,2.0,5,5,True,2.0547222222222223,1.09,0.7378935185185185,1.072,-16.33,30.65,-2.374398148148148,-21.43,711,3.2916666666666665,65.934375,63.888888888888886,216
15,0.75,1.0,0.0,2.0,5,5,True,2.052314814814815,1.26,0.7293240740740742,0.718,-18.45,30.65,-2.4579629629629633,-21.43,506,2.3425925925925926,70.90581395348836,62.03703703703704,216
15,0.5,1.5,0.0,1.5,2,7,True,2.049768518518518,1.72,0.6646851851851852,0.714,-32.31,40.18,-5.952222222222223,-58.31,1083,5.013888888888889,56.78436018957346,64.35185185185185,216
15,0.5,1.0,0.3,2.5,2,3,True,2.047546296296296,2.42,0.7696851851851851,0.862,-32.32,32.34,-6.405277777777777,-59.09,1738,8.046296296296296,59.06990740740742,61.57407407407407,216
15,0.75,1.0,0.3,1.5,3,7,True,2.044212962962963,2.34,0.7616666666666667,0.9584999999999999,-51.77,40.04,-4.5156481481481485,-51.87,975,4.513888888888889,60.11196172248805,68.98148148148148,216
15,0.5,1.5,0.3,1.5,2,7,True,2.0419444444444443,1.605,0.690236111111111,0.6295,-29.16,47.46,-5.544259259259259,-59.09,1099,5.087962962962963,60.10516431924882,66.20370370370371,216
15,0.3,2.0,-0.3,2.0,2,7,True,2.0415277777777776,1.66,0.7335,0.7835000000000001,-35.11,34.44,-6.527777777777778,-58.35,1138,5.268518518518518,61.55767441860464,64.35185185185185,216
15,0.5,1.0,0.3,1.5,2,3,True,2.0414814814814815,1.6949999999999998,0.6961527777777776,0.709,-28.25,32.34,-5.994490740740741,-59.09,1775,8.217592592592593,54.826388888888886,61.111111111111114,216
15,0.5,1.5,0.3,2.5,2,7,True,2.0414351851851853,2.035,0.7305787037037037,0.728,-34.3,47.46,-6.1594444444444445,-58.1,1035,4.791666666666667,67.79154929577464,65.27777777777779,216
20,0.5,2.0,0.3,1.5,2,5,True,2.0385185185185186,1.8650000000000002,0.7919768518518518,0.9615,-47.28,48.43,-5.532037037037037,-59.12,1038,4.805555555555555,63.21895734597157,65.74074074074075,216
20,0.3,2.0,0.0,1.5,2,5,True,2.0383796296296293,1.47,0.7293564814814815,0.637,-48.27,40.58,-5.968148148148147,-59.2,1235,5.717592592592593,60.351388888888884,62.5,216
15,0.5,1.5,0.0,2.5,2,7,True,2.0355555555555553,2.0149999999999997,0.6886805555555555,0.775,-35.72,40.18,-6.593935185185185,-57.77,1017,4.708333333333333,64.15164319248827,62.03703703703704,216
15,0.75,2.0,-0.3,2.0,2,7,True,2.034814814814815,2.1550000000000002,0.7052407407407407,0.798,-42.39,34.08,-6.763472222222223,-61.22,720,3.3333333333333335,64.58717948717948,63.888888888888886,216
15,0.5,1.5,-0.3,1.5,2,5,True,2.0331944444444443,1.44,0.6472685185185185,0.6695,-28.49,34.44,-5.82013888888889,-58.32,1126,5.212962962962963,54.43571428571428,63.42592592592593,216
20,0.3,2.0,-0.3,2.5,2,5,True,2.0247685185185187,1.5350000000000001,0.732810185185185,0.6825000000000001,-56.55,48.21,-6.756481481481482,-68.74,1164,5.388888888888889,61.0411214953271,65.74074074074075,216
15,0.5,1.0,0.3,1.5,3,7,True,2.019675925925926,1.69,0.7498888888888889,0.911,-33.97,40.04,-4.327268518518519,-35.51,1169,5.412037037037037,61.372511848341226,68.05555555555556,216
15,0.3,1.0,-0.3,1.5,2,3,True,2.0099537037037036,1.4849999999999999,0.6222962962962962,0.572,-27.0,29.74,-6.329166666666667,-58.4,2033,9.412037037037036,53.32453703703704,60.18518518518518,216
15,0.5,1.0,-0.3,2.0,2,3,True,1.9976851851851851,2.115,0.6633657407407407,0.8175,-32.32,29.74,-6.629212962962963,-58.4,1732,8.018518518518519,54.72777777777778,61.111111111111114,216
20,0.3,1.5,0.3,1.5,2,7,True,1.9937037037037035,2.245,0.7426898148148148,0.772,-48.87,48.43,-6.086342592592592,-59.12,1343,6.217592592592593,61.56435185185185,65.74074074074075,216
20,0.75,1.0,0.3,1.5,3,7,True,1.9918055555555556,1.81,0.6405138888888889,0.786,-48.0,34.16,-5.296111111111111,-55.15,1033,4.782407407407407,57.422330097087375,65.74074074074075,216
15,0.75,1.0,-0.3,2.5,2,3,True,1.9909259259259258,2.2,0.6879305555555556,0.8345,-50.12,31.35,-6.859537037037037,-62.87,1430,6.62037037037037,56.73302325581395,61.111111111111114,216
20,0.5,1.5,0.3,2.0,2,3,True,1.9885648148148147,2.185,0.7558194444444445,0.928,-47.28,35.85,-5.752546296296297,-59.12,1232,5.703703703703703,63.248826291079816,65.27777777777779,216
15,0.5,2.0,-0.3,1.5,2,5,True,1.987824074074074,1.44,0.6849583333333333,0.714,-28.49,34.44,-5.607777777777778,-58.32,1032,4.777777777777778,56.74106280193237,65.27777777777779,216
20,0.5,1.0,-0.3,1.5,5,5,True,1.9877314814814815,1.34,0.6011990740740741,0.7725,-23.06,29.41,-3.0973148148148146,-26.54,823,3.810185185185185,57.588359788359796,60.18518518518518,216
20,0.75,1.0,-0.3,2.5,3,3,True,1.9875462962962962,1.9499999999999997,0.6076203703703703,0.739,-61.33,28.52,-5.0942592592592595,-72.66,1098,5.083333333333333,57.02344497607656,66.66666666666666,216
20,0.75,1.0,0.0,1.5,5,5,True,1.9855555555555557,1.37,0.6179907407407407,0.854,-23.06,28.49,-2.980555555555556,-26.54,627,2.9027777777777777,61.66047904191616,58.79629629629629,216
20,0.3,2.0,-0.3,1.5,2,5,True,1.9831944444444445,1.38,0.7239305555555555,0.7144999999999999,-44.47,44.63,-6.105231481481481,-59.2,1229,5.689814814814815,57.53441860465116,63.42592592592593,216
15,0.3,1.5,0.0,1.5,2,7,True,1.9801851851851848,1.835,0.6395972222222222,0.709,-32.31,40.18,-6.033194444444445,-58.31,1294,5.9907407407407405,58.39488372093023,63.42592592592593,216
20,0.5,1.0,0.3,1.5,3,7,True,1.9783333333333333,2.17,0.6524120370370371,0.754,-54.24,34.16,-5.18925925925926,-55.75,1233,5.708333333333333,59.4311004784689,65.27777777777779,216
20,0.75,1.0,-0.3,2.5,5,5,True,1.976064814814815,1.475,0.6342453703703704,1.001,-23.06,28.49,-3.481527777777777,-26.54,615,2.8472222222222223,63.30057803468208,59.25925925925925,216
15,0.3,1.0,0.3,2.5,2,3,True,1.9748611111111112,2.495,0.7616296296296297,0.881,-32.88,31.82,-6.475416666666667,-59.09,2016,9.333333333333334,60.53287037037038,61.111111111111114,216
20,0.3,1.5,0.3,2.0,2,3,True,1.9741666666666664,2.215,0.76975,0.948,-47.85,35.67,-5.803750000000001,-59.12,1515,7.013888888888889,63.61666666666667,64.81481481481481,216
20,0.75,1.0,-0.3,1.5,3,3,True,1.9719444444444443,1.795,0.5223425925925925,0.704,-42.84,29.23,-4.806064814814816,-53.99,1132,5.2407407407407405,54.58529411764706,64.35185185185185,216
15,0.5,1.0,0.0,2.0,3,5,True,1.970787037037037,2.135,0.7641249999999999,0.968,-51.98,27.14,-4.573472222222223,-54.72,1173,5.430555555555555,59.49476190476191,68.98148148148148,216
15,0.3,1.5,0.3,1.5,2,7,True,1.9695833333333337,1.595,0.6690787037037038,0.637,-30.65,47.46,-5.6218518518518525,-59.09,1314,6.083333333333333,61.989814814814814,66.20370370370371,216
20,0.75,1.0,0.0,2.0,5,5,True,1.969583333333333,1.5350000000000001,0.6495555555555554,1.0175,-23.06,28.49,-3.2240277777777777,-26.54,617,2.8564814814814814,63.46820809248555,58.333333333333336,216
20,0.3,1.0,0.3,1.5,3,7,True,1.966157407407407,2.15,0.6579953703703704,0.75,-54.24,34.16,-5.218981481481482,-55.75,1434,6.638888888888889,61.0755868544601,66.20370370370371,216
15,0.3,1.0,0.3,1.5,2,3,True,1.965601851851852,1.68,0.6763796296296296,0.6799999999999999,-28.25,31.82,-6.057731481481481,-59.09,2051,9.49537037037037,56.63472222222222,59.25925925925925,216
20,0.75,2.0,0.3,1.5,2,5,True,1.9642592592592594,1.665,0.7402824074074075,0.867,-41.03,48.24,-5.643611111111111,-59.12,798,3.6944444444444446,62.47881773399015,64.81481481481481,216
15,0.5,2.0,0.0,1.5,2,7,True,1.9634722222222223,1.845,0.7079768518518519,0.796,-32.31,40.18,-5.734212962962963,-58.31,989,4.578703703703703,59.35167464114833,64.35185185185185,216
20,0.75,1.0,0.0,1.5,3,3,True,1.9624537037037035,1.68,0.534962962962963,0.6995,-42.84,29.23,-4.74199074074074,-53.99,1134,5.25,55.42156862745098,64.35185185185185,216
20,0.3,1.5,0.0,2.0,2,3,True,1.9579166666666665,2.0149999999999997,0.720625,0.8634999999999999,-47.25,37.21,-6.06087962962963,-59.61,1498,6.935185185185185,61.31388888888888,62.03703703703704,216
20,0.75,1.0,-0.3,2.0,3,3,True,1.9575925925925928,1.9499999999999997,0.6040972222222223,0.739,-61.33,28.52,-5.085694444444444,-72.66,1098,5.083333333333333,56.804306220095704,65.74074074074075,216
15,0.75,1.0,0.0,2.0,3,5,True,1.9572222222222222,2.295,0.7721157407407406,0.999,-69.78,26.55,-4.782037037037037,-70.64,953,4.412037037037037,60.92439024390244,71.29629629629629,216
15,0.75,1.0,-0.3,2.5,5,5,True,1.9556944444444444,1.125,0.678050925925926,0.742,-18.45,30.49,-2.67837962962963,-21.43,504,2.3333333333333335,70.01352941176471,60.18518518518518,216
15,0.5,1.0,0.0,2.5,3,5,True,1.9529166666666664,2.135,0.7466435185185184,0.9145000000000001,-51.98,29.59,-4.735231481481481,-54.72,1167,5.402777777777778,61.088461538461544,66.66666666666666,216
20,0.3,1.0,-0.3,1.5,5,5,True,1.9509259259259257,1.2850000000000001,0.6341527777777778,0.8714999999999999,-23.06,29.41,-3.1032870370370373,-26.54,1009,4.671296296296297,57.58413461538461,62.03703703703704,216
15,0.3,1.0,-0.3,2.0,2,3,True,1.9509259259259257,2.045,0.6627824074074075,0.823,-32.88,29.74,-6.699861111111112,-58.4,2000,9.25925925925926,55.99768518518518,60.18518518518518,216
20,0.5,1.5,0.0,2.0,3,7,True,1.9495833333333334,1.64,0.6870694444444445,0.774,-74.58,45.66,-4.717175925925926,-76.59,788,3.6481481481481484,66.24427860696518,66.66666666666666,216
20,0.5,1.5,0.0,2.0,2,3,True,1.9488425925925923,1.9,0.6985324074074073,0.813,-46.68,37.39,-6.015833333333334,-59.61,1224,5.666666666666667,61.173239436619724,62.5,216
20,0.75,1.0,-0.3,2.0,5,7,True,1.9484722222222222,1.57,0.6064027777777778,0.772,-27.42,29.56,-3.857685185185185,-28.8,595,2.7546296296296298,65.31656804733728,59.25925925925925,216
20,0.3,1.5,-0.3,2.0,2,3,True,1.9475462962962964,2.08,0.7009814814814815,0.835,-47.25,37.21,-6.155324074074075,-59.61,1492,6.907407407407407,59.203720930232556,62.03703703703704,216
20,0.75,1.0,0.0,2.5,3,3,True,1.9468518518518518,2.12,0.6168055555555555,0.7545,-61.33,28.52,-5.042361111111112,-72.66,1100,5.092592592592593,57.72679425837321,66.66666666666666,216
15,0.5,1.0,-0.3,2.5,5,5,True,1.9449537037037037,0.885,0.6702083333333333,0.911,-16.33,30.49,-2.6112037037037035,-21.43,703,3.2546296296296298,62.703626943005176,61.111111111111114,216
20,0.5,1.5,-0.3,2.0,2,3,True,1.9425925925925926,1.9649999999999999,0.6833888888888888,0.8025,-46.68,37.39,-6.1073611111111115,-59.61,1220,5.648148148148148,60.26509433962264,61.111111111111114,216
15,0.3,1.0,0.0,2.0,3,5,True,1.9405555555555556,1.975,0.7649814814814815,0.888,-51.98,27.72,-4.599490740740741,-54.72,1391,6.439814814814815,61.00187793427231,71.75925925925925,216
20,0.75,1.5,0.0,2.0,3,7,True,1.9402777777777775,1.45,0.6533657407407408,0.7155,-65.92,45.23,-4.8919907407407415,-75.99,607,2.810185185185185,67.653125,66.20370370370371,216
15,0.5,2.0,0.3,1.5,2,7,True,1.9391666666666667,1.7850000000000001,0.7287037037037037,0.7785,-28.25,47.46,-5.320277777777777,-59.09,1005,4.652777777777778,62.56415094339623,66.66666666666666,216
15,0.3,1.5,0.3,2.5,2,7,True,1.9378703703703704,1.9949999999999999,0.7308425925925925,0.717,-34.02,47.46,-6.24912037037037,-58.1,1240,5.7407407407407405,68.73518518518519,66.20370370370371,216
15,0.3,1.5,-0.3,1.5,2,5,True,1.9347685185185184,1.6549999999999998,0.6307222222222222,0.696,-29.54,34.44,-5.899861111111112,-58.32,1355,6.273148148148148,54.55416666666667,62.96296296296296,216
15,0.3,1.0,0.0,2.5,3,5,True,1.9325462962962963,1.975,0.754462962962963,0.883,-51.98,30.17,-4.759166666666666,-54.72,1385,6.412037037037037,62.21273584905661,68.51851851851852,216
15,0.5,1.0,0.0,2.5,5,5,True,1.9309259259259262,0.89,0.7154722222222222,0.9815,-16.33,30.65,-2.504722222222222,-21.43,711,3.2916666666666665,65.81494845360825,62.96296296296296,216
15,0.3,1.5,0.0,2.5,2,7,True,1.9285648148148145,1.91,0.6785555555555555,0.71,-35.44,40.18,-6.665416666666666,-57.77,1214,5.62037037037037,65.47953488372093,62.5,216
15,0.75,1.0,0.0,1.5,3,5,True,1.9274537037037036,1.94,0.6904351851851852,0.9584999999999999,-51.77,26.39,-4.546296296296296,-51.87,973,4.50462962962963,56.87170731707317,68.05555555555556,216
15,0.75,1.0,-0.3,1.5,2,3,True,1.9260185185185184,1.275,0.6115787037037037,0.5565,-40.45,30.2,-6.450277777777778,-58.52,1463,6.773148148148148,52.27209302325581,59.25925925925925,216
15,0.5,1.0,0.3,2.0,2,3,True,1.9247222222222222,1.8699999999999999,0.7258611111111111,0.8085,-32.32,32.34,-6.360092592592593,-59.09,1740,8.055555555555555,57.79814814814816,61.111111111111114,216
20,0.5,2.0,0.3,1.5,2,7,True,1.9246296296296295,1.84,0.7867638888888889,0.785,-47.28,48.43,-5.729722222222222,-59.12,994,4.601851851851852,63.5,65.74074074074075,216
15,0.3,1.0,0.0,1.5,3,5,True,1.9237499999999998,1.8599999999999999,0.6928981481481481,0.884,-33.97,27.56,-4.381342592592593,-35.51,1413,6.541666666666667,57.71179245283019,68.05555555555556,216
15,0.75,1.5,0.3,1.5,2,7,True,1.9236111111111112,1.625,0.6507962962962963,0.617,-39.94,47.11,-5.738518518518519,-59.26,850,3.935185185185185,60.20637254901961,63.42592592592593,216
15,0.75,1.0,0.3,2.5,2,3,True,1.9188425925925925,2.335,0.7491574074074073,0.888,-50.12,32.07,-6.604166666666667,-62.87,1432,6.62962962962963,58.71813953488372,61.111111111111114,216
20,0.75,1.0,0.0,2.0,3,3,True,1.916898148148148,2.0,0.6130833333333333,0.7415,-61.33,28.52,-5.033796296296297,-72.66,1100,5.092592592592593,57.50765550239235,65.74074074074075,216
20,0.3,2.0,0.3,1.5,2,5,True,1.914537037037037,1.8250000000000002,0.7972361111111111,0.9455,-48.87,48.43,-5.582546296296296,-59.12,1254,5.805555555555555,64.34027777777777,66.66666666666666,216
15,0.75,1.0,-0.3,1.5,5,5,True,1.9102314814814814,0.95,0.6403425925925925,0.672,-18.45,30.49,-2.359537037037037,-21.43,507,2.3472222222222223,67.5439024390244,59.25925925925925,216
20,0.5,1.0,-0.3,2.5,5,7,True,1.9094907407407407,1.4849999999999999,0.5926111111111112,0.753,-27.42,31.96,-3.7288425925925925,-28.8,763,3.5324074074074074,60.86153846153846,58.333333333333336,216
15,0.75,1.0,0.0,2.5,5,5,True,1.908101851851852,1.125,0.6943333333333334,0.6895,-18.45,30.65,-2.5893518518518523,-21.43,506,2.3425925925925926,70.90581395348836,60.64814814814815,216
15,0.75,1.5,0.3,2.5,2,7,True,1.9052314814814817,2.185,0.7074537037037038,0.7344999999999999,-48.47,47.11,-6.45337962962963,-61.22,805,3.7268518518518516,68.26165048543689,63.42592592592593,216
15,0.75,1.0,0.0,2.5,3,5,True,1.9045370370370367,1.945,0.7533518518518518,0.9095,-69.78,29.0,-4.979444444444444,-70.64,947,4.3842592592592595,62.390731707317066,70.83333333333334,216
15,0.3,1.0,0.3,2.5,3,5,True,1.9044907407407408,1.915,0.8250509259259259,0.9359999999999999,-51.98,29.83,-4.413981481481482,-54.72,1401,6.486111111111111,66.26320754716983,68.05555555555556,216
15,0.5,1.0,0.0,1.5,3,5,True,1.903888888888889,1.9049999999999998,0.6720833333333334,0.9445,-33.97,26.98,-4.35587962962963,-35.51,1195,5.532407407407407,55.995215311004785,66.20370370370371,216
20,0.75,1.5,0.3,2.5,2,3,True,1.903842592592593,2.355,0.7619907407407406,0.927,-53.11,38.33,-6.033287037037037,-68.14,935,4.328703703703703,64.1719806763285,67.12962962962963,216
20,0.3,1.0,-0.3,2.5,5,7,True,1.9014814814814816,1.2650000000000001,0.6091157407407407,0.8205,-23.06,31.05,-3.5100925925925925,-26.54,914,4.231481481481482,61.73333333333333,60.64814814814815,216
20,0.3,1.5,-0.3,2.5,3,7,True,1.8994907407407406,1.5550000000000002,0.7320694444444443,0.9395,-74.58,45.36,-5.025,-76.59,945,4.375,66.27971698113207,68.98148148148148,216
15,0.5,1.0,0.3,2.5,3,5,True,1.89875,2.02,0.8174444444444444,0.932,-51.98,29.25,-4.386018518518519,-54.72,1175,5.439814814814815,65.67884615384615,67.12962962962963,216
15,0.75,1.0,0.3,1.5,2,3,True,1.8972222222222224,1.795,0.6703425925925927,0.77,-40.45,32.07,-6.19212962962963,-59.26,1465,6.782407407407407,54.294418604651156,58.333333333333336,216
20,0.3,1.5,0.0,2.0,3,7,True,1.8969907407407407,1.47,0.6901203703703703,0.8065,-74.58,45.66,-4.7434722222222225,-76.59,971,4.49537037037037,66.62748815165877,67.5925925925926,216
20,0.75,2.0,0.0,2.0,2,3,True,1.8948148148148147,1.8050000000000002,0.6907037037037036,0.7135,-38.02,39.87,-5.688611111111111,-59.61,810,3.75,63.431372549019606,62.96296296296296,216
20,0.75,2.0,-0.3,2.0,2,3,True,1.8944907407407408,1.745,0.6719583333333333,0.621,-38.02,39.87,-5.784027777777777,-59.61,810,3.75,62.63054187192118,62.03703703703704,216
20,0.5,1.0,-0.3,2.0,5,7,True,1.894212962962963,1.435,0.5875324074074074,0.804,-27.42,31.96,-3.684259259259259,-28.8,766,3.5462962962962963,60.345833333333324,58.333333333333336,216
15,0.3,2.0,0.0,1.5,2,7,True,1.8938888888888892,1.8399999999999999,0.683587962962963,0.778,-32.31,40.18,-5.822314814814814,-58.31,1200,5.555555555555555,60.38604651162791,63.888888888888886,216
20,0.75,1.0,0.3,2.0,5,5,True,1.8933333333333333,1.3050000000000002,0.6879490740740741,1.0394999999999999,-23.06,28.65,-2.989953703703704,-26.54,621,2.875,65.64065934065933,61.111111111111114,216
20,0.5,1.5,-0.3,2.5,3,7,True,1.8925462962962964,1.6349999999999998,0.7121203703703703,0.8554999999999999,-74.58,45.36,-5.048564814814815,-76.59,775,3.587962962962963,66.17326732673267,67.5925925925926,216
20,0.5,1.0,0.0,1.5,5,5,True,1.8896296296296295,1.27,0.5960462962962964,0.7855000000000001,-23.06,29.41,-2.9809722222222224,-26.54,827,3.8287037037037037,59.40052083333334,61.57407407407407,216
15,0.3,2.0,-0.3,1.5,2,5,True,1.889398148148148,1.6549999999999998,0.6675509259259258,0.73,-28.13,34.44,-5.696898148148148,-58.32,1261,5.837962962962963,56.15348837209302,63.42592592592593,216
20,0.75,1.5,-0.3,2.5,3,7,True,1.8888425925925925,1.58,0.6567777777777778,0.7525,-65.92,45.23,-5.202731481481481,-75.99,605,2.800925925925926,67.11288659793814,66.20370370370371,216
15,0.5,1.5,0.0,2.0,2,7,True,1.8877777777777778,2.0149999999999997,0.653175925925926,0.7715000000000001,-35.72,40.18,-6.545925925925927,-58.31,1032,4.777777777777778,61.37323943661972,62.03703703703704,216
15,0.75,1.5,0.0,1.5,2,7,True,1.8826851851851851,1.53,0.6205462962962963,0.6555,-33.86,39.83,-6.201574074074074,-58.52,844,3.9074074074074074,58.09848484848485,62.03703703703704,216
20,0.3,1.0,0.0,1.5,5,5,True,1.8822685185185188,1.2149999999999999,0.6234953703703704,0.9125000000000001,-23.06,29.41,-2.998240740740741,-26.54,1021,4.726851851851852,60.31875000000001,62.5,216
20,0.75,2.0,0.3,2.0,2,3,True,1.8816666666666666,1.95,0.7416157407407407,0.8314999999999999,-41.03,38.33,-5.430555555555555,-59.12,814,3.7685185185185186,65.25245098039215,62.96296296296296,216
15,0.5,1.5,0.3,2.0,2,7,True,1.8799999999999997,1.925,0.695675925925926,0.7095,-34.3,47.46,-6.110185185185185,-59.09,1050,4.861111111111111,65.14694835680751,64.81481481481481,216
20,0.75,1.5,0.0,2.5,2,3,True,1.878564814814815,2.25,0.699449074074074,0.736,-50.1,39.87,-6.291805555555555,-68.14,931,4.310185185185185,62.128019323671495,64.81481481481481,216
20,0.75,1.5,-0.3,2.5,2,3,True,1.8782870370370373,2.3,0.6845092592592592,0.736,-50.1,39.87,-6.3805555555555555,-68.14,931,4.310185185185185,61.38446601941748,64.35185185185185,216
20,0.75,1.0,-0.3,2.5,5,7,True,1.8757407407407405,1.57,0.5830833333333333,0.712,-27.42,29.56,-3.998981481481482,-28.8,595,2.7546296296296298,66.47633136094674,58.79629629629629,216
15,0.75,1.0,0.0,1.5,5,5,True,1.8739814814814812,0.95,0.6706481481481482,0.6715,-18.45,30.65,-2.2519907407407405,-21.43,509,2.3564814814814814,68.08742514970061,62.03703703703704,216
15,0.75,1.5,-0.3,1.5,2,5,True,1.8708796296296295,1.47,0.5884768518518518,0.674,-33.86,34.08,-6.044074074074074,-58.52,854,3.9537037037037037,57.542857142857144,59.72222222222222,216
15,0.75,1.0,-0.3,2.0,2,3,True,1.869074074074074,2.055,0.6458518518518519,0.721,-50.12,30.2,-6.818518518518518,-62.87,1430,6.62037037037037,55.29953488372093,60.18518518518518,216
20,0.5,1.0,0.0,1.5,3,3,True,1.8687037037037035,1.6,0.5258055555555555,0.6915,-51.5,29.23,-4.726296296296296,-54.58,1388,6.425925925925926,55.991387559808615,64.81481481481481,216
15,0.3,2.0,0.3,1.5,2,7,True,1.8668055555555556,1.73,0.7073703703703704,0.7705,-28.25,47.46,-5.4020370370370365,-59.09,1220,5.648148148148148,64.10092592592592,67.12962962962963,216
20,0.75,1.0,0.0,2.5,5,5,True,1.8662962962962963,1.275,0.6251388888888889,1.001,-23.06,28.49,-3.3684259259259255,-26.54,617,2.8564814814814814,63.94252873563219,58.79629629629629,216
20,0.5,1.0,-0.3,1.5,3,3,True,1.8637037037037036,1.6,0.5091064814814815,0.6915,-51.5,29.23,-4.792870370370371,-54.58,1386,6.416666666666667,54.80478468899522,64.35185185185185,216
20,0.3,1.0,-0.3,2.0,5,7,True,1.8631944444444444,1.21,0.5907592592592593,0.804,-23.06,31.05,-3.4822222222222226,-26.54,920,4.2592592592592595,60.60145631067961,60.64814814814815,216
20,0.5,1.0,-0.3,2.5,3,3,True,1.8624537037037034,1.745,0.58725,0.7955,-69.99,28.33,-5.112037037037037,-73.23,1350,6.25,57.6132701421801,63.888888888888886,216
15,0.5,1.0,0.0,2.5,2,3,True,1.8598611111111112,2.435,0.714537037037037,0.8685,-32.32,32.93,-6.634722222222222,-58.31,1730,8.00925925925926,57.00370370370371,61.111111111111114,216
20,0.5,1.0,-0.3,2.0,5,5,True,1.85912037037037,1.42,0.5965277777777779,0.8274999999999999,-23.06,29.41,-3.287962962962963,-26.54,809,3.7453703703703702,58.513471502590676,57.407407407407405,216
15,0.75,1.0,0.3,2.5,3,5,True,1.8588888888888886,2.045,0.8151527777777778,0.923,-69.78,29.0,-4.645555555555555,-70.64,953,4.412037037037037,65.1701923076923,69.9074074074074,216
15,0.5,1.5,0.0,1.5,2,5,True,1.8584722222222223,1.4,0.6322731481481482,0.601,-28.36,40.18,-5.66912037037037,-58.31,1128,5.222222222222222,56.156872037914695,61.57407407407407,216
15,0.3,1.0,0.3,2.0,2,3,True,1.8581481481481479,2.0100000000000002,0.7196666666666666,0.81,-32.88,31.82,-6.428425925925926,-59.09,2018,9.342592592592593,59.48425925925927,60.18518518518518,216
15,0.5,1.0,-0.3,1.5,5,5,True,1.857037037037037,0.785,0.6546851851851853,0.8714999999999999,-16.33,30.49,-2.36125,-21.43,713,3.300925925925926,59.50105820105821,61.111111111111114,216
15,0.5,1.5,-0.3,2.5,2,5,True,1.8568981481481484,1.665,0.64,0.721,-36.33,34.44,-6.37925925925926,-58.32,1077,4.986111111111111,59.169194312796215,63.888888888888886,216
15,0.75,1.0,0.3,1.5,3,5,True,1.856574074074074,1.915,0.7476064814814815,0.9484999999999999,-51.77,26.39,-4.264907407407407,-51.87,979,4.532407407407407,59.546859903381645,68.51851851851852,216
20,0.5,1.0,-0.3,1.5,5,7,True,1.855,1.27,0.5268703703703704,0.8405,-27.42,31.96,-3.538240740740741,-28.8,792,3.6666666666666665,57.858602150537635,58.79629629629629,216
15,0.75,1.5,0.0,2.5,2,7,True,1.8535185185185183,2.01,0.6560324074074074,0.771,-42.39,39.83,-6.9350462962962975,-61.22,799,3.699074074074074,65.38817733990147,61.111111111111114,216
15,0.3,1.0,0.3,1.5,3,5,True,1.8514351851851851,1.71,0.7573287037037036,0.9159999999999999,-33.97,27.22,-4.085046296296296,-35.51,1429,6.6157407407407405,61.29528301886792,68.05555555555556,216
15,0.5,1.0,0.0,1.5,2,3,True,1.8483333333333334,1.525,0.644912037037037,0.619,-26.9,32.93,-6.219953703703704,-58.31,1767,8.180555555555555,53.125,61.111111111111114,216
15,0.5,1.0,-0.3,2.5,3,3,True,1.8462499999999997,1.89,0.7393657407407408,0.892,-52.46,18.39,-4.339444444444444,-54.97,1270,5.87962962962963,56.67523809523809,73.14814814814815,216
15,0.75,1.0,0.3,2.0,3,5,True,1.8460185185185183,2.115,0.814787037037037,1.0035,-69.78,26.55,-4.516157407407407,-70.64,959,4.439814814814815,63.41153846153846,69.44444444444444,216
20,0.75,1.0,-0.3,1.5,5,7,True,1.8456944444444443,1.36,0.5380138888888889,0.831,-27.42,29.56,-3.6197685185185184,-28.8,609,2.8194444444444446,62.23540372670807,58.333333333333336,216
15,0.5,1.0,0.3,2.0,3,5,True,1.845462962962963,2.0599999999999996,0.8091296296296296,1.0055,-51.98,26.8,-4.294212962962963,-54.72,1181,5.467592592592593,63.752857142857145,68.51851851851852,216
15,0.3,1.0,0.3,2.0,3,5,True,1.8451851851851853,1.835,0.8137499999999999,0.996,-51.98,27.38,-4.324537037037037,-54.72,1407,6.513888888888889,64.65258215962442,70.37037037037037,216
15,0.5,1.0,-0.3,1.5,3,3,True,1.8375925925925924,1.6349999999999998,0.6567129629629629,0.79,-33.97,19.4,-4.071898148148148,-35.51,1290,5.972222222222222,54.01923076923077,67.5925925925926,216
20,0.5,1.0,-0.3,2.0,3,3,True,1.8371759259259262,1.745,0.5818935185185184,0.754,-69.99,28.59,-5.098981481481482,-73.23,1352,6.2592592592592595,57.287677725118485,63.42592592592593,216
20,0.5,1.0,0.0,2.5,3,3,True,1.836018518518519,1.9699999999999998,0.6003888888888889,0.838,-69.99,28.33,-5.057638888888888,-73.23,1352,6.2592592592592595,58.71374407582939,63.888888888888886,216
20,0.75,2.0,0.3,1.5,2,7,True,1.8350462962962963,1.6549999999999998,0.7260324074074075,0.6615,-41.03,48.24,-5.86037037037037,-59.12,779,3.6064814814814814,62.400000000000006,64.81481481481481,216
15,0.5,1.0,0.0,1.5,5,5,True,1.830925925925926,0.785,0.6959722222222221,1.0775000000000001,-16.33,30.65,-2.2394907407407407,-21.43,721,3.337962962962963,62.22,64.35185185185185,216
15,0.75,2.0,-0.3,1.5,2,5,True,1.825509259259259,1.495,0.6162546296296296,0.674,-33.86,34.08,-5.837916666666666,-58.52,760,3.5185185185185186,60.441968911917094,60.64814814814815,216
20,0.75,1.0,0.3,1.5,5,5,True,1.8237499999999998,1.275,0.6459537037037038,0.8565,-23.06,28.65,-2.763888888888889,-26.54,631,2.9212962962962963,63.592045454545456,60.64814814814815,216
15,0.75,2.0,0.3,1.5,2,7,True,1.8208333333333333,1.685,0.6836157407407407,0.638,-39.94,47.11,-5.524814814814814,-59.26,756,3.5,63.12216748768473,63.888888888888886,216
15,0.3,1.5,-0.3,1.5,3,7,True,1.8171296296296293,1.07,0.6789814814814815,0.877,-34.18,39.52,-3.8524537037037043,-35.59,950,4.398148148148148,61.499509803921576,65.27777777777779,216
15,0.5,1.0,0.3,1.5,3,5,True,1.8132870370370369,1.7650000000000001,0.7304814814814816,0.801,-33.97,26.64,-4.058333333333333,-35.51,1203,5.569444444444445,59.9622009569378,67.5925925925926,216
15,0.5,1.5,-0.3,2.0,2,5,True,1.8114814814814812,1.58,0.6193287037037037,0.7175,-36.33,34.44,-6.31375,-58.32,1083,5.013888888888889,57.6347619047619,63.42592592592593,216
20,0.5,1.0,0.0,2.0,3,3,True,1.810787037037037,1.9,0.5948564814814814,0.7789999999999999,-69.99,28.59,-5.044629629629629,-73.23,1354,6.268518518518518,58.38815165876778,63.42592592592593,216
15,0.3,1.0,-0.3,1.5,3,3,True,1.8104166666666666,1.685,0.6558009259259259,0.7695000000000001,-33.97,19.4,-4.124768518518518,-35.51,1530,7.083333333333333,54.47735849056603,67.12962962962963,216
15,0.5,1.5,-0.3,2.5,3,7,True,1.8088888888888888,1.255,0.7230694444444444,0.9615,-54.91,39.28,-4.2475000000000005,-56.32,735,3.4027777777777777,68.89846938775511,64.81481481481481,216
15,0.3,1.0,-0.3,2.5,3,3,True,1.8068518518518517,1.9549999999999998,0.7288287037037037,0.8195,-52.46,17.99,-4.379444444444444,-54.97,1506,6.972222222222222,57.25258215962441,72.22222222222221,216
15,0.3,1.5,-0.3,2.5,3,7,True,1.8050925925925927,1.475,0.7535972222222221,1.03,-54.91,39.52,-4.2719907407407405,-56.32,914,4.231481481481482,68.01256038647344,64.81481481481481,216
15,0.5,1.5,-0.3,2.0,3,7,True,1.8047222222222221,1.725,0.7138194444444445,0.9835,-54.91,39.28,-4.096157407407408,-56.32,743,3.439814814814815,66.62666666666667,65.74074074074075,216
15,0.3,1.5,-0.3,2.0,3,7,True,1.8000462962962966,1.78,0.7280231481481481,1.073,-54.91,39.52,-4.116018518518518,-56.32,922,4.268518518518518,66.07107843137256,66.20370370370371,216
15,0.5,2.0,0.0,1.5,2,5,True,1.7979166666666668,1.44,0.6690092592592592,0.6950000000000001,-28.36,40.18,-5.456388888888889,-58.31,1034,4.787037037037037,58.53221153846154,62.5,216
15,0.75,1.0,-0.3,2.0,5,7,True,1.7965740740740743,1.345,0.6206944444444444,0.9075,-19.93,31.56,-3.1356481481481477,-21.73,500,2.314814814814815,69.92049689440994,57.870370370370374,216
15,0.75,2.0,0.0,1.5,2,7,True,1.7963888888888888,1.865,0.655574074074074,0.657,-33.86,39.83,-5.9914351851851855,-58.52,750,3.4722222222222223,61.19948979591837,61.111111111111114,216
15,0.75,1.5,0.3,2.0,2,7,True,1.7944907407407404,1.925,0.6760972222222222,0.698,-48.47,47.11,-6.331944444444444,-61.22,814,3.7685185185185186,65.96048780487804,62.5,216
20,0.75,1.0,0.3,2.5,5,5,True,1.7935185185185185,1.1749999999999998,0.6662037037037036,1.016,-23.06,28.65,-3.1307407407407406,-26.54,621,2.875,66.06666666666666,61.111111111111114,216
20,0.3,1.0,-0.3,1.5,3,3,True,1.7925,1.52,0.5305277777777777,0.6539999999999999,-51.5,28.83,-4.786759259259259,-54.58,1626,7.527777777777778,54.735377358490574,61.57407407407407,216
15,0.5,1.0,-0.3,2.0,3,3,True,1.7902777777777776,1.855,0.7169583333333334,0.8855,-52.46,18.39,-4.304351851851852,-54.97,1274,5.898148148148148,56.11387559808612,71.75925925925925,216
15,0.75,1.5,0.0,2.0,2,7,True,1.7894907407407405,2.09,0.6421435185185186,0.717,-42.39,39.83,-6.824814814814814,-61.22,808,3.740740740740741,63.7825,61.111111111111114,216
15,0.3,1.0,0.0,2.0,5,5,True,1.7880092592592591,0.9650000000000001,0.7316574074074075,0.944,-16.33,30.19,-2.281898148148148,-21.43,877,4.060185185185185,63.56536585365854,63.42592592592593,216
15,0.5,1.5,-0.3,1.5,3,7,True,1.7871296296296295,1.21,0.6685046296296296,0.801,-34.18,39.28,-3.8135185185185185,-35.59,766,3.5462962962962963,62.21641025641026,63.888888888888886,216
15,0.3,1.0,0.0,2.5,2,3,True,1.7867592592592596,2.39,0.7080231481481482,0.8965000000000001,-32.88,32.41,-6.711574074074073,-58.31,2004,9.277777777777779,58.48564814814816,61.111111111111114,216
15,0.3,1.5,0.0,2.0,2,7,True,1.7862962962962965,1.89,0.6454953703703704,0.641,-35.44,40.18,-6.62375,-58.31,1235,5.717592592592593,63.240465116279076,62.96296296296296,216
20,0.75,1.5,-0.3,2.0,3,7,True,1.7860185185185184,1.475,0.5983472222222223,0.665,-65.92,45.23,-5.177083333333333,-75.99,605,2.800925925925926,66.35531914893618,63.888888888888886,216
15,0.75,1.0,0.3,2.0,2,3,True,1.785972222222222,1.9899999999999998,0.7032638888888889,0.7484999999999999,-50.12,32.07,-6.556944444444445,-62.87,1432,6.62962962962963,57.3046511627907,60.64814814814815,216
20,0.75,1.5,0.3,1.5,2,3,True,1.781435185185185,2.075,0.7349583333333334,0.8605,-41.03,34.2,-5.537870370370371,-59.12,982,4.546296296296297,60.123671497584546,67.5925925925926,216
15,0.75,1.0,-0.3,1.5,3,3,True,1.7795833333333333,1.66,0.6535925925925925,0.917,-51.77,19.79,-4.189305555555555,-51.87,1029,4.763888888888889,56.453658536585365,67.5925925925926,216
20,0.5,1.0,0.0,2.0,5,5,True,1.7785648148148145,1.375,0.598486111111111,0.8274999999999999,-23.06,29.41,-3.1685185185185185,-26.54,813,3.763888888888889,60.478571428571435,58.333333333333336,216
15,0.75,1.5,-0.3,2.5,2,5,True,1.7759722222222223,1.835,0.6120972222222221,0.7244999999999999,-42.39,34.08,-6.64712962962963,-61.22,816,3.7777777777777777,63.353500000000004,62.5,216
20,0.3,1.0,0.0,1.5,3,3,True,1.774675925925926,1.53,0.5312453703703703,0.615,-51.5,28.83,-4.733055555555556,-54.58,1628,7.537037037037037,56.37594339622642,62.03703703703704,216
20,0.3,1.0,-0.3,2.5,3,3,True,1.774537037037037,1.71,0.5812777777777778,0.771,-69.99,28.51,-5.103518518518519,-73.23,1582,7.324074074074074,57.16901408450704,62.03703703703704,216
20,0.5,1.5,-0.3,2.0,3,7,True,1.771388888888889,1.47,0.6314398148148149,0.724,-74.58,45.36,-5.038333333333333,-76.59,783,3.625,64.69848484848485,65.27777777777779,216
15,0.5,2.0,0.3,2.5,2,7,True,1.7711574074074075,1.97,0.7570787037037037,0.8085,-34.3,47.46,-5.908333333333332,-58.1,948,4.388888888888889,69.47582938388625,66.20370370370371,216
15,0.3,1.0,0.0,1.5,2,3,True,1.7697685185185184,1.625,0.627898148148148,0.624,-26.93,32.41,-6.2912037037037045,-58.31,2039,9.439814814814815,54.89074074074074,59.72222222222222,216
20,0.5,1.0,-0.3,2.5,5,5,True,1.769490740740741,1.335,0.5843194444444444,0.7955,-23.06,29.41,-3.4296759259259257,-26.54,809,3.7453703703703702,58.682142857142864,58.333333333333336,216
15,0.3,1.5,0.3,2.0,2,7,True,1.7693981481481482,1.94,0.6929212962962963,0.655,-34.02,47.46,-6.200138888888889,-59.09,1259,5.828703703703703,66.49583333333332,65.74074074074075,216
15,0.5,1.0,-0.3,2.0,5,7,True,1.7682407407407408,1.245,0.6073101851851852,1.016,-19.87,31.56,-3.039351851851851,-22.63,681,3.1527777777777777,64.41693989071038,62.5,216
15,0.5,2.0,0.0,2.5,2,7,True,1.7674537037037037,1.97,0.7211805555555557,0.775,-35.72,40.18,-6.339768518518518,-57.77,930,4.305555555555555,65.94047619047619,63.42592592592593,216
20,0.3,2.0,0.3,1.5,2,7,True,1.7655555555555553,1.62,0.7631898148148147,0.808,-48.87,48.43,-5.788935185185185,-59.12,1199,5.550925925925926,64.95925925925927,65.27777777777779,216
20,0.75,1.0,0.3,1.5,3,3,True,1.7643518518518517,1.8199999999999998,0.5596851851851852,0.7444999999999999,-48.0,29.23,-4.641111111111111,-55.15,1134,5.25,57.01519607843137,65.74074074074075,216
20,0.3,1.5,0.3,2.5,2,3,True,1.7630555555555558,2.1399999999999997,0.7858796296296297,0.9145000000000001,-59.93,35.67,-6.128611111111112,-68.74,1503,6.958333333333333,64.05694444444445,66.20370370370371,216
20,0.75,1.0,0.3,2.5,3,3,True,1.7584259259259258,2.245,0.6531111111111111,0.8285,-66.49,28.33,-4.927592592592593,-74.18,1100,5.092592592592593,59.291866028708135,67.5925925925926,216
20,0.5,1.5,0.3,2.5,2,3,True,1.7578703703703706,1.93,0.7660879629629629,0.886,-59.36,35.85,-6.092222222222222,-68.74,1224,5.666666666666667,63.60093896713615,66.66666666666666,216
20,0.75,2.0,0.0,2.5,2,3,True,1.757638888888889,1.87,0.6978148148148149,0.719,-50.1,39.87,-6.015092592592594,-68.14,801,3.7083333333333335,64.36945812807882,64.81481481481481,216
20,0.75,2.0,-0.3,2.5,2,3,True,1.757361111111111,1.8050000000000002,0.6769166666666666,0.7135,-50.1,39.87,-6.1087037037037035,-68.14,801,3.7083333333333335,63.56930693069307,64.35185185185185,216
15,0.75,1.5,-0.3,2.0,3,7,True,1.7571296296296295,2.165,0.6982916666666668,0.9815,-72.71,39.28,-4.340833333333333,-72.71,559,2.587962962962963,70.34124293785311,63.888888888888886,216
20,0.3,1.0,0.3,1.5,5,5,True,1.757037037037037,1.19,0.6893564814814814,1.0165,-23.06,29.65,-2.7674537037037035,-26.54,1028,4.7592592592592595,63.95645933014354,65.27777777777779,216
15,0.3,1.0,-0.3,2.0,5,5,True,1.755462962962963,0.865,0.6365555555555554,0.79,-16.33,30.03,-2.4125,-21.43,869,4.023148148148148,59.671782178217825,60.18518518518518,216
20,0.3,1.5,-0.3,2.0,3,7,True,1.7551851851851852,1.455,0.6481435185185185,0.876,-74.58,45.36,-5.056990740740741,-76.59,957,4.430555555555555,64.13904761904762,66.66666666666666,216
15,0.3,1.5,0.0,1.5,2,5,True,1.7550925925925924,1.59,0.6105046296296296,0.636,-29.54,40.18,-5.74462962962963,-58.31,1361,6.300925925925926,57.03981481481481,61.57407407407407,216
20,0.75,2.0,0.3,2.5,2,3,True,1.7534722222222225,1.95,0.7558333333333332,0.86,-53.11,38.33,-5.75875,-68.14,805,3.7268518518518516,66.4231527093596,64.35185185185185,216
15,0.3,1.5,-0.3,2.5,2,5,True,1.7509259259259258,1.64,0.6331296296296296,0.738,-35.97,34.44,-6.454953703703704,-58.32,1294,5.9907407407407405,59.057209302325575,62.96296296296296,216
15,0.75,1.5,-0.3,2.5,3,7,True,1.7497685185185188,2.1100000000000003,0.7072314814814815,0.9430000000000001,-72.71,39.28,-4.498333333333333,-72.71,553,2.560185185185185,72.67486033519553,63.888888888888886,216
15,0.3,1.0,-0.3,2.0,3,3,True,1.7491203703703702,1.91,0.7039814814814815,0.7915000000000001,-52.46,17.99,-4.346481481481482,-54.97,1510,6.9907407407407405,56.65,71.29629629629629,216
20,0.5,1.0,0.3,1.5,5,5,True,1.7430555555555556,1.245,0.6556018518518519,0.9135,-23.06,29.57,-2.757407407407407,-26.54,831,3.8472222222222223,62.94974358974358,65.27777777777779,216
20,0.3,1.0,-0.3,1.5,5,7,True,1.7410648148148151,1.35,0.5526435185185187,0.9035,-28.03,31.05,-3.5232407407407407,-29.85,954,4.416666666666667,58.16305418719212,61.57407407407407,216
20,0.3,1.5,0.0,2.5,2,3,True,1.7380555555555557,2.0149999999999997,0.7309490740740741,0.856,-59.33,37.21,-6.383703703703703,-68.74,1486,6.87962962962963,61.65324074074074,63.888888888888886,216
15,0.5,1.0,0.0,2.0,2,3,True,1.7373611111111111,1.74,0.6728935185185184,0.7775000000000001,-32.32,32.93,-6.590092592592593,-58.31,1732,8.018518518518519,55.90185185185185,60.64814814814815,216
20,0.3,1.0,-0.3,2.0,3,3,True,1.7350925925925924,1.71,0.5774166666666667,0.771,-69.99,28.83,-5.101018518518519,-73.23,1584,7.333333333333333,56.86338028169015,61.111111111111114,216
20,0.5,2.0,0.3,2.0,2,3,True,1.733287037037037,1.8900000000000001,0.7402962962962962,0.7969999999999999,-47.28,35.85,-5.498287037037038,-59.12,1102,5.101851851851852,64.36682464454977,63.42592592592593,216
20,0.3,1.0,-0.3,2.0,5,5,True,1.7326388888888888,1.3650000000000002,0.6302500000000001,0.925,-26.74,29.41,-3.3348148148148145,-28.22,991,4.587962962962963,58.09481132075473,60.18518518518518,216
20,0.3,2.0,0.0,2.0,2,3,True,1.7320833333333334,1.705,0.7293379629629629,0.7745,-47.25,37.21,-5.819444444444445,-59.61,1368,6.333333333333333,62.52916666666666,62.96296296296296,216
15,0.75,1.0,-0.3,2.5,3,3,True,1.732037037037037,1.865,0.7284259259259259,0.9464999999999999,-70.26,19.79,-4.476898148148147,-70.97,1013,4.689814814814815,59.39903381642512,69.44444444444444,216
15,0.75,1.0,0.0,2.5,2,3,True,1.730509259259259,2.335,0.6972453703703705,0.859,-50.12,32.66,-6.827222222222222,-62.87,1428,6.611111111111111,57.53627906976744,60.18518518518518,216
20,0.75,1.0,0.3,2.0,3,3,True,1.7302314814814816,2.195,0.6503842592592592,0.8285,-66.49,28.33,-4.917268518518519,-74.18,1100,5.092592592592593,59.07272727272728,66.66666666666666,216
20,0.5,1.0,0.0,2.5,5,5,True,1.729861111111111,1.27,0.5924675925925926,0.7975,-23.06,29.41,-3.302916666666667,-26.54,813,3.763888888888889,60.7713567839196,59.72222222222222,216
15,0.75,1.5,-0.3,1.5,3,7,True,1.7293518518518516,1.88,0.6408101851851852,0.846,-51.98,39.28,-4.025787037037038,-51.98,576,2.6666666666666665,65.2271186440678,62.03703703703704,216
15,0.75,1.0,-0.3,2.0,3,3,True,1.7284722222222224,1.88,0.7187824074074074,0.9464999999999999,-70.26,19.79,-4.431388888888889,-70.97,1015,4.699074074074074,58.738834951456305,70.37037037037037,216
20,0.3,1.5,-0.3,2.5,2,3,True,1.7277314814814817,2.105,0.7099259259259261,0.826,-59.33,37.21,-6.475416666666667,-68.74,1480,6.851851851851852,59.54558139534883,63.42592592592593,216
20,0.3,1.0,0.0,2.5,3,3,True,1.7256944444444446,1.8849999999999998,0.5797361111111111,0.8165,-69.99,28.51,-5.062222222222222,-73.23,1584,7.333333333333333,58.76338028169014,61.57407407407407,216
20,0.5,2.0,0.0,2.0,2,3,True,1.7230092592592594,1.6749999999999998,0.6902037037037038,0.6785,-46.68,37.39,-5.760138888888889,-59.61,1094,5.064814814814815,62.33127962085309,62.03703703703704,216
20,0.75,1.5,0.0,1.5,2,3,True,1.7225925925925922,1.88,0.6670787037037037,0.6895,-38.02,28.05,-5.821435185185185,-59.61,978,4.527777777777778,58.81073170731707,63.888888888888886,216
20,0.75,1.5,-0.3,1.5,2,3,True,1.7222685185185185,1.8199999999999998,0.6524814814814816,0.6945,-38.02,30.32,-5.906064814814814,-59.61,978,4.527777777777778,58.04362745098039,63.888888888888886,216
20,0.75,1.0,0.0,2.0,5,7,True,1.7220370370370373,1.2149999999999999,0.5691296296296295,0.7775000000000001,-27.42,29.56,-3.736712962962963,-28.8,598,2.7685185185185186,65.37352941176471,58.79629629629629,216
20,0.3,2.0,-0.3,2.0,2,3,True,1.7217129629629628,1.5550000000000002,0.7072916666666665,0.708,-47.25,37.21,-5.916898148148149,-59.61,1362,6.305555555555555,60.24976744186046,62.03703703703704,216
15,0.5,2.0,-0.3,2.5,2,5,True,1.7210185185185185,1.585,0.663425925925926,0.677,-36.33,35.65,-6.174074074074075,-58.32,990,4.583333333333333,60.911538461538456,65.27777777777779,216
20,0.3,2.0,0.3,2.0,2,3,True,1.7188888888888891,1.96,0.7711666666666667,0.8905000000000001,-47.85,35.67,-5.56212962962963,-59.12,1385,6.412037037037037,64.78564814814816,63.888888888888886,216
20,0.5,1.0,0.3,2.0,5,5,True,1.7178703703703704,1.225,0.6674351851851852,0.9984999999999999,-23.06,29.57,-2.9239814814814813,-26.54,817,3.7824074074074074,64.59748743718593,61.57407407407407,216
20,0.5,2.0,-0.3,2.0,2,3,True,1.7167592592592593,1.475,0.6714768518518518,0.5814999999999999,-46.68,37.39,-5.854814814814814,-59.61,1090,5.046296296296297,61.28952380952381,61.57407407407407,216
15,0.5,1.0,0.3,2.0,5,5,True,1.7110185185185187,0.81,0.7284907407407407,1.0625,-17.02,27.78,-2.1926851851851854,-21.43,710,3.287037037037037,68.06281407035176,66.20370370370371,216
20,0.5,1.5,0.0,2.5,2,3,True,1.7092129629629629,1.9,0.7032499999999999,0.8045,-58.76,37.39,-6.35337962962963,-68.74,1216,5.62962962962963,61.369014084507036,63.42592592592593,216
15,0.75,1.5,-0.3,2.0,2,5,True,1.703888888888889,1.625,0.5833194444444444,0.721,-42.39,34.08,-6.571435185185185,-61.22,822,3.8055555555555554,61.71979695431472,61.111111111111114,216
20,0.5,1.5,-0.3,2.5,2,3,True,1.7030555555555555,1.9649999999999999,0.6868287037037037,0.7835000000000001,-58.76,37.39,-6.443101851851852,-68.74,1212,5.611111111111111,60.46179245283019,62.96296296296296,216
15,0.75,1.5,0.0,1.5,2,5,True,1.698935185185185,1.4449999999999998,0.5776481481481481,0.604,-33.86,39.83,-5.905231481481481,-58.52,854,3.9537037037037037,59.07817258883249,58.79629629629629,216
15,0.3,1.5,-0.3,2.0,2,5,True,1.6985185185185185,1.6,0.6152731481481482,0.7295,-35.97,34.44,-6.401435185185186,-58.32,1306,6.046296296296297,57.63581395348837,62.5,216
15,0.3,2.0,0.0,1.5,2,5,True,1.694537037037037,1.59,0.6458055555555555,0.709,-28.08,40.18,-5.536759259259259,-58.31,1267,5.8657407407407405,58.709767441860464,61.57407407407407,216
15,0.75,1.0,0.0,1.5,2,3,True,1.6944907407407408,1.3399999999999999,0.6187962962962964,0.6405000000000001,-40.45,32.66,-6.4151851851851855,-58.52,1461,6.763888888888889,53.09069767441861,59.25925925925925,216
15,0.5,1.5,0.0,2.5,2,5,True,1.694074074074074,1.62,0.644699074074074,0.7010000000000001,-36.2,40.18,-6.189398148148148,-58.31,1079,4.99537037037037,61.34292452830189,62.03703703703704,216
15,0.75,1.0,0.3,2.0,5,5,True,1.6910185185185187,1.0350000000000001,0.7124074074074074,0.946,-18.45,27.78,-2.274583333333333,-21.43,504,2.3333333333333335,72.65681818181818,63.888888888888886,216
20,0.3,1.0,0.0,2.0,3,3,True,1.6861574074074075,1.8849999999999998,0.5756898148148148,0.8015000000000001,-69.99,28.83,-5.0596759259259265,-73.23,1586,7.342592592592593,58.45774647887324,60.64814814814815,216
20,0.75,1.0,-0.3,2.0,5,3,True,1.681435185185185,1.045,0.7274907407407407,0.8494999999999999,-24.72,28.78,-2.7995370370370374,-26.54,651,3.013888888888889,65.86576086956521,61.111111111111114,216
15,0.5,2.0,-0.3,2.0,2,5,True,1.6775462962962964,1.58,0.6411666666666668,0.7124999999999999,-36.33,35.45,-6.102870370370369,-58.32,996,4.611111111111111,59.33961352657005,64.81481481481481,216
15,0.3,2.0,0.0,2.5,2,7,True,1.6757870370370367,2.035,0.7148333333333333,0.73,-35.44,40.18,-6.4175,-57.77,1127,5.217592592592593,66.5120930232558,63.42592592592593,216
20,0.3,1.0,0.3,2.5,5,7,True,1.674398148148148,1.025,0.6828425925925926,0.978,-23.06,30.59,-3.0918518518518514,-26.54,963,4.458333333333333,68.64976303317536,65.27777777777779,216
20,0.5,1.0,0.3,2.5,5,5,True,1.6730555555555555,1.16,0.6647083333333333,0.9984999999999999,-23.06,29.57,-3.057916666666667,-26.54,817,3.7824074074074074,64.98316831683168,62.5,216
15,0.3,1.0,0.0,2.5,5,5,True,1.670601851851852,0.875,0.7137083333333334,0.873,-16.33,30.19,-2.4157407407407407,-21.43,877,4.060185185185185,64.31951219512194,62.5,216
15,0.3,1.0,0.0,2.0,2,3,True,1.670046296296296,1.82,0.668412037037037,0.7215,-32.88,32.41,-6.66587962962963,-58.31,2006,9.287037037037036,57.576388888888886,59.72222222222222,216
20,0.5,1.0,0.3,1.5,3,3,True,1.6649537037037037,1.77,0.5438148148148149,0.697,-54.24,29.23,-4.631805555555555,-55.75,1390,6.435185185185185,58.07942583732058,65.27777777777779,216
15,0.3,2.0,0.3,2.5,2,7,True,1.6639351851851851,1.96,0.7569305555555557,0.7865,-34.02,47.46,-5.9998611111111115,-58.1,1153,5.337962962962963,69.79305555555555,67.12962962962963,216
20,0.3,1.5,0.3,1.5,2,3,True,1.6633796296296297,1.915,0.759574074074074,0.8075,-47.85,34.39,-5.643703703703704,-59.12,1555,7.199074074074074,61.28194444444445,66.20370370370371,216
20,0.75,1.5,0.3,2.5,3,7,True,1.6615277777777777,1.775,0.7222268518518519,0.879,-68.93,44.84,-4.737777777777778,-75.99,613,2.837962962962963,70.4321608040201,64.35185185185185,216
20,0.3,1.0,-0.3,2.5,5,5,True,1.658796296296296,1.3650000000000002,0.6263518518518518,0.933,-26.76,29.41,-3.4664814814814813,-28.48,990,4.583333333333333,58.58638497652583,60.64814814814815,216
20,0.5,1.5,0.3,1.5,2,3,True,1.6582870370370368,1.8650000000000002,0.7387916666666667,0.808,-47.28,34.39,-5.587962962962963,-59.12,1272,5.888888888888889,60.08356807511737,66.20370370370371,216
20,0.3,1.0,0.0,2.0,5,5,True,1.6553703703703706,1.49,0.6240277777777777,0.9724999999999999,-26.81,29.41,-3.2464814814814815,-28.23,1003,4.643518518518518,60.95283018867924,60.64814814814815,216
15,0.75,1.0,0.0,2.0,5,3,True,1.6549074074074075,1.22,0.7469907407407407,0.915,-18.45,30.78,-1.9896296296296296,-21.43,522,2.4166666666666665,71.07127071823204,62.96296296296296,216
20,0.3,1.0,0.3,2.0,5,7,True,1.6534722222222225,1.05,0.6584722222222221,0.9425,-23.06,30.59,-3.059675925925925,-26.54,968,4.481481481481482,67.42,63.888888888888886,216
15,0.5,1.5,0.3,1.5,2,5,True,1.6523611111111112,1.43,0.6153425925925925,0.5660000000000001,-29.16,47.46,-5.401435185185186,-59.09,1138,5.268518518518518,59.442723004694834,62.5,216
20,0.75,1.0,0.3,2.0,5,7,True,1.6522685185185186,1.185,0.6376712962962963,0.8915,-28.55,29.72,-3.388009259259259,-29.21,606,2.8055555555555554,67.6635359116022,59.72222222222222,216
15,0.3,1.0,-0.3,2.5,5,5,True,1.6494444444444443,0.745,0.6311805555555554,0.779,-16.33,30.03,-2.5322685185185185,-21.43,869,4.023148148148148,60.44158415841584,58.79629629629629,216
15,0.5,2.0,0.0,2.0,2,7,True,1.6485648148148149,1.865,0.6741296296296297,0.7825,-35.72,40.18,-6.306111111111111,-58.31,945,4.375,63.17,62.5,216
20,0.5,1.0,0.0,1.5,5,7,True,1.6430092592592591,1.21,0.48531018518518526,0.6785,-27.42,31.25,-3.395185185185185,-28.8,801,3.7083333333333335,59.05340314136126,57.870370370370374,216
15,0.3,2.0,-0.3,1.5,3,7,True,1.6408333333333331,1.05,0.6560787037037036,0.837,-34.18,39.52,-3.8376851851851854,-35.59,932,4.314814814814815,61.92019704433497,63.888888888888886,216
20,0.5,1.0,0.3,2.5,3,3,True,1.6401388888888888,2.2649999999999997,0.6305,0.843,-72.73,28.33,-4.952499999999999,-74.76,1354,6.268518518518518,60.95876777251185,64.35185185185185,216
20,0.75,1.0,0.0,2.5,5,7,True,1.639861111111111,1.2149999999999999,0.5418101851851852,0.712,-27.42,29.56,-3.8799537037037037,-28.8,598,2.7685185185185186,66.5264705882353,57.870370370370374,216
15,0.75,2.0,0.0,1.5,2,5,True,1.6383796296296298,1.4849999999999999,0.6041666666666666,0.623,-33.86,39.83,-5.693194444444445,-58.52,760,3.5185185185185186,62.14484536082475,58.79629629629629,216
15,0.75,2.0,-0.3,2.5,2,5,True,1.6377777777777778,1.5750000000000002,0.6271712962962963,0.656,-42.39,36.57,-6.453287037037036,-61.22,728,3.3703703703703702,65.75583756345178,62.5,216
20,0.5,1.0,0.0,2.5,5,7,True,1.6376388888888886,1.37,0.5439259259259259,0.716,-27.42,31.25,-3.640787037037037,-28.8,773,3.5787037037037037,61.6135,58.333333333333336,216
20,0.3,1.0,-0.3,2.0,5,3,True,1.6373611111111108,1.155,0.7203148148148147,0.7995000000000001,-24.33,29.76,-2.836574074074074,-26.54,1096,5.074074074074074,61.55550239234449,64.35185185185185,216
20,0.5,1.0,0.0,2.0,5,7,True,1.6359259259259258,1.37,0.5418888888888889,0.7785,-27.42,31.25,-3.5924537037037036,-28.8,776,3.5925925925925926,61.11370558375635,58.333333333333336,216
20,0.3,1.5,0.3,2.5,3,7,True,1.632314814814815,1.725,0.7656805555555556,1.054,-75.18,45.05,-4.58925925925926,-76.59,986,4.564814814814815,72.5488262910798,69.9074074074074,216
15,0.75,2.0,0.3,2.5,2,7,True,1.6303240740740739,1.98,0.7202407407407407,0.721,-48.47,47.11,-6.219537037037036,-61.22,717,3.3194444444444446,70.2799019607843,63.888888888888886,216
20,0.75,1.0,0.3,2.0,5,3,True,1.6281944444444443,1.165,0.7801157407407407,0.9495,-24.72,28.78,-2.59625,-26.54,651,3.013888888888889,67.61736842105263,64.35185185185185,216
20,0.3,1.0,0.3,2.0,5,5,True,1.6274074074074076,1.19,0.706375,1.0884999999999998,-27.56,29.65,-2.9964814814814815,-28.63,1010,4.675925925925926,65.27594339622641,64.35185185185185,216
20,0.75,1.0,-0.3,2.5,5,3,True,1.6272222222222223,1.0150000000000001,0.7271388888888889,0.9155,-24.72,28.78,-2.8925462962962962,-26.54,651,3.013888888888889,66.13135135135134,61.111111111111114,216
15,0.5,1.0,0.0,2.0,5,7,True,1.626388888888889,1.4849999999999999,0.6540324074074073,1.026,-19.87,31.72,-2.8838425925925923,-22.63,695,3.2175925925925926,67.94308510638298,62.96296296296296,216
20,0.3,1.0,0.3,1.5,3,3,True,1.6259259259259258,1.6949999999999998,0.5529814814814814,0.722,-54.24,29.31,-4.641203703703704,-55.75,1637,7.578703703703703,58.95566037735849,63.888888888888886,216
20,0.75,1.0,0.0,1.5,5,7,True,1.6251851851851853,1.0750000000000002,0.4930185185185185,0.664,-27.42,29.56,-3.4977777777777783,-28.8,612,2.8333333333333335,62.31419753086419,56.018518518518526,216
20,0.3,1.0,0.0,2.5,5,7,True,1.6239351851851853,1.0350000000000001,0.5460370370370371,0.629,-23.06,30.34,-3.454490740740741,-26.54,936,4.333333333333333,63.81674641148326,58.333333333333336,216
20,0.3,1.0,0.0,2.5,5,5,True,1.6237037037037039,1.49,0.6318564814814814,0.941,-26.81,29.41,-3.370462962962963,-28.69,1002,4.638888888888889,61.54225352112676,61.57407407407407,216
20,0.75,1.0,-0.3,1.5,5,3,True,1.6209722222222223,0.9550000000000001,0.6925925925925925,0.9095,-24.72,28.78,-2.6740277777777774,-26.54,661,3.060185185185185,63.870718232044204,59.72222222222222,216
20,0.5,1.0,0.3,2.0,3,3,True,1.620138888888889,2.26,0.6263425925925927,0.8534999999999999,-72.73,28.33,-4.934398148148148,-74.76,1356,6.277777777777778,60.63317535545024,64.35185185185185,216
15,0.75,1.0,-0.3,2.0,5,3,True,1.6199074074074074,0.785,0.6998657407407407,0.6895,-18.45,30.78,-2.0764814814814816,-21.43,522,2.4166666666666665,69.7756906077348,60.64814814814815,216
15,0.5,2.0,0.3,2.0,2,7,True,1.6197222222222223,1.8650000000000002,0.7068935185185187,0.7935000000000001,-34.3,47.46,-5.869722222222221,-59.09,963,4.458333333333333,66.86208530805688,65.27777777777779,216
20,0.5,1.5,0.0,1.5,3,5,True,1.6183796296296298,1.16,0.5477222222222222,0.6884999999999999,-53.85,31.44,-4.12875,-55.86,885,4.097222222222222,62.124378109452735,62.5,216
20,0.3,2.0,0.0,2.5,2,3,True,1.6171296296296294,1.87,0.752212962962963,0.8895,-59.33,37.21,-6.128240740740741,-68.74,1356,6.277777777777778,63.31203703703703,65.27777777777779,216
15,0.75,1.0,0.0,1.5,5,3,True,1.615601851851852,0.875,0.7047083333333334,0.9065000000000001,-18.45,30.78,-1.8590277777777775,-21.43,526,2.435185185185185,69.96666666666667,63.42592592592593,216
15,0.3,2.0,-0.3,2.5,2,5,True,1.6150925925925927,1.5750000000000002,0.6552083333333334,0.727,-35.97,34.44,-6.260601851851852,-58.32,1207,5.587962962962963,60.05514018691589,64.35185185185185,216
15,0.5,1.5,0.0,2.0,2,5,True,1.6141666666666665,1.47,0.6158935185185185,0.6375,-36.2,40.18,-6.1594444444444445,-58.31,1085,5.023148148148148,59.72748815165877,62.5,216
20,0.3,2.0,0.3,2.5,2,3,True,1.6126851851851853,2.115,0.8013564814814814,0.954,-59.93,35.67,-5.872870370370371,-68.74,1373,6.356481481481482,65.6763888888889,65.74074074074075,216
20,0.75,1.5,0.0,1.5,3,5,True,1.6116203703703704,1.41,0.5027546296296296,0.644,-45.19,31.01,-4.272592592592592,-55.26,671,3.1064814814814814,63.54153005464481,62.03703703703704,216
15,0.5,2.0,-0.3,1.5,3,7,True,1.6108333333333333,1.0950000000000002,0.6472083333333332,0.7895000000000001,-34.18,39.28,-3.799907407407407,-35.59,748,3.462962962962963,62.90984455958549,62.03703703703704,216
15,0.75,1.0,0.0,2.0,5,7,True,1.6091666666666666,1.4249999999999998,0.6346805555555556,0.895,-19.93,31.72,-3.013333333333333,-21.73,502,2.324074074074074,72.2239263803681,59.25925925925925,216
20,0.3,1.0,0.3,2.5,5,5,True,1.6075925925925927,1.19,0.7181805555555556,1.0245,-28.03,29.65,-3.119675925925926,-29.1,1010,4.675925925925926,65.9981220657277,65.27777777777779,216
20,0.5,2.0,0.3,2.5,2,3,True,1.6075000000000002,2.02,0.7607222222222222,0.8825000000000001,-59.36,35.85,-5.820694444444444,-68.74,1094,5.064814814814815,64.97914691943129,64.35185185185185,216
20,0.3,2.0,0.0,2.5,3,7,True,1.6074537037037036,0.925,0.7527453703703704,0.919,-74.58,45.66,-4.497268518518519,-76.59,894,4.138888888888889,69.3457142857143,68.98148148148148,216
20,0.3,2.0,-0.3,2.5,2,3,True,1.6068055555555556,1.79,0.7265601851851853,0.8534999999999999,-59.33,37.21,-6.224259259259259,-68.74,1350,6.25,61.03627906976744,64.35185185185185,216
20,0.5,2.0,0.0,2.5,3,7,True,1.6039814814814817,1.04,0.7261296296296296,0.7525,-74.58,45.66,-4.509768518518519,-76.59,717,3.3194444444444446,68.3924623115578,65.74074074074075,216
20,0.3,1.0,0.3,2.0,5,3,True,1.600925925925926,1.375,0.7978472222222222,1.047,-24.93,29.76,-2.621111111111111,-26.54,1102,5.101851851851852,67.1598086124402,68.05555555555556,216
15,0.75,1.0,0.3,1.5,5,5,True,1.6007407407407408,0.855,0.6673657407407408,0.9345,-18.45,27.78,-2.076157407407407,-21.43,508,2.3518518518518516,69.8093567251462,63.888888888888886,216
20,0.3,1.0,-0.3,2.5,5,3,True,1.6005555555555557,1.1600000000000001,0.735662037037037,0.946,-24.33,29.76,-2.915462962962963,-26.54,1093,5.060185185185185,62.1352380952381,63.888888888888886,216
20,0.3,1.0,0.0,2.0,5,7,True,1.5986111111111112,1.005,0.5238518518518519,0.654,-23.06,30.34,-3.4206944444444445,-26.54,942,4.361111111111111,62.74086538461539,59.72222222222222,216
15,0.75,2.0,0.0,2.5,2,7,True,1.598425925925926,2.1,0.6769490740740741,0.6915,-42.39,39.83,-6.692407407407408,-61.22,711,3.2916666666666665,67.5695,62.5,216
15,0.75,1.5,0.0,2.5,2,5,True,1.5982407407407409,1.8450000000000002,0.6117222222222223,0.722,-42.39,39.83,-6.475787037037037,-61.22,816,3.7777777777777777,64.87462686567164,61.111111111111114,216
20,0.3,1.5,0.0,1.5,2,3,True,1.5969444444444447,1.82,0.6976296296296296,0.7255,-47.25,26.54,-5.9282407407407405,-59.61,1538,7.12037037037037,58.991203703703704,62.96296296296296,216
15,0.75,1.0,0.0,2.0,2,3,True,1.596898148148148,1.87,0.6533287037037039,0.6925,-50.12,32.66,-6.783564814814815,-62.87,1428,6.611111111111111,56.102790697674415,59.72222222222222,216
10,0.75,1.0,-0.3,2.5,2,7,True,1.5952314814814814,1.76,0.5778472222222222,0.538,-31.69,26.5,-6.825324074074074,-56.29,1157,5.356481481481482,59.1256038647343,60.18518518518518,216
20,0.5,1.5,0.3,2.5,3,7,True,1.5933333333333335,1.79,0.7615879629629629,1.015,-75.18,45.05,-4.604444444444444,-76.59,794,3.675925925925926,70.94106280193236,67.5925925925926,216
15,0.5,1.0,0.3,2.5,5,5,True,1.5909259259259259,0.9099999999999999,0.708875,1.0625,-17.02,27.78,-2.323611111111111,-21.43,710,3.287037037037037,68.81055276381909,64.35185185185185,216
15,0.5,2.0,0.3,1.5,2,5,True,1.59087962962963,1.4649999999999999,0.6527592592592592,0.6925,-28.25,47.46,-5.185555555555555,-59.09,1044,4.833333333333333,61.87095238095239,63.42592592592593,216
15,0.75,1.0,0.0,2.5,5,3,True,1.5894444444444447,1.01,0.7358287037037038,0.8985000000000001,-18.45,30.78,-2.0476851851851854,-21.43,522,2.4166666666666665,71.07127071823204,62.5,216
20,0.5,2.0,0.0,2.5,2,3,True,1.5882870370370368,1.7349999999999999,0.7035000000000001,0.753,-58.76,37.39,-6.080787037037037,-68.74,1086,5.027777777777778,62.763507109004735,62.96296296296296,216
20,0.75,2.0,0.0,2.5,3,7,True,1.5868055555555556,1.09,0.6523425925925926,0.6725,-65.92,45.23,-4.692731481481482,-75.99,544,2.5185185185185186,69.11657754010695,63.42592592592593,216
20,0.3,1.0,0.3,2.5,3,3,True,1.586666666666667,2.065,0.6120231481481482,0.8685,-72.73,28.41,-4.952314814814816,-74.76,1593,7.375,61.486854460093895,62.96296296296296,216
20,0.3,1.5,-0.3,1.5,2,3,True,1.5863888888888888,1.81,0.6793842592592593,0.7275,-47.25,30.59,-6.0159722222222225,-59.61,1532,7.092592592592593,56.937674418604644,62.96296296296296,216
15,0.3,1.5,0.0,2.5,2,5,True,1.583935185185185,1.59,0.6280694444444445,0.706,-35.92,40.18,-6.265138888888889,-58.31,1299,6.013888888888889,61.85255813953488,61.111111111111114,216
20,0.5,2.0,-0.3,2.5,2,3,True,1.5821296296296297,1.7149999999999999,0.6814675925925926,0.683,-58.76,37.39,-6.173796296296296,-68.74,1082,5.0092592592592595,61.72380952380952,62.5,216
15,0.75,1.0,-0.3,1.5,5,3,True,1.5806018518518516,0.78,0.6544074074074074,0.638,-18.45,30.78,-1.9475,-21.43,526,2.435185185185185,69.03238636363636,60.64814814814815,216
20,0.75,1.0,0.0,2.0,5,3,True,1.5799999999999998,1.0550000000000002,0.7157314814814816,0.8674999999999999,-24.72,28.78,-2.712314814814815,-26.54,651,3.013888888888889,66.45567567567568,61.111111111111114,216
20,0.5,1.0,0.3,2.0,5,7,True,1.5788425925925924,1.185,0.6441666666666668,0.823,-28.55,31.41,-3.231111111111111,-29.21,787,3.6435185185185186,66.66231155778894,61.57407407407407,216
15,0.5,1.0,-0.3,2.5,5,7,True,1.5787962962962963,1.15,0.6064166666666666,0.888,-19.87,31.56,-3.2645370370370377,-22.63,679,3.1435185185185186,64.86612903225806,63.888888888888886,216
20,0.5,1.5,0.0,1.5,2,3,True,1.5777314814814816,1.645,0.6716157407407407,0.6975,-46.68,26.54,-5.873101851851852,-59.61,1264,5.851851851851852,58.071361502347415,63.888888888888886,216
20,0.5,1.0,0.3,2.5,5,7,True,1.577175925925926,0.9550000000000001,0.6510879629629629,0.823,-28.55,31.41,-3.274027777777778,-29.21,784,3.6296296296296298,67.56766169154228,62.96296296296296,216
15,0.5,1.0,0.0,2.0,5,3,True,1.5753703703703703,0.77,0.7003101851851852,0.909,-17.58,30.78,-2.008611111111111,-21.43,744,3.4444444444444446,65.62944162436548,64.81481481481481,216
15,0.3,1.0,0.0,1.5,5,5,True,1.572685185185185,0.7,0.6849861111111111,0.873,-16.33,30.19,-2.1597685185185185,-21.43,889,4.1157407407407405,60.39852216748769,64.35185185185185,216
20,0.75,1.0,0.3,2.5,5,3,True,1.5721296296296297,1.165,0.778337962962963,0.984,-24.72,28.78,-2.6900925925925923,-26.54,651,3.013888888888889,67.86544502617802,64.35185185185185,216
20,0.5,1.5,-0.3,1.5,2,3,True,1.5716666666666668,1.645,0.656861111111111,0.7204999999999999,-46.68,30.59,-5.957268518518519,-59.61,1260,5.833333333333333,57.14858490566038,62.96296296296296,216
20,0.75,1.0,0.3,2.5,5,7,True,1.570833333333333,1.1,0.6123055555555554,0.9265,-28.55,29.72,-3.528842592592593,-29.21,606,2.8055555555555554,68.73314917127071,60.18518518518518,216
15,0.75,1.0,-0.3,1.5,5,7,True,1.5705555555555557,1.11,0.5328611111111111,0.589,-23.19,31.56,-2.9002314814814816,-23.19,505,2.337962962962963,65.13398692810458,54.629629629629626,216
20,0.75,1.0,0.3,1.5,5,3,True,1.5676851851851852,1.02,0.7525277777777778,0.9764999999999999,-24.72,28.78,-2.467824074074074,-26.54,661,3.060185185185185,65.71390374331551,63.888888888888886,216
15,0.75,2.0,-0.3,2.0,2,5,True,1.5676388888888886,1.5950000000000002,0.5949861111111111,0.685,-42.39,36.57,-6.368796296296296,-61.22,734,3.3981481481481484,64.0056701030928,61.111111111111114,216
20,0.75,1.5,0.0,2.5,3,5,True,1.5675,1.55,0.5909675925925926,0.774,-65.92,28.05,-4.75375,-75.99,635,2.939814814814815,66.83191489361703,62.5,216
15,0.3,1.5,0.3,1.5,2,5,True,1.5650000000000002,1.5,0.5966574074074074,0.6005,-30.65,47.46,-5.465972222222223,-59.09,1377,6.375,61.010185185185186,62.03703703703704,216
15,0.5,1.0,0.3,2.0,5,7,True,1.5647685185185187,1.38,0.7213564814814815,1.1995,-17.02,27.78,-2.456388888888889,-21.43,694,3.212962962962963,70.78291457286431,65.74074074074075,216
15,0.3,2.0,-0.3,2.0,2,5,True,1.5646296296296298,1.51,0.6358935185185186,0.743,-35.97,34.44,-6.198101851851852,-58.32,1219,5.643518518518518,58.63925233644859,62.96296296296296,216
15,0.3,1.0,-0.3,1.5,5,5,True,1.5638425925925927,0.73,0.6072500000000001,0.749,-16.33,30.03,-2.293888888888889,-21.43,881,4.078703703703703,56.81450000000001,61.111111111111114,216
20,0.5,1.0,-0.3,2.0,5,3,True,1.5624074074074075,0.925,0.6738240740740741,0.687,-24.72,30.59,-2.857685185185185,-26.54,875,4.050925925925926,61.15931372549019,62.03703703703704,216
20,0.75,1.5,0.0,2.0,3,5,True,1.5603240740740743,1.5,0.5665555555555556,0.728,-65.92,28.05,-4.683101851851852,-75.99,635,2.939814814814815,66.4752688172043,60.64814814814815,216
20,0.5,1.5,0.0,2.5,3,5,True,1.558055555555556,1.52,0.6539027777777777,0.804,-74.58,28.48,-4.579861111111111,-76.59,847,3.9212962962962963,65.79901960784315,63.888888888888886,216
20,0.3,1.0,0.3,2.5,5,3,True,1.556851851851852,1.34,0.8115416666666667,1.0859999999999999,-25.01,29.76,-2.704675925925926,-26.54,1100,5.092592592592593,67.67904761904762,68.05555555555556,216
15,0.5,2.0,-0.3,2.5,3,7,True,1.5566666666666666,1.07,0.6789305555555556,0.8965,-54.91,39.28,-4.227361111111112,-56.32,717,3.3194444444444446,68.72835051546392,62.5,216
15,0.75,1.0,-0.3,2.5,5,3,True,1.5544444444444447,0.74,0.6890972222222222,0.599,-18.45,30.78,-2.135648148148148,-21.43,522,2.4166666666666665,69.7756906077348,60.18518518518518,216
15,0.75,2.0,-0.3,1.5,3,7,True,1.5530555555555556,1.645,0.6176666666666667,0.826,-51.98,39.28,-4.0146296296296295,-51.98,558,2.5833333333333335,66.67687861271675,60.18518518518518,216
15,0.3,2.0,-0.3,2.5,3,7,True,1.5528703703703701,1.3399999999999999,0.7078194444444444,0.986,-54.91,39.52,-4.24537037037037,-56.32,896,4.148148148148148,67.77669902912622,62.5,216
15,0.5,2.0,-0.3,2.0,3,7,True,1.5525000000000002,1.325,0.6694814814814815,0.9615,-54.91,39.28,-4.0724074074074075,-56.32,725,3.3564814814814814,66.4217616580311,63.42592592592593,216
15,0.75,1.5,0.3,1.5,2,5,True,1.551898148148148,1.43,0.5727407407407408,0.5814999999999999,-39.94,47.11,-5.595833333333333,-59.26,860,3.9814814814814814,60.71542288557214,59.25925925925925,216
20,0.3,1.0,0.3,2.0,3,3,True,1.5494444444444442,1.93,0.6087731481481482,0.8685,-72.73,28.41,-4.947777777777778,-74.76,1595,7.3842592592592595,61.1849765258216,62.5,216
15,0.75,2.0,0.0,2.0,2,7,True,1.5479166666666668,2.02,0.6563287037037037,0.6605000000000001,-42.39,39.83,-6.596064814814815,-61.22,720,3.3333333333333335,65.95279187817259,61.111111111111114,216
15,0.3,2.0,-0.3,2.0,3,7,True,1.5478240740740743,1.47,0.6812638888888889,1.0270000000000001,-54.91,39.52,-4.085787037037037,-56.32,904,4.185185185185185,65.81231527093597,63.888888888888886,216
15,0.3,2.0,0.0,2.0,2,7,True,1.5470370370370372,1.7999999999999998,0.6669675925925925,0.6890000000000001,-35.44,40.18,-6.388055555555555,-58.31,1148,5.314814814814815,64.27162790697675,62.96296296296296,216
20,0.3,1.0,0.0,1.5,5,7,True,1.5469907407407408,0.925,0.49880555555555556,0.676,-27.72,30.34,-3.3922685185185184,-29.93,975,4.513888888888889,60.59707317073171,59.72222222222222,216
20,0.75,2.0,0.3,1.5,2,3,True,1.5450462962962963,1.68,0.7167083333333333,0.7655000000000001,-41.03,34.2,-5.325185185185184,-59.12,838,3.8796296296296298,62.376960784313724,64.35185185185185,216
15,0.75,1.0,0.3,2.5,5,5,True,1.5446296296296298,1.0,0.6770648148148147,0.946,-18.45,27.78,-2.408425925925926,-21.43,504,2.3333333333333335,72.65681818181818,62.5,216
10,0.3,1.0,-0.3,2.5,3,7,True,1.5435185185185185,1.89,0.7882083333333334,1.1364999999999998,-54.35,29.35,-3.724120370370371,-55.09,1119,5.180555555555555,67.75047169811322,66.66666666666666,216
20,0.75,1.5,0.3,2.0,3,7,True,1.5435185185185185,1.5,0.6576666666666667,0.766,-68.93,44.84,-4.7236111111111105,-75.99,613,2.837962962962963,69.79740932642488,62.03703703703704,216
10,0.3,1.0,0.0,2.5,3,7,True,1.5434722222222221,1.72,0.8747175925925925,1.286,-54.35,31.15,-3.4218981481481485,-55.09,1127,5.217592592592593,71.89342723004695,67.5925925925926,216
15,0.5,2.0,0.0,2.5,2,5,True,1.543009259259259,1.585,0.6658287037037036,0.6970000000000001,-36.2,40.18,-5.984768518518519,-58.31,992,4.592592592592593,63.202870813397126,62.03703703703704,216
15,0.5,1.0,-0.3,1.5,5,7,True,1.539074074074074,1.065,0.5266712962962962,0.777,-24.67,31.56,-2.860324074074074,-24.67,695,3.2175925925925926,60.10847457627119,60.18518518518518,216
20,0.3,1.0,0.0,2.0,5,3,True,1.5382407407407408,1.3050000000000002,0.6989166666666667,0.8915,-24.79,29.76,-2.7487500000000002,-26.54,1100,5.092592592592593,63.55023923444976,63.42592592592593,216
10,0.75,1.0,0.0,2.5,2,7,True,1.5367592592592592,1.995,0.6297824074074074,0.633,-31.69,26.14,-6.507129629629629,-56.29,1155,5.347222222222222,62.510952380952375,63.42592592592593,216
15,0.5,1.0,0.3,1.5,5,5,True,1.5344907407407407,0.6799999999999999,0.6833657407407407,1.0755,-17.02,27.78,-2.07037037037037,-21.43,720,3.3333333333333335,64.17969543147208,66.66666666666666,216
15,0.75,2.0,0.3,2.0,2,7,True,1.533287037037037,1.86,0.6809814814814814,0.6875,-48.47,47.11,-6.107731481481482,-61.22,726,3.361111111111111,67.98768472906404,62.5,216
20,0.5,1.5,0.0,1.5,3,7,True,1.532037037037037,0.745,0.5303148148148148,0.6100000000000001,-53.85,31.04,-4.425648148148149,-55.86,841,3.8935185185185186,61.8725,60.18518518518518,216
20,0.5,1.5,0.0,2.0,3,5,True,1.5319444444444448,1.44,0.604773148148148,0.7155,-74.58,28.48,-4.523425925925927,-76.59,849,3.9305555555555554,65.04752475247525,62.03703703703704,216
15,0.5,1.0,-0.3,2.0,5,3,True,1.5319444444444443,0.665,0.6504814814814814,0.729,-17.58,30.78,-2.1035185185185186,-21.43,742,3.435185185185185,63.46275510204082,62.5,216
15,0.3,1.0,0.3,2.0,5,5,True,1.526527777777778,0.865,0.7141342592592592,0.9485,-17.02,27.32,-2.1679629629629633,-21.43,882,4.083333333333333,66.95384615384616,65.74074074074075,216
20,0.75,1.0,0.0,2.5,5,3,True,1.5257407407407404,1.0550000000000002,0.7153472222222221,0.9155,-24.72,28.78,-2.805324074074074,-26.54,651,3.013888888888889,66.71666666666667,61.111111111111114,216
20,0.5,2.0,0.0,2.0,3,7,True,1.5251388888888886,1.08,0.6664768518518519,0.7095,-74.58,45.66,-4.5166203703703705,-76.59,725,3.3564814814814814,67.2761421319797,63.888888888888886,216
15,0.75,1.0,0.3,2.0,5,3,True,1.5243518518518517,1.17,0.7649861111111109,1.0905,-18.45,27.78,-1.8010185185185184,-21.43,522,2.4166666666666665,73.17135135135135,65.74074074074075,216
15,0.75,1.5,0.0,2.0,2,5,True,1.522175925925926,1.5750000000000002,0.580763888888889,0.636,-42.39,39.83,-6.401527777777778,-61.22,822,3.8055555555555554,63.27171717171717,60.18518518518518,216
15,0.75,1.0,0.3,2.0,5,7,True,1.521111111111111,1.225,0.6866666666666666,1.0114999999999998,-18.45,27.78,-2.586388888888889,-21.43,500,2.314814814814815,75.49011627906977,62.03703703703704,216
20,0.5,1.0,0.3,2.0,5,3,True,1.5205555555555554,1.22,0.7602546296296296,0.9584999999999999,-24.72,30.59,-2.645648148148148,-26.54,877,4.060185185185185,65.81756097560977,66.20370370370371,216
20,0.75,1.0,0.0,1.5,5,3,True,1.5195370370370371,0.995,0.6804398148148147,0.931,-24.72,28.78,-2.586851851851852,-26.54,661,3.060185185185185,64.48131868131868,59.72222222222222,216
20,0.5,1.0,-0.3,2.5,5,3,True,1.516064814814815,0.925,0.6852314814814814,0.7195,-24.72,30.59,-2.9463425925925923,-26.54,875,4.050925925925926,61.6247572815534,61.57407407407407,216
20,0.75,2.0,0.0,2.0,3,7,True,1.5158333333333334,1.13,0.6165462962962963,0.6165,-65.92,45.23,-4.683333333333334,-75.99,544,2.5185185185185186,68.74153005464481,62.5,216
20,0.75,2.0,0.0,1.5,2,3,True,1.515648148148148,1.44,0.6570833333333334,0.58,-38.02,26.34,-5.608981481481481,-59.61,834,3.861111111111111,61.07178217821782,64.35185185185185,216
20,0.75,2.0,-0.3,1.5,2,3,True,1.515324074074074,1.415,0.6372916666666667,0.6,-38.02,30.32,-5.699074074074074,-59.61,834,3.861111111111111,60.25124378109453,63.888888888888886,216
20,0.5,1.0,-0.3,1.5,5,3,True,1.5150000000000001,0.855,0.6377777777777778,0.7495,-24.72,30.59,-2.7301851851851855,-26.54,891,4.125,59.246534653465346,60.64814814814815,216
10,0.3,1.0,0.0,2.5,2,7,True,1.5137037037037038,2.08,0.6343935185185186,0.654,-31.5,26.14,-6.565555555555555,-55.91,1648,7.62962962962963,65.45324074074074,63.42592592592593,216
15,0.5,1.0,0.0,2.5,5,3,True,1.5135185185185185,0.755,0.6902268518518518,0.8925000000000001,-17.58,30.78,-2.07912037037037,-21.43,744,3.4444444444444446,65.83248730964468,64.81481481481481,216
20,0.3,1.0,0.3,1.5,5,7,True,1.5093518518518518,1.065,0.621101851851852,0.9125000000000001,-29.3,30.59,-3.0756481481481477,-30.36,1002,4.638888888888889,64.82067307692309,63.42592592592593,216
15,0.3,2.0,0.3,2.0,2,7,True,1.5091666666666668,1.88,0.7039074074074073,0.779,-34.02,47.46,-5.959444444444444,-59.09,1172,5.425925925925926,67.5925925925926,66.66666666666666,216
15,0.3,1.5,-0.3,1.5,3,5,True,1.5089351851851853,0.94,0.6483518518518517,0.7495,-34.18,28.41,-3.525462962962963,-35.59,1022,4.731481481481482,60.0421568627451,65.27777777777779,216
15,0.75,1.0,0.3,1.5,5,3,True,1.508287037037037,0.955,0.7303194444444444,1.111,-18.45,27.78,-1.6651388888888887,-21.43,526,2.435185185185185,72.09060773480664,66.20370370370371,216
20,0.5,1.0,0.3,1.5,5,7,True,1.5054166666666664,1.25,0.5902546296296296,0.787,-28.55,31.41,-3.0731944444444443,-29.21,811,3.7546296296296298,64.12371134020619,63.42592592592593,216
15,0.5,1.5,0.3,2.5,2,5,True,1.5053240740740739,1.68,0.6364444444444445,0.663,-34.3,47.46,-5.907453703703704,-59.09,1091,5.050925925925926,65.31596244131455,62.96296296296296,216
20,0.3,1.0,-0.3,1.5,5,3,True,1.5049537037037037,0.8200000000000001,0.6591018518518518,0.7695000000000001,-24.33,29.76,-2.789814814814815,-26.54,1114,5.157407407407407,60.117391304347834,62.96296296296296,216
15,0.75,2.0,-0.3,2.0,3,7,True,1.5049074074074074,2.075,0.6526527777777779,0.9430000000000001,-72.71,39.28,-4.31962962962963,-72.71,541,2.5046296296296298,70.75375722543353,61.57407407407407,216
15,0.3,2.0,0.3,1.5,2,5,True,1.5035185185185185,1.545,0.6320555555555556,0.6805000000000001,-28.25,47.46,-5.254814814814814,-59.09,1283,5.939814814814815,62.78744186046512,62.96296296296296,216
10,0.3,1.0,0.3,2.5,3,7,True,1.5033796296296293,1.5899999999999999,0.7838101851851852,1.2275,-19.15,17.53,-2.9800000000000004,-23.26,1147,5.310185185185185,72.06168224299066,66.20370370370371,216
15,0.5,1.5,-0.3,1.5,3,5,True,1.5024537037037036,0.925,0.6369074074074074,0.7175,-34.18,27.83,-3.465138888888889,-35.59,810,3.75,61.04438775510204,63.42592592592593,216
20,0.3,1.0,0.0,2.5,5,3,True,1.5014351851851853,1.3050000000000002,0.7140185185185186,1.0215,-24.79,29.76,-2.8277314814814813,-26.54,1097,5.078703703703703,64.1204761904762,62.96296296296296,216
10,0.5,1.0,-0.3,2.5,3,7,True,1.4984259259259258,1.99,0.7908009259259259,1.1855,-51.5,29.57,-3.787916666666667,-52.29,914,4.231481481481482,67.00628019323672,67.12962962962963,216
20,0.3,1.5,0.0,1.5,3,5,True,1.4983333333333333,0.915,0.5478240740740741,0.649,-53.85,31.44,-4.147824074074074,-55.86,1078,4.9907407407407405,61.11839622641509,64.35185185185185,216
15,0.75,2.0,-0.3,2.5,3,7,True,1.4975462962962964,2.03,0.6617916666666667,0.8614999999999999,-72.71,39.28,-4.479768518518519,-72.71,535,2.4768518518518516,73.14571428571429,61.57407407407407,216
15,0.5,1.0,0.0,1.5,5,3,True,1.4975000000000003,0.6499999999999999,0.6560972222222221,0.909,-17.58,30.78,-1.9497685185185185,-21.43,756,3.5,63.43010204081632,63.42592592592593,216
15,0.3,1.5,0.0,2.0,2,5,True,1.496712962962963,1.5350000000000001,0.602462962962963,0.6385000000000001,-35.92,40.18,-6.246666666666666,-58.31,1312,6.074074074074074,60.348372093023265,62.03703703703704,216
10,0.3,1.0,-0.3,2.5,2,7,True,1.4964814814814815,1.725,0.5619490740740741,0.596,-31.5,26.5,-6.88912037037037,-55.91,1638,7.583333333333333,61.06744186046512,57.407407407407405,216
15,0.75,1.0,-0.3,2.5,5,7,True,1.4963425925925924,1.29,0.5898703703703704,0.8765000000000001,-21.88,31.56,-3.408472222222222,-23.75,499,2.310185185185185,70.51790123456792,58.333333333333336,216
10,0.5,1.0,-0.3,2.5,2,7,True,1.496111111111111,1.87,0.5747175925925925,0.5585,-31.5,26.5,-6.872453703703703,-55.91,1447,6.699074074074074,59.10280373831776,58.79629629629629,216
15,0.75,2.0,0.3,1.5,2,5,True,1.490416666666667,1.56,0.6045833333333334,0.6255,-39.94,47.11,-5.387777777777778,-59.26,766,3.5462962962962963,63.736363636363635,60.18518518518518,216
10,0.5,1.0,0.0,2.5,2,7,True,1.4883333333333335,2.175,0.6382592592592592,0.697,-31.5,26.14,-6.546759259259259,-55.91,1451,6.717592592592593,63.725700934579436,63.888888888888886,216
20,0.75,1.5,0.0,1.5,3,7,True,1.4861111111111112,0.785,0.489087962962963,0.6265000000000001,-45.19,30.61,-4.573657407407407,-55.26,649,3.0046296296296298,63.11122994652406,60.64814814814815,216
20,0.5,1.5,0.3,2.0,3,7,True,1.4852314814814815,1.6099999999999999,0.6812175925925926,0.9299999999999999,-75.18,45.05,-4.5996296296296295,-76.59,802,3.712962962962963,69.59655172413794,64.81481481481481,216
20,0.3,1.5,0.0,1.5,3,7,True,1.4836111111111112,0.72,0.5533842592592593,0.5645,-53.85,31.04,-4.478842592592593,-55.86,1029,4.763888888888889,62.22369668246446,62.96296296296296,216
20,0.75,1.0,0.3,1.5,5,7,True,1.4818981481481484,1.145,0.5649166666666666,0.8145,-28.55,29.72,-3.1827777777777775,-29.21,620,2.8703703703703702,64.20400000000001,57.870370370370374,216
15,0.75,1.5,-0.3,1.5,3,5,True,1.4766203703703706,1.495,0.6106481481481482,0.801,-51.98,27.24,-3.688194444444445,-51.98,588,2.7222222222222223,63.92611111111111,62.5,216
15,0.5,1.0,0.3,2.0,5,3,True,1.4763425925925928,1.01,0.731287037037037,1.044,-17.58,27.78,-1.7982870370370367,-21.43,743,3.439814814814815,68.4490099009901,67.12962962962963,216
20,0.3,1.5,0.0,2.5,3,5,True,1.4761574074074075,1.315,0.6389629629629631,0.7735000000000001,-74.58,28.48,-4.551527777777777,-76.59,1032,4.777777777777778,64.45607476635514,65.27777777777779,216
15,0.3,1.0,0.0,2.0,5,3,True,1.474537037037037,0.825,0.701550925925926,0.958,-17.58,30.32,-2.051712962962963,-21.43,945,4.375,63.16038647342995,64.81481481481481,216
20,0.5,1.0,0.3,1.5,5,3,True,1.473611111111111,1.04,0.7315555555555555,0.962,-24.72,30.59,-2.5172685185185184,-26.54,893,4.1342592592592595,63.94630541871922,65.74074074074075,216
20,0.3,2.0,0.0,2.0,3,7,True,1.4725462962962963,1.04,0.6843564814814816,0.784,-74.58,45.66,-4.5458796296296295,-76.59,908,4.203703703703703,67.43666666666667,66.20370370370371,216
20,0.5,1.0,0.3,2.5,5,3,True,1.4724537037037035,1.22,0.7700509259259258,1.0295,-24.72,30.59,-2.735185185185185,-26.54,877,4.060185185185185,66.23574879227054,66.20370370370371,216
15,0.3,2.0,-0.3,1.5,3,5,True,1.4715277777777775,0.94,0.6310092592592592,0.753,-34.18,28.41,-3.516990740740741,-35.59,1004,4.648148148148148,60.55960591133006,64.81481481481481,216
15,0.5,1.0,-0.3,2.5,5,3,True,1.4700925925925927,0.615,0.6419907407407407,0.6825000000000001,-17.58,30.78,-2.1712962962962963,-21.43,742,3.435185185185185,63.66683673469388,62.5,216
20,0.3,1.0,0.3,1.5,5,3,True,1.4685185185185188,1.07,0.7436203703703704,1.061,-24.93,29.76,-2.5739351851851855,-26.54,1120,5.185185185185185,65.40817307692308,66.66666666666666,216
15,0.5,2.0,0.0,2.0,2,5,True,1.4650462962962965,1.5150000000000001,0.6353333333333333,0.7124999999999999,-36.2,40.18,-5.949814814814814,-58.31,998,4.62037037037037,61.55,62.03703703703704,216
15,0.5,2.0,-0.3,1.5,3,5,True,1.4650462962962965,0.905,0.6216851851851851,0.735,-34.18,27.83,-3.455740740740741,-35.59,792,3.6666666666666665,61.94175257731958,62.5,216
20,0.3,2.0,-0.3,2.5,3,7,True,1.4650462962962962,1.085,0.7003333333333333,0.8955,-74.58,45.36,-4.812962962962963,-76.59,882,4.083333333333333,67.06009615384616,67.12962962962963,216
20,0.5,2.0,-0.3,2.5,3,7,True,1.462824074074074,1.125,0.6703425925925925,0.742,-74.58,45.36,-4.832083333333333,-76.59,712,3.2962962962962963,66.57918781725888,64.81481481481481,216
10,0.5,1.0,0.0,2.5,3,7,True,1.4606944444444443,1.8599999999999999,0.8643842592592592,1.2879999999999998,-51.5,31.38,-3.5084722222222218,-52.29,920,4.2592592592592595,70.79809523809524,68.98148148148148,216
20,0.75,2.0,-0.3,2.5,3,7,True,1.4591203703703701,1.4049999999999998,0.596138888888889,0.598,-65.92,45.23,-4.9793518518518525,-75.99,542,2.509259259259259,67.27173913043478,62.03703703703704,216
20,0.3,1.5,0.3,2.0,3,7,True,1.458935185185185,1.4649999999999999,0.676425925925926,0.966,-75.18,45.05,-4.617268518518518,-76.59,1000,4.62962962962963,70.25023696682464,66.66666666666666,216
15,0.75,1.0,0.3,2.5,5,3,True,1.458888888888889,1.1400000000000001,0.7551574074074074,1.0735000000000001,-18.45,27.78,-1.8617592592592591,-21.43,522,2.4166666666666665,73.17135135135135,65.27777777777779,216
15,0.75,1.5,0.3,2.5,2,5,True,1.4564814814814815,1.7850000000000001,0.6155185185185185,0.719,-48.47,47.11,-6.157824074074074,-61.22,822,3.8055555555555554,67.00935960591131,61.57407407407407,216
20,0.5,1.0,0.0,2.0,5,3,True,1.4563888888888887,1.0350000000000001,0.6612546296296297,0.6910000000000001,-24.72,30.59,-2.769305555555556,-26.54,877,4.060185185185185,62.62794117647059,61.57407407407407,216
15,0.5,1.0,-0.3,1.5,5,3,True,1.4539351851851852,0.615,0.6072731481481481,0.7255,-17.58,30.78,-2.04537037037037,-21.43,754,3.490740740740741,61.241025641025644,61.57407407407407,216
20,0.75,1.5,-0.3,2.0,5,5,True,1.45125,0.565,0.546699074074074,0.261,-23.06,28.49,-2.6330555555555555,-26.54,381,1.7638888888888888,70.57687074829931,51.85185185185185,216
20,0.75,1.5,-0.3,1.5,5,5,True,1.4512037037037036,0.815,0.5373055555555556,0.38449999999999995,-23.06,28.49,-2.447546296296296,-26.54,389,1.8009259259259258,69.41468531468531,53.24074074074075,216
15,0.75,1.5,-0.3,2.0,5,5,True,1.451111111111111,0.57,0.5746435185185186,0.3705,-18.45,30.49,-2.0520833333333335,-21.43,323,1.4953703703703705,78.81478873239438,54.166666666666664,216
15,0.5,1.0,0.0,2.5,5,7,True,1.4486111111111113,1.315,0.6566990740740741,0.96,-19.87,31.72,-3.0877777777777777,-22.63,693,3.2083333333333335,68.71315789473684,64.35185185185185,216
15,0.5,1.5,0.0,2.0,5,5,True,1.4466203703703702,0.6,0.6383009259259259,0.8565,-18.45,30.65,-1.8937962962962962,-21.43,531,2.4583333333333335,70.18693181818183,60.18518518518518,216
15,0.75,2.0,0.0,2.5,2,5,True,1.4448611111111112,1.5750000000000002,0.6237222222222223,0.648,-42.39,39.83,-6.274768518518518,-61.22,728,3.3703703703703702,67.44343434343433,60.18518518518518,216
15,0.5,1.5,0.0,2.5,3,7,True,1.4443518518518517,1.125,0.6481620370370371,0.8354999999999999,-54.91,38.89,-4.151759259259259,-56.32,739,3.4212962962962963,69.95888324873096,63.42592592592593,216
10,0.3,1.0,-0.3,2.0,3,7,True,1.4421296296296295,1.88,0.7415416666666667,1.0950000000000002,-54.35,29.35,-3.7036574074074076,-55.09,1122,5.194444444444445,66.36084905660378,66.66666666666666,216
15,0.75,2.0,-0.3,1.5,3,5,True,1.439212962962963,1.4649999999999999,0.5940370370370371,0.823,-51.98,27.24,-3.680648148148148,-51.98,570,2.638888888888889,65.67215909090909,61.111111111111114,216
15,0.5,1.5,-0.3,2.0,5,5,True,1.4378703703703706,0.51,0.5667777777777778,0.6745,-18.45,30.49,-2.002407407407407,-21.43,523,2.4212962962962963,66.80462427745665,56.94444444444444,216
15,0.5,1.5,0.0,2.0,3,7,True,1.4332870370370372,1.46,0.6332731481481481,0.865,-54.91,38.89,-4.00087962962963,-56.32,747,3.4583333333333335,67.61938775510205,64.35185185185185,216
15,0.3,2.0,0.0,2.5,2,5,True,1.4329166666666666,1.395,0.6473379629629629,0.6950000000000001,-35.92,40.18,-6.061481481481483,-58.31,1212,5.611111111111111,62.95467289719626,61.57407407407407,216
20,0.75,1.5,-0.3,1.5,3,5,True,1.4277314814814814,1.05,0.467925925925926,0.5845,-45.19,31.01,-4.4594907407407405,-55.26,669,3.0972222222222223,61.9489010989011,57.870370370370374,216
20,0.3,2.0,0.3,1.5,2,3,True,1.4269907407407407,1.86,0.7638796296296296,0.8135,-47.85,34.39,-5.436296296296296,-59.12,1411,6.532407407407407,63.043055555555554,64.81481481481481,216
10,0.3,1.0,0.0,2.0,3,7,True,1.4268981481481484,1.745,0.8254583333333334,1.2605,-54.35,31.15,-3.406111111111111,-55.09,1129,5.226851851851852,70.48215962441314,66.66666666666666,216
15,0.75,1.5,0.0,2.0,5,5,True,1.4262037037037036,0.9850000000000001,0.6160833333333334,0.582,-18.45,30.65,-1.970648148148148,-21.43,325,1.5046296296296295,79.89722222222221,56.018518518518526,216
15,0.3,1.5,0.0,2.5,3,7,True,1.4230092592592594,1.22,0.6710972222222222,0.886,-54.91,39.13,-4.184398148148148,-56.32,928,4.296296296296297,69.96908212560386,64.35185185185185,216
20,0.5,2.0,0.3,1.5,2,3,True,1.421898148148148,1.8050000000000002,0.7262685185185185,0.758,-47.28,34.39,-5.372222222222223,-59.12,1128,5.222222222222222,61.92464454976304,63.888888888888886,216
15,0.5,1.5,0.3,2.5,3,7,True,1.4217592592592594,1.415,0.7179768518518519,0.836,-54.91,38.89,-3.7793981481481476,-56.32,753,3.486111111111111,75.21542288557214,68.05555555555556,216
15,0.3,1.0,0.3,2.0,5,3,True,1.4181481481481482,0.9850000000000001,0.7264351851851854,1.0430000000000001,-17.58,27.32,-1.8447222222222222,-21.43,946,4.37962962962963,66.31952380952382,67.12962962962963,216
20,0.5,1.5,-0.3,1.5,3,5,True,1.4175925925925925,0.845,0.516986111111111,0.639,-53.85,30.87,-4.306805555555555,-55.86,881,4.078703703703703,60.136,58.333333333333336,216
20,0.5,2.0,0.0,1.5,3,5,True,1.416064814814815,0.69,0.5742407407407407,0.66,-53.85,31.44,-3.9768518518518525,-55.86,822,3.8055555555555554,63.63686868686869,60.18518518518518,216
15,0.3,1.5,0.0,1.5,3,7,True,1.4156944444444446,1.01,0.5928194444444445,0.8035,-34.18,39.13,-3.756666666666667,-35.59,964,4.462962962962963,64.11617647058824,63.42592592592593,216
10,0.3,1.0,0.3,2.0,3,7,True,1.4155555555555555,1.5899999999999999,0.7342268518518519,1.1675,-19.98,17.53,-2.9437962962962962,-23.26,1149,5.319444444444445,71.07056074766355,66.66666666666666,216
15,0.5,1.0,0.3,2.5,5,3,True,1.4151851851851853,1.01,0.7237685185185185,1.0594999999999999,-17.58,27.78,-1.8686111111111112,-21.43,743,3.439814814814815,68.6470297029703,67.12962962962963,216
15,0.3,1.0,0.3,2.5,5,5,True,1.4130555555555557,0.6799999999999999,0.699861111111111,0.914,-17.02,27.32,-2.3003240740740742,-21.43,882,4.083333333333333,67.8451923076923,64.35185185185185,216
15,0.3,1.0,0.0,2.5,5,3,True,1.4116203703703702,0.76,0.693800925925926,0.777,-17.58,30.32,-2.1222685185185184,-21.43,945,4.375,63.700966183574884,65.27777777777779,216
15,0.3,1.0,-0.3,2.0,5,7,True,1.411388888888889,0.985,0.550074074074074,0.7195,-19.87,31.1,-2.943101851851852,-22.92,827,3.8287037037037037,61.2305,61.57407407407407,216
20,0.5,1.0,0.0,1.5,5,3,True,1.4108796296296295,0.885,0.6250462962962963,0.757,-24.72,30.59,-2.640787037037037,-26.54,893,4.1342592592592595,60.72425742574258,60.18518518518518,216
15,0.3,1.5,0.3,2.5,2,5,True,1.4106944444444443,1.57,0.6273101851851851,0.656,-34.02,47.46,-5.976296296296296,-59.09,1319,6.106481481481482,65.94166666666666,62.03703703703704,216
20,0.5,1.0,0.0,2.5,5,3,True,1.41,1.0350000000000001,0.6724537037037037,0.8334999999999999,-24.72,30.59,-2.857962962962963,-26.54,877,4.060185185185185,63.07912621359223,61.111111111111114,216
15,0.5,1.0,0.3,1.5,5,3,True,1.4094444444444445,0.79,0.690712962962963,1.141,-17.58,27.78,-1.7357407407407408,-21.43,755,3.4953703703703702,66.00298507462688,66.66666666666666,216
20,0.3,1.5,0.0,2.0,3,5,True,1.409351851851852,1.21,0.5888935185185185,0.6495,-74.58,28.48,-4.531527777777779,-76.59,1036,4.796296296296297,63.67641509433963,62.96296296296296,216
20,0.75,2.0,0.0,1.5,3,5,True,1.4093055555555554,1.05,0.5067453703703704,0.643,-45.19,31.01,-4.1164351851851855,-55.26,608,2.814814814814815,64.9715909090909,57.870370370370374,216
15,0.3,1.5,0.0,2.0,3,7,True,1.4080092592592592,1.58,0.6381018518518518,0.8895,-54.91,39.13,-4.030324074074074,-56.32,936,4.333333333333333,68.01519607843137,64.35185185185185,216
15,0.75,2.0,-0.3,2.0,5,5,True,1.407962962962963,0.5549999999999999,0.5698240740740741,0.3045,-18.45,30.49,-1.9948148148148148,-21.43,307,1.4212962962962963,79.22571428571428,53.70370370370371,216
15,0.3,1.5,0.3,2.5,3,7,True,1.407685185185185,1.48,0.7052361111111112,0.887,-54.91,38.9,-3.817870370370371,-56.32,952,4.407407407407407,73.8111111111111,66.20370370370371,216
20,0.3,1.0,0.0,1.5,5,3,True,1.407314814814815,0.935,0.637125,0.86,-24.79,29.76,-2.700833333333333,-26.54,1118,5.175925925925926,62.12608695652174,62.03703703703704,216
10,0.75,1.0,-0.3,2.5,2,5,True,1.4058796296296294,1.6,0.5856064814814815,0.663,-33.15,26.5,-6.298564814814816,-57.72,1173,5.430555555555555,58.635238095238094,62.5,216
15,0.75,1.5,0.0,2.0,3,7,True,1.4054629629629631,1.97,0.6352222222222222,0.8374999999999999,-72.71,38.89,-4.242824074074075,-72.71,563,2.6064814814814814,70.28314606741573,63.42592592592593,216
10,0.75,1.0,-0.3,2.0,2,7,True,1.405,1.5350000000000001,0.5281944444444444,0.5345,-31.69,26.5,-6.766111111111111,-56.29,1163,5.3842592592592595,57.79708737864077,58.333333333333336,216
15,0.5,2.0,0.0,2.0,5,5,True,1.4034722222222225,0.47,0.6365231481481481,0.835,-18.45,30.65,-1.8390740740740739,-21.43,515,2.384259259259259,70.50285714285714,60.18518518518518,216
15,0.5,1.5,0.3,2.0,2,5,True,1.4034259259259259,1.48,0.6042685185185185,0.637,-34.3,47.46,-5.884999999999999,-59.09,1097,5.078703703703703,63.24037558685446,62.96296296296296,216
20,0.75,2.0,-0.3,2.0,3,7,True,1.4033333333333333,1.4049999999999998,0.5649814814814815,0.5375000000000001,-65.92,45.23,-4.960462962962963,-75.99,542,2.509259259259259,66.84944444444444,60.64814814814815,216
15,0.3,1.0,-0.3,2.0,5,3,True,1.4002314814814818,0.805,0.6206481481481482,0.701,-17.58,30.32,-2.154351851851852,-21.43,943,4.3657407407407405,60.53756097560976,62.03703703703704,216
10,0.5,1.0,-0.3,2.0,3,7,True,1.3998148148148148,1.9,0.7499074074074074,1.1175000000000002,-51.5,29.57,-3.762824074074074,-52.29,917,4.24537037037037,65.69126213592234,67.5925925925926,216
15,0.3,1.0,0.0,1.5,5,3,True,1.3989814814814812,0.76,0.6545000000000001,0.8,-17.58,30.32,-2.0049074074074076,-21.43,959,4.439814814814815,61.06262135922331,62.03703703703704,216
15,0.75,1.5,0.0,2.5,3,7,True,1.398101851851852,1.74,0.6441944444444444,0.806,-72.71,38.89,-4.400879629629629,-72.71,557,2.5787037037037037,72.60444444444444,64.35185185185185,216
10,0.75,1.0,0.0,2.5,3,7,True,1.3975462962962963,1.97,0.8570324074074073,1.197,-51.5,31.05,-3.6116203703703698,-52.29,626,2.8981481481481484,75.18826530612246,66.20370370370371,216
15,0.5,2.0,-0.3,2.0,5,5,True,1.3947222222222222,0.39,0.5678657407407407,0.6745,-18.45,30.49,-1.9478703703703704,-21.43,507,2.3472222222222223,67.09651162790696,57.870370370370374,216
20,0.5,1.5,-0.3,1.5,3,7,True,1.3946296296296294,0.725,0.4849490740740741,0.475,-53.85,30.73,-4.6476851851851855,-55.86,834,3.861111111111111,59.686802030456846,58.333333333333336,216
15,0.5,1.5,0.0,1.5,3,7,True,1.394583333333333,0.98,0.5841481481481482,0.772,-34.18,38.89,-3.7070833333333333,-35.59,770,3.564814814814815,63.36785714285715,62.96296296296296,216
10,0.5,1.0,0.3,2.5,3,7,True,1.3935648148148148,1.5350000000000001,0.7761666666666666,1.255,-19.72,17.75,-3.0924537037037036,-23.26,931,4.310185185185185,72.00331753554502,68.05555555555556,216
20,0.3,2.0,0.0,1.5,2,3,True,1.3900000000000001,1.37,0.7115601851851852,0.626,-47.25,26.54,-5.722638888888889,-59.61,1394,6.453703703703703,60.77175925925926,64.35185185185185,216
20,0.5,2.0,-0.3,2.0,3,7,True,1.3887037037037038,1.1600000000000001,0.614625,0.6495,-74.58,45.36,-4.827407407407407,-76.59,720,3.3333333333333335,65.43282051282053,62.96296296296296,216
15,0.75,2.0,0.0,2.0,5,5,True,1.3830555555555557,0.6699999999999999,0.6133564814814816,0.571,-18.45,30.65,-1.9131944444444444,-21.43,309,1.4305555555555556,80.31760563380281,55.55555555555556,216
20,0.3,1.5,-0.3,1.5,3,7,True,1.3806018518518517,0.8049999999999999,0.5224768518518519,0.5409999999999999,-53.85,30.73,-4.695,-55.86,1013,4.689814814814815,59.30857142857143,61.111111111111114,216
15,0.75,1.5,-0.3,1.5,5,5,True,1.380138888888889,0.11,0.5253194444444444,0.079,-18.45,30.49,-1.9200462962962963,-21.43,325,1.5046296296296295,77.55474452554745,51.388888888888886,216
20,0.3,2.0,-0.3,1.5,2,3,True,1.379444444444444,1.34,0.6897361111111111,0.636,-47.25,30.59,-5.813472222222223,-59.61,1388,6.425925925925926,58.51348837209302,64.35185185185185,216
20,0.75,1.5,-0.3,2.0,3,5,True,1.37875,1.3250000000000002,0.5249212962962962,0.6435,-65.92,28.05,-4.892453703703704,-75.99,635,2.939814814814815,65.01405405405404,58.79629629629629,216
20,0.75,1.5,0.0,1.5,5,5,True,1.3774074074074074,0.62,0.5230601851851853,0.4285,-23.06,28.49,-2.3646296296296296,-26.54,391,1.8101851851851851,70.06689655172414,53.24074074074075,216
20,0.75,1.5,0.0,2.0,5,5,True,1.3771759259259257,0.38,0.5332083333333334,0.2465,-23.06,28.49,-2.5433796296296296,-26.54,383,1.7731481481481481,71.1959731543624,50.92592592592593,216
15,0.5,1.5,0.3,2.0,3,7,True,1.376712962962963,1.57,0.6932407407407408,0.833,-54.91,38.89,-3.6964814814814817,-56.32,761,3.5231481481481484,72.53960396039604,68.98148148148148,216
10,0.3,1.0,0.3,2.5,3,5,True,1.37625,1.455,0.7537361111111112,1.109,-19.63,17.25,-2.8160185185185185,-21.69,1161,5.375,69.31448598130841,68.51851851851852,216
20,0.75,1.5,0.3,2.0,5,5,True,1.3746759259259258,0.645,0.6071388888888889,0.518,-23.06,28.65,-2.3405555555555555,-26.54,387,1.7916666666666667,74.61794871794872,55.092592592592595,216
20,0.3,2.0,-0.3,2.0,3,7,True,1.3724999999999998,1.07,0.6455416666666667,0.825,-74.58,45.36,-4.849861111111112,-76.59,894,4.138888888888889,65.21442307692308,65.74074074074075,216
15,0.3,1.0,-0.3,2.5,5,7,True,1.3722685185185184,0.985,0.5696481481481482,0.7244999999999999,-19.87,31.1,-3.039814814814815,-23.37,825,3.8194444444444446,62.6134328358209,62.5,216
15,0.75,1.0,0.0,1.5,5,7,True,1.3718055555555557,1.32,0.5509675925925926,0.706,-23.19,31.72,-2.754027777777778,-23.19,507,2.3472222222222223,67.18397435897437,57.407407407407405,216
15,0.3,1.5,0.3,2.0,3,7,True,1.3714814814814815,1.625,0.6755555555555556,0.887,-54.91,38.9,-3.728240740740741,-56.32,960,4.444444444444445,71.96731707317073,67.5925925925926,216
10,0.75,1.0,0.3,2.5,3,7,True,1.3711111111111112,1.5550000000000002,0.8131481481481481,1.1675,-21.69,17.43,-3.0995833333333334,-23.26,626,2.8981481481481484,75.71725888324873,66.20370370370371,216
20,0.5,2.0,0.0,1.5,2,3,True,1.3707870370370372,1.46,0.6683888888888889,0.5745,-46.68,26.54,-5.658425925925926,-59.61,1120,5.185185185185185,59.92037914691944,63.888888888888886,216
20,0.75,1.5,-0.3,2.5,3,5,True,1.370740740740741,1.375,0.5446111111111112,0.6905,-65.92,28.05,-4.977592592592592,-75.99,635,2.939814814814815,65.38823529411764,60.18518518518518,216
15,0.75,2.0,0.0,2.0,2,5,True,1.3707407407407406,1.5750000000000002,0.5891388888888889,0.623,-42.39,39.83,-6.194027777777778,-61.22,734,3.3981481481481484,65.72820512820513,58.79629629629629,216
15,0.3,1.5,0.3,1.5,3,7,True,1.3677314814814818,1.07,0.631736111111111,0.8109999999999999,-34.18,38.9,-3.468796296296296,-35.59,988,4.574074074074074,67.9068292682927,64.81481481481481,216
15,0.75,1.5,0.3,2.5,3,7,True,1.3668055555555556,1.53,0.6851527777777777,0.814,-72.71,38.89,-4.062314814814815,-72.71,567,2.625,76.0554347826087,68.05555555555556,216
15,0.3,1.0,0.3,1.5,5,3,True,1.365324074074074,0.89,0.6984212962962963,1.1045,-17.58,27.32,-1.7883796296296297,-21.43,960,4.444444444444445,64.14354066985646,66.20370370370371,216
20,0.5,2.0,-0.3,1.5,2,3,True,1.3647222222222224,1.32,0.649162037037037,0.5954999999999999,-46.68,30.59,-5.7464814814814815,-59.61,1116,5.166666666666667,58.86714285714285,63.888888888888886,216
20,0.75,2.0,-0.3,2.0,5,5,True,1.3645833333333333,0.08,0.5219259259259259,0.07250000000000001,-23.06,28.49,-2.5722685185185186,-26.54,361,1.6712962962962963,71.0944055944056,50.0,216
15,0.75,1.5,0.0,1.5,3,7,True,1.364537037037037,1.21,0.5794166666666667,0.793,-51.98,38.89,-3.9215740740740745,-51.98,580,2.685185185185185,65.19775280898877,62.96296296296296,216
20,0.75,1.5,-0.3,1.5,3,7,True,1.363287037037037,0.76,0.43710185185185185,0.5195000000000001,-45.19,30.61,-4.792824074074074,-55.26,647,2.9953703703703702,61.201092896174856,57.407407407407405,216
15,0.75,1.5,0.3,2.0,2,5,True,1.3629166666666666,1.67,0.5777824074074075,0.636,-48.47,47.11,-6.092592592592593,-61.22,828,3.8333333333333335,64.85940594059406,60.64814814814815,216
15,0.3,1.0,0.3,1.5,5,5,True,1.3626851851851853,0.72,0.6728518518518519,0.9265000000000001,-17.02,27.32,-2.0510185185185184,-21.43,894,4.138888888888889,63.493689320388356,66.20370370370371,216
10,0.3,1.0,-0.3,2.0,2,7,True,1.3609722222222222,1.605,0.5236574074074074,0.576,-31.5,26.5,-6.808055555555556,-55.91,1650,7.638888888888889,59.89209302325582,57.407407407407405,216
15,0.5,1.0,0.3,2.5,5,7,True,1.360740740740741,1.275,0.7075555555555555,1.1349999999999998,-17.08,27.78,-2.670462962962963,-21.43,692,3.2037037037037037,71.98291457286432,65.27777777777779,216
15,0.5,1.0,0.0,1.5,5,7,True,1.359814814814815,1.0750000000000002,0.5628703703703705,1.0,-24.67,31.72,-2.6941203703703707,-24.67,709,3.2824074074074074,62.61032608695652,62.03703703703704,216
15,0.3,1.0,0.3,2.5,5,3,True,1.356064814814815,0.9650000000000001,0.7221712962962964,1.0430000000000001,-17.58,27.32,-1.9152314814814813,-21.43,946,4.37962962962963,66.85238095238095,67.12962962962963,216
20,0.75,2.0,-0.3,1.5,5,5,True,1.3554629629629629,0.355,0.5067453703703705,0.261,-23.06,28.49,-2.404259259259259,-26.54,367,1.6990740740740742,69.49352517985612,51.388888888888886,216
15,0.75,1.5,0.0,1.5,5,5,True,1.3552314814814812,0.32,0.5712407407407407,0.4265,-18.45,30.65,-1.8264351851851852,-21.43,327,1.5138888888888888,78.69424460431655,54.166666666666664,216
15,0.5,1.5,-0.3,2.0,3,5,True,1.3545833333333335,1.145,0.6449722222222222,0.7675000000000001,-54.91,29.59,-3.6922222222222225,-56.32,791,3.662037037037037,63.41938775510204,64.35185185185185,216
10,0.5,1.0,-0.3,2.0,2,7,True,1.350787037037037,1.78,0.5361435185185185,0.546,-31.5,26.5,-6.800879629629629,-55.91,1455,6.736111111111111,57.76121495327103,58.333333333333336,216
15,0.5,1.5,0.3,1.5,2,3,True,1.3502314814814815,1.23,0.6159166666666667,0.5375000000000001,-28.25,30.4,-5.153518518518518,-59.09,1210,5.601851851851852,58.57981220657277,59.25925925925925,216
15,0.3,2.0,0.0,2.0,2,5,True,1.3476388888888888,1.395,0.6200509259259258,0.6695,-35.92,40.18,-6.03625,-58.31,1225,5.671296296296297,61.455607476635514,61.57407407407407,216
10,0.5,1.0,0.0,2.0,3,7,True,1.3469907407407407,1.8599999999999999,0.8182361111111112,1.2240000000000002,-51.5,31.38,-3.4883333333333333,-52.29,922,4.268518518518518,69.47416267942585,68.51851851851852,216
15,0.5,2.0,0.3,2.5,2,5,True,1.3445370370370369,1.6949999999999998,0.6557499999999999,0.7044999999999999,-34.3,47.46,-5.694907407407407,-59.09,1004,4.648148148148148,67.25571428571429,63.42592592592593,216
20,0.5,1.5,-0.3,1.5,5,5,True,1.3435648148148147,0.345,0.5245138888888888,0.5,-23.06,29.41,-2.4979629629629625,-26.54,587,2.7175925925925926,63.38483146067416,56.94444444444444,216
10,0.3,1.0,0.3,2.0,3,5,True,1.3433333333333333,1.435,0.7180787037037036,1.0995,-19.98,17.25,-2.7768055555555553,-22.04,1161,5.375,68.4107476635514,68.05555555555556,216
15,0.5,1.0,0.0,2.5,3,3,True,1.3421296296296295,1.6349999999999998,0.6656527777777778,0.874,-52.46,19.11,-4.348055555555555,-54.97,1272,5.888888888888889,57.27904761904761,70.83333333333334,216
10,0.3,1.0,0.0,2.0,2,7,True,1.3411574074074077,2.02,0.5903796296296296,0.6445000000000001,-31.5,26.14,-6.479953703703704,-55.91,1660,7.685185185185185,64.06157407407407,61.111111111111114,216
15,0.75,1.5,0.3,2.0,3,7,True,1.3405092592592593,1.5350000000000001,0.6674305555555556,0.824,-72.71,38.89,-3.9668981481481485,-72.71,573,2.6527777777777777,73.52967032967032,67.5925925925926,216
20,0.3,1.5,-0.3,1.5,3,5,True,1.3405092592592591,0.6200000000000001,0.5369444444444444,0.58,-53.85,30.87,-4.322361111111111,-55.86,1068,4.944444444444445,58.74339622641509,61.111111111111114,216
15,0.3,1.0,-0.3,2.5,5,3,True,1.3373611111111112,0.75,0.6144398148148148,0.6405000000000001,-17.58,30.32,-2.224583333333333,-21.43,943,4.3657407407407405,61.083414634146344,62.5,216
15,0.75,1.0,0.3,1.5,5,7,True,1.334537037037037,0.97,0.5946805555555557,1.0295,-18.45,27.78,-2.3561111111111113,-21.43,506,2.3425925925925926,70.1855421686747,61.111111111111114,216
15,0.5,1.5,0.3,1.5,3,7,True,1.3333796296296296,0.975,0.6275,0.784,-34.18,38.89,-3.4202777777777778,-35.59,786,3.638888888888889,67.31133004926109,65.27777777777779,216
15,0.75,1.5,-0.3,2.0,3,5,True,1.3312962962962962,1.66,0.6306342592592592,0.877,-72.71,29.0,-3.936018518518519,-72.71,571,2.6435185185185186,68.1090395480226,65.27777777777779,216
15,0.3,1.5,-0.3,2.0,3,5,True,1.3296759259259259,1.05,0.6387361111111111,0.7364999999999999,-54.91,30.17,-3.7464814814814815,-56.32,1003,4.643518518518518,62.247549019607845,66.20370370370371,216
10,0.75,1.0,0.3,2.5,2,7,True,1.3288425925925926,1.9049999999999998,0.66175,0.634,-38.62,34.0,-5.970694444444445,-55.91,1157,5.356481481481482,66.09811320754717,63.888888888888886,216
15,0.5,1.0,0.0,1.5,3,3,True,1.3269444444444445,1.48,0.5823148148148148,0.751,-33.97,19.11,-4.085462962962963,-35.51,1292,5.981481481481482,54.6125,66.20370370370371,216
15,0.5,1.5,-0.3,1.5,5,5,True,1.326574074074074,0.31,0.5211157407407407,0.47,-18.45,30.49,-1.9279629629629629,-21.43,531,2.4583333333333335,64.55117647058825,54.166666666666664,216
20,0.5,1.5,-0.3,2.5,3,5,True,1.3256944444444445,0.995,0.6047592592592592,0.751,-74.58,27.91,-4.809722222222223,-76.59,847,3.9212962962962963,63.691625615763556,62.03703703703704,216
10,0.75,1.0,0.0,2.0,3,7,True,1.3248611111111108,2.0549999999999997,0.8309259259259258,1.165,-51.5,31.05,-3.5535185185185183,-52.29,626,2.8981481481481484,73.78717948717949,66.20370370370371,216
15,0.3,1.0,-0.3,1.5,5,3,True,1.324537037037037,0.75,0.5745972222222222,0.661,-17.58,30.32,-2.1080555555555556,-21.43,957,4.430555555555555,58.431372549019606,58.79629629629629,216
15,0.75,1.0,0.0,2.5,5,7,True,1.3231481481481482,1.41,0.6025277777777777,0.835,-21.88,31.72,-3.273240740740741,-23.75,501,2.3194444444444446,72.8,58.79629629629629,216
15,0.3,1.0,0.0,2.5,3,3,True,1.3220833333333335,1.6600000000000001,0.6639166666666667,0.8105,-52.46,19.32,-4.382175925925926,-54.97,1510,6.9907407407407405,59.090610328638505,68.98148148148148,216
10,0.3,1.0,0.3,2.5,2,7,True,1.3215277777777776,1.705,0.6683749999999998,0.7284999999999999,-38.62,34.0,-6.013055555555557,-55.91,1671,7.736111111111111,69.20138888888889,64.35185185185185,216
15,0.3,1.0,0.0,1.5,3,3,True,1.3193981481481483,1.455,0.5901481481481481,0.717,-33.97,19.32,-4.135972222222223,-35.51,1534,7.101851851851852,56.28962264150943,65.27777777777779,216
20,0.75,1.5,0.3,2.5,3,5,True,1.3178240740740739,1.78,0.6024907407407407,0.835,-68.93,29.39,-4.593796296296297,-75.99,641,2.9675925925925926,68.97606382978724,62.96296296296296,216
15,0.75,2.0,-0.3,1.5,5,5,True,1.317175925925926,0.045,0.5169537037037036,0.0525,-18.45,30.49,-1.8818981481481483,-21.43,309,1.4305555555555556,77.96222222222222,50.92592592592593,216
20,0.5,1.5,-0.3,2.0,3,5,True,1.3147685185185185,0.85,0.5614537037037037,0.5714999999999999,-74.58,27.91,-4.738796296296297,-76.59,849,3.9305555555555554,62.91542288557214,60.18518518518518,216
15,0.75,1.5,0.3,1.5,3,7,True,1.31375,1.245,0.5970509259259259,0.7845,-51.98,38.89,-3.6620833333333334,-51.98,592,2.740740740740741,67.08032786885246,64.35185185185185,216
15,0.5,1.0,0.3,1.5,5,7,True,1.3135185185185188,0.9450000000000001,0.6134351851851852,1.1139999999999999,-17.02,27.78,-2.2956018518518517,-21.43,708,3.2777777777777777,64.96751269035533,65.74074074074075,216
15,0.5,1.5,0.0,1.5,5,5,True,1.3119444444444444,0.38,0.5784351851851853,0.8005,-18.45,30.65,-1.8199537037037037,-21.43,539,2.4953703703703702,67.41918604651163,56.94444444444444,216
20,0.75,2.0,0.0,2.0,3,5,True,1.3113425925925926,1.14,0.5426435185185186,0.628,-65.92,28.05,-4.482453703703704,-75.99,572,2.6481481481481484,66.78926553672316,58.79629629629629,216
10,0.75,1.0,0.0,2.0,2,7,True,1.3106944444444442,1.855,0.5660648148148147,0.593,-31.69,26.14,-6.454768518518518,-56.29,1161,5.375,61.041148325358854,60.64814814814815,216
20,0.75,1.5,0.3,2.0,3,5,True,1.3106481481481482,1.5550000000000002,0.5775694444444445,0.793,-68.93,29.39,-4.523101851851852,-75.99,641,2.9675925925925926,68.64247311827957,60.64814814814815,216
15,0.5,1.5,-0.3,2.5,5,5,True,1.309074074074074,0.42,0.5652499999999999,0.6255,-18.45,30.49,-2.1454166666666663,-21.43,523,2.4212962962962963,67.09428571428572,57.407407407407405,216
10,0.5,1.0,0.3,2.0,3,7,True,1.3084722222222223,1.5150000000000001,0.73375,1.21,-20.55,17.75,-3.051666666666667,-23.26,933,4.319444444444445,70.82890995260664,68.51851851851852,216
15,0.3,2.0,0.3,1.5,3,7,True,1.3077314814814816,1.07,0.6180370370370369,0.7925,-34.18,38.9,-3.4496759259259258,-35.59,970,4.4907407407407405,68.39460784313725,64.35185185185185,216
20,0.3,1.5,-0.3,1.5,5,5,True,1.3069444444444442,0.655,0.5947916666666666,0.761,-23.06,29.41,-2.5174074074074073,-26.54,773,3.5787037037037037,62.48029556650246,61.57407407407407,216
15,0.3,1.5,0.3,2.0,2,5,True,1.3066666666666666,1.475,0.5985185185185186,0.637,-34.02,47.46,-5.961990740740741,-59.09,1330,6.157407407407407,64.22129629629629,62.5,216
10,0.5,1.0,0.0,2.0,2,7,True,1.3066203703703703,2.065,0.5882592592592593,0.6034999999999999,-31.5,26.14,-6.468009259259259,-55.91,1459,6.75462962962963,62.23364485981308,62.03703703703704,216
15,0.5,1.5,0.0,2.5,5,5,True,1.306574074074074,0.515,0.6238796296296297,0.829,-18.45,30.65,-2.0502314814814815,-21.43,531,2.4583333333333335,70.42359550561798,59.72222222222222,216
20,0.75,1.5,-0.3,2.0,5,7,True,1.3053240740740744,0.26,0.4784675925925925,0.2575,-27.42,29.56,-3.0975925925925925,-27.42,368,1.7037037037037037,72.31597222222223,51.388888888888886,216
10,0.75,1.0,0.3,2.0,3,7,True,1.3034722222222224,1.625,0.7860185185185186,1.1589999999999998,-22.52,17.43,-3.0488888888888885,-23.26,626,2.8981481481481484,74.24416243654822,66.66666666666666,216
20,0.75,1.5,0.3,1.5,5,5,True,1.3025925925925927,0.62,0.586287037037037,0.537,-23.06,28.65,-2.1853703703703706,-26.54,395,1.8287037037037037,72.80855263157895,56.018518518518526,216
15,0.75,1.5,-0.3,2.5,5,5,True,1.3020833333333333,0.43500000000000005,0.5439212962962963,0.2465,-18.45,30.49,-2.20125,-21.43,323,1.4953703703703705,78.81478873239438,53.24074074074075,216
20,0.75,1.5,-0.3,2.5,5,5,True,1.3012499999999998,0.14500000000000002,0.5010277777777777,0.0945,-23.06,28.49,-2.7864351851851854,-26.54,381,1.7638888888888888,70.8265306122449,50.46296296296296,216
10,0.75,1.0,0.3,2.5,3,5,True,1.2999537037037034,1.5150000000000001,0.7867361111111111,1.202,-22.17,17.04,-2.9337962962962965,-22.44,626,2.8981481481481484,72.87142857142857,69.44444444444444,216
15,0.5,1.0,0.0,2.0,3,3,True,1.2976388888888888,1.64,0.644425925925926,0.8674999999999999,-52.46,19.11,-4.308240740740741,-54.97,1276,5.907407407407407,56.720574162679426,69.9074074074074,216
20,0.75,2.0,0.3,2.0,5,5,True,1.296898148148148,0.5700000000000001,0.5825185185185185,0.396,-23.06,28.65,-2.279583333333333,-26.54,367,1.6990740740740742,75.32105263157894,53.24074074074075,216
20,0.3,2.0,0.0,1.5,3,5,True,1.2960185185185185,0.495,0.5760046296296296,0.624,-53.85,31.44,-3.999166666666667,-55.86,1015,4.699074074074074,62.5265402843602,61.57407407407407,216
10,0.75,1.0,-0.3,2.0,2,5,True,1.2949537037037036,1.4049999999999998,0.5529768518518519,0.5325,-33.15,26.5,-6.197824074074074,-57.72,1173,5.430555555555555,57.27238095238095,61.111111111111114,216
15,0.75,2.0,0.3,2.5,2,5,True,1.2947685185185185,1.71,0.6297638888888889,0.692,-48.47,47.11,-5.955046296296296,-61.22,734,3.3981481481481484,69.5425,61.57407407407407,216
15,0.75,2.0,0.0,1.5,5,5,True,1.2922685185185185,0.29500000000000004,0.5649675925925925,0.3865,-18.45,30.65,-1.7881018518518519,-21.43,311,1.4398148148148149,79.11240875912408,53.70370370370371,216
20,0.75,2.0,0.0,2.0,5,5,True,1.2905092592592593,0.0,0.5080694444444445,0.023,-23.06,28.49,-2.4825925925925927,-26.54,363,1.6805555555555556,71.72344827586207,49.074074074074076,216
15,0.3,2.0,0.0,1.5,3,7,True,1.2892129629629632,0.995,0.573912037037037,0.772,-34.18,39.13,-3.7406944444444443,-35.59,946,4.37962962962963,64.5497536945813,62.03703703703704,216
15,0.75,1.0,0.0,1.5,3,3,True,1.2869907407407408,1.545,0.584949074074074,0.8865000000000001,-51.77,19.79,-4.199583333333333,-51.87,1029,4.763888888888889,56.453658536585365,65.74074074074075,216
15,0.5,1.0,0.3,2.5,3,3,True,1.2867592592592592,1.82,0.7295277777777777,0.8665,-52.46,20.02,-4.168611111111112,-54.97,1272,5.888888888888889,60.733809523809526,68.05555555555556,216
20,0.3,1.5,-0.3,2.5,3,5,True,1.2861574074074074,1.02,0.6113472222222222,0.679,-74.58,27.91,-4.77638888888889,-76.59,1026,4.75,61.978971962616825,63.888888888888886,216
20,0.75,1.5,0.3,1.5,3,5,True,1.283611111111111,1.1949999999999998,0.5049212962962962,0.615,-48.2,31.01,-4.15324074074074,-55.26,677,3.134259259259259,65.11576086956522,59.72222222222222,216
20,0.5,2.0,0.0,2.0,3,5,True,1.282962962962963,0.47,0.6047314814814814,0.5585,-74.58,28.48,-4.328564814814815,-76.59,786,3.638888888888889,65.66060606060607,60.18518518518518,216
10,0.3,1.0,-0.3,1.5,3,7,True,1.2828703703703705,1.53,0.6624351851851853,1.0135,-54.35,29.46,-3.424259259259259,-55.09,1133,5.24537037037037,61.32428571428572,65.27777777777779,216
20,0.75,2.0,0.0,1.5,5,5,True,1.2816666666666665,0.245,0.49109259259259264,0.186,-23.06,28.49,-2.3213425925925923,-26.54,369,1.7083333333333333,70.16312056737588,51.388888888888886,216
15,0.3,1.5,0.3,1.5,2,3,True,1.2812962962962962,1.0150000000000001,0.599662037037037,0.5135000000000001,-28.25,30.4,-5.237314814814815,-59.09,1486,6.87962962962963,59.76111111111112,60.18518518518518,216
20,0.5,1.5,0.0,1.5,5,5,True,1.2811574074074072,0.62,0.5163101851851851,0.59,-23.06,29.41,-2.402314814814815,-26.54,591,2.736111111111111,65.48296703296704,58.333333333333336,216
15,0.3,1.0,0.3,2.0,5,7,True,1.2787499999999998,0.89,0.6785231481481481,1.0125,-17.02,27.32,-2.4424537037037037,-21.43,852,3.9444444444444446,68.89903846153847,64.35185185185185,216
10,0.5,1.0,0.3,2.5,2,7,True,1.2786111111111114,1.76,0.6661666666666667,0.6925,-38.62,34.0,-6.016388888888889,-55.91,1459,6.75462962962963,67.61255813953488,64.81481481481481,216
10,0.75,1.0,-0.3,2.5,3,7,True,1.2775,2.01,0.7523981481481482,1.0385,-51.5,29.25,-4.029629629629629,-52.29,627,2.9027777777777777,71.9559585492228,65.27777777777779,216
15,0.3,1.0,0.0,2.0,3,3,True,1.2758796296296295,1.67,0.6402962962962963,0.7915000000000001,-52.46,19.32,-4.344768518518519,-54.97,1514,7.0092592592592595,58.50330188679246,68.98148148148148,216
10,0.75,1.0,0.0,2.5,2,5,True,1.2742592592592592,1.875,0.6051203703703705,0.577,-33.15,26.14,-6.080324074074074,-57.72,1171,5.421296296296297,60.282938388625595,62.5,216
20,0.3,1.5,0.0,1.5,5,5,True,1.2738888888888888,0.7,0.5834722222222223,0.7975000000000001,-23.06,29.41,-2.4318518518518517,-26.54,785,3.634259259259259,65.83546798029556,62.5,216
15,0.5,2.0,0.3,1.5,3,7,True,1.2733796296296294,0.955,0.6164907407407406,0.784,-34.18,38.89,-3.4024074074074075,-35.59,768,3.5555555555555554,68.06616915422885,64.35185185185185,216
15,0.5,2.0,-0.3,2.0,3,5,True,1.2727314814814816,0.95,0.610986111111111,0.746,-54.91,29.59,-3.6773611111111117,-56.32,773,3.5787037037037037,63.80103092783506,61.57407407407407,216
20,0.75,2.0,0.0,2.5,3,5,True,1.2724074074074077,0.9650000000000001,0.5389722222222223,0.5835,-65.92,28.05,-4.546064814814815,-75.99,572,2.6481481481481484,66.78926553672316,57.870370370370374,216
10,0.5,1.0,0.3,2.5,3,5,True,1.271851851851852,1.455,0.7647083333333334,1.2200000000000002,-20.2,17.36,-2.944675925925926,-22.26,935,4.328703703703703,69.34218009478673,68.98148148148148,216
15,0.5,1.5,-0.3,2.5,3,5,True,1.2704166666666665,1.07,0.6471064814814814,0.735,-54.91,29.59,-3.8581481481481483,-56.32,785,3.634259259259259,64.90358974358975,62.5,216
15,0.5,2.0,0.0,1.5,3,7,True,1.2681018518518516,0.955,0.5678703703703704,0.762,-34.18,38.89,-3.692361111111111,-35.59,752,3.4814814814814814,64.06958762886597,61.111111111111114,216
15,0.5,2.0,-0.3,2.5,5,5,True,1.265925925925926,0.33,0.5648703703703704,0.5335,-18.45,30.49,-2.090925925925926,-21.43,507,2.3472222222222223,67.38448275862069,58.333333333333336,216
15,0.75,1.5,0.0,2.5,5,5,True,1.2658333333333331,0.655,0.5750925925925926,0.5575,-18.45,30.65,-2.125,-21.43,325,1.5046296296296295,79.89722222222221,54.629629629629626,216
15,0.5,2.0,-0.3,1.5,5,5,True,1.263611111111111,0.29500000000000004,0.5129583333333333,0.459,-18.45,30.49,-1.8955555555555554,-21.43,515,2.384259259259259,64.62781065088758,54.629629629629626,216
15,0.3,1.0,0.0,2.0,5,7,True,1.263611111111111,0.8500000000000001,0.6106018518518518,0.803,-19.87,31.26,-2.805277777777778,-22.92,845,3.912037037037037,65.2871921182266,61.111111111111114,216
15,0.5,2.0,0.0,2.5,5,5,True,1.2634259259259257,0.435,0.620263888888889,0.8005,-18.45,30.65,-1.9956018518518517,-21.43,515,2.384259259259259,70.73728813559322,59.72222222222222,216
20,0.5,2.0,0.0,2.5,3,5,True,1.262962962962963,0.595,0.6259629629629629,0.5774999999999999,-74.58,28.48,-4.377916666666668,-76.59,784,3.6296296296296298,66.08181818181818,60.18518518518518,216
15,0.5,2.0,0.3,2.5,3,7,True,1.2606481481481482,1.155,0.6743472222222222,0.8095,-54.91,38.89,-3.7722685185185183,-56.32,735,3.4027777777777777,74.96733668341709,66.20370370370371,216
10,0.3,1.0,0.0,1.5,3,7,True,1.260185185185185,1.47,0.7419444444444444,1.1085,-54.35,31.27,-3.1886574074074074,-55.09,1138,5.268518518518518,65.13601895734598,66.20370370370371,216
10,0.5,1.0,-0.3,1.5,3,7,True,1.2596296296296297,1.52,0.6872824074074074,1.0675,-51.5,29.57,-3.4957870370370365,-52.29,926,4.287037037037037,60.695098039215694,66.20370370370371,216
10,0.5,1.0,-0.3,2.5,2,5,True,1.2591203703703704,1.71,0.5602777777777779,0.6365000000000001,-32.69,26.5,-6.38949074074074,-57.27,1472,6.814814814814815,57.76046511627907,61.111111111111114,216
15,0.75,2.0,-0.3,2.5,5,5,True,1.2589351851851853,0.33,0.5389907407407407,0.246,-18.45,30.49,-2.1440277777777776,-21.43,307,1.4212962962962963,79.22571428571428,52.77777777777778,216
15,0.5,1.0,0.3,1.5,3,3,True,1.2566666666666666,1.6,0.6481898148148149,0.7424999999999999,-33.97,20.02,-3.909490740740741,-35.51,1292,5.981481481481482,57.84423076923076,66.20370370370371,216
20,0.75,2.0,0.3,2.5,3,7,True,1.2558796296296295,1.375,0.6693194444444446,0.7404999999999999,-68.93,44.84,-4.530231481481483,-75.99,550,2.5462962962962963,71.1404255319149,59.72222222222222,216
15,0.5,1.5,0.3,2.0,5,5,True,1.254212962962963,0.475,0.6610972222222222,1.0030000000000001,-18.45,27.78,-1.730787037037037,-21.43,530,2.4537037037037037,72.86721311475411,61.111111111111114,216
15,0.75,1.0,0.0,2.0,3,3,True,1.2539351851851852,1.795,0.6520509259259258,0.933,-70.26,19.79,-4.427731481481481,-70.97,1015,4.699074074074074,58.738834951456305,68.51851851851852,216
15,0.75,2.0,0.3,1.5,3,7,True,1.25375,1.1749999999999998,0.5843425925925926,0.813,-51.98,38.89,-3.6469444444444443,-51.98,574,2.6574074074074074,68.52067039106146,62.96296296296296,216
15,0.5,2.0,0.3,2.0,2,5,True,1.2519907407407407,1.605,0.6222222222222222,0.7175,-34.3,47.46,-5.668333333333334,-59.09,1010,4.675925925925926,65.14,63.42592592592593,216
20,0.5,1.5,-0.3,2.0,5,7,True,1.251064814814815,0.345,0.4779953703703704,0.3585,-27.42,31.96,-2.9012037037037035,-27.42,539,2.4953703703703702,65.9005617977528,54.629629629629626,216
10,0.75,1.0,0.3,2.0,3,5,True,1.2500925925925925,1.5150000000000001,0.7721481481481481,1.1875,-22.52,17.04,-2.8895833333333334,-22.61,626,2.8981481481481484,71.57704081632653,69.44444444444444,216
15,0.3,2.0,0.3,2.5,2,5,True,1.2499074074074075,1.605,0.6447916666666667,0.6755,-34.02,47.46,-5.7650000000000015,-59.09,1232,5.703703703703703,67.18558139534883,62.96296296296296,216
15,0.75,2.0,-0.3,2.0,3,5,True,1.2494444444444444,1.57,0.5956990740740741,0.8585,-72.71,29.0,-3.923055555555555,-72.71,553,2.560185185185185,69.32658959537572,62.5,216
15,0.5,2.0,0.3,1.5,2,3,True,1.2491203703703704,1.28,0.6464398148148147,0.686,-28.25,30.4,-4.966064814814814,-59.09,1116,5.166666666666667,60.207142857142856,60.64814814814815,216
15,0.5,2.0,0.0,1.5,5,5,True,1.2489814814814812,0.31,0.5687175925925927,0.6775,-18.45,30.65,-1.7880092592592591,-21.43,523,2.4212962962962963,67.52163742690058,56.94444444444444,216
15,0.3,1.5,-0.3,2.5,3,5,True,1.2485648148148147,1.03,0.6492685185185186,0.7335,-54.91,30.17,-3.9217129629629626,-56.32,997,4.6157407407407405,63.288235294117655,65.74074074074075,216
15,0.75,1.5,0.3,1.5,5,5,True,1.2484259259259258,0.47000000000000003,0.5803518518518519,0.6775,-18.45,27.78,-1.6279166666666667,-21.43,326,1.5092592592592593,79.82340425531915,55.55555555555556,216
15,0.3,2.0,-0.3,2.0,3,5,True,1.2478240740740743,1.01,0.6020694444444444,0.7364999999999999,-54.91,30.17,-3.7325925925925927,-56.32,985,4.560185185185185,62.358128078817735,63.888888888888886,216
20,0.5,2.0,-0.3,1.5,5,5,True,1.247824074074074,0.25,0.48236574074074073,0.33199999999999996,-23.06,29.41,-2.456990740740741,-26.54,565,2.615740740740741,63.633142857142865,54.629629629629626,216
15,0.3,2.0,0.3,2.5,3,7,True,1.246574074074074,1.4,0.6583287037037038,0.852,-54.91,38.9,-3.8039351851851855,-56.32,934,4.324074074074074,73.46262135922329,63.888888888888886,216
20,0.5,1.5,0.3,2.5,3,5,True,1.2458796296296297,1.7349999999999999,0.6471666666666667,0.9855,-75.18,29.6,-4.474212962962963,-76.59,861,3.986111111111111,69.00294117647059,65.74074074074075,216
15,0.75,1.0,0.0,2.5,3,3,True,1.2458796296296297,1.7650000000000001,0.6602870370370371,0.933,-70.26,19.79,-4.4775,-70.97,1013,4.689814814814815,59.39903381642512,68.05555555555556,216
15,0.3,1.0,0.3,2.5,3,3,True,1.2452314814814813,1.695,0.7152175925925927,0.797,-52.46,20.23,-4.213796296296296,-54.97,1514,7.0092592592592595,61.961032863849766,68.51851851851852,216
20,0.5,1.5,0.3,1.5,3,5,True,1.2451851851851852,1.105,0.5321342592592593,0.6605,-54.45,31.22,-4.057592592592592,-55.86,899,4.162037037037037,64.85841584158416,60.64814814814815,216
15,0.5,1.0,0.3,2.0,3,3,True,1.2422222222222221,1.82,0.7082685185185185,0.8865000000000001,-52.46,20.02,-4.12037037037037,-54.97,1276,5.907407407407407,60.15215311004784,66.66666666666666,216
15,0.3,1.0,0.3,1.5,3,3,True,1.239537037037037,1.48,0.6499814814814814,0.7115,-33.97,20.23,-3.974212962962963,-35.51,1538,7.12037037037037,58.96132075471698,66.20370370370371,216
15,0.5,2.0,0.0,2.5,3,7,True,1.238611111111111,1.065,0.6064814814814815,0.7895000000000001,-54.91,38.89,-4.130462962962963,-56.32,721,3.337962962962963,69.80051282051281,61.111111111111114,216
20,0.5,1.5,0.3,2.0,3,5,True,1.2385185185185188,1.56,0.6040509259259259,0.8160000000000001,-75.18,29.6,-4.409537037037037,-76.59,863,3.9953703703703702,68.28316831683169,62.96296296296296,216
15,0.75,2.0,0.0,1.5,3,7,True,1.2380555555555557,1.1549999999999998,0.5614768518518519,0.793,-51.98,38.89,-3.9093055555555556,-51.98,562,2.6018518518518516,66.63850574712643,61.111111111111114,216
20,0.3,1.5,0.3,2.5,3,5,True,1.237824074074074,1.705,0.6556342592592592,1.0510000000000002,-75.18,29.6,-4.435138888888889,-76.59,1056,4.888888888888889,69.13317757009345,67.12962962962963,216
20,0.75,2.0,-0.3,1.5,3,5,True,1.2372685185185186,1.0,0.46771759259259255,0.4935,-45.19,31.01,-4.317638888888888,-55.26,606,2.8055555555555554,63.30402298850576,54.166666666666664,216
20,0.3,1.5,-0.3,2.0,3,5,True,1.2358796296296295,0.77,0.5669907407407407,0.5834999999999999,-74.58,27.91,-4.74300925925926,-76.59,1030,4.768518518518518,61.17594339622641,62.03703703703704,216
20,0.3,1.5,0.3,1.5,5,5,True,1.2356018518518521,0.755,0.6868472222222222,1.0145,-23.06,29.65,-2.2328703703703705,-26.54,792,3.6666666666666665,69.39460784313725,65.74074074074075,216
15,0.75,1.5,0.3,2.0,5,5,True,1.234398148148148,0.7050000000000001,0.6030231481481482,0.6775,-18.45,27.78,-1.7890740740740743,-21.43,324,1.5,80.97123287671232,55.55555555555556,216
15,0.3,1.0,0.0,2.5,5,7,True,1.2325462962962963,0.885,0.6291481481481482,0.77,-19.87,31.26,-2.8821296296296293,-23.37,843,3.9027777777777777,66.64166666666668,62.5,216
20,0.5,1.5,-0.3,2.0,5,5,True,1.231574074074074,0.33,0.5022777777777778,0.493,-23.06,29.41,-2.6122685185185186,-26.54,575,2.662037037037037,64.21284916201118,54.166666666666664,216
15,0.75,1.5,0.3,1.5,5,3,True,1.2287962962962962,0.52,0.6323425925925925,0.8175,-18.45,27.78,-1.2956944444444445,-21.43,336,1.5555555555555556,80.25263157894737,59.25925925925925,216
10,0.5,1.0,0.3,2.0,3,5,True,1.2285185185185186,1.4649999999999999,0.7336990740740741,1.1055000000000001,-20.55,17.36,-2.89875,-22.61,935,4.328703703703703,68.37535545023697,69.9074074074074,216
20,0.5,2.0,0.0,1.5,3,7,True,1.2283333333333333,0.645,0.5556388888888888,0.416,-53.85,31.04,-4.295324074074074,-55.86,778,3.6018518518518516,63.66395939086294,60.64814814814815,216
15,0.75,1.0,0.3,1.5,3,3,True,1.227962962962963,1.705,0.642375,0.779,-51.77,19.79,-4.030972222222222,-51.87,1027,4.75462962962963,58.60388349514563,68.05555555555556,216
15,0.5,2.0,0.0,2.0,3,7,True,1.2275462962962962,1.1,0.5913935185185186,0.826,-54.91,38.89,-3.9759722222222225,-56.32,729,3.375,67.42577319587627,62.03703703703704,216
20,0.75,1.5,0.0,2.5,5,5,True,1.2271296296296297,0.0,0.4871481481481482,0.0105,-23.06,28.49,-2.696759259259259,-26.54,383,1.7731481481481481,71.44228187919462,49.53703703703704,216
20,0.5,2.0,-0.3,1.5,3,5,True,1.2271296296296297,0.43,0.5382268518518518,0.5615,-53.85,30.87,-4.164861111111112,-55.86,818,3.787037037037037,61.775000000000006,56.481481481481474,216
20,0.75,1.5,0.3,2.5,5,5,True,1.2246759259259261,0.595,0.5607453703703703,0.483,-23.06,28.65,-2.4940277777777777,-26.54,387,1.7916666666666667,74.83782051282051,53.70370370370371,216
15,0.75,1.0,0.3,2.5,5,7,True,1.2227314814814816,1.1600000000000001,0.6444768518518518,1.0015,-21.64,27.78,-2.8643518518518523,-23.51,500,2.314814814814815,75.49011627906977,61.111111111111114,216
15,0.75,2.0,0.0,2.5,5,5,True,1.2226851851851852,0.5700000000000001,0.5721990740740741,0.497,-18.45,30.65,-2.0675925925925926,-21.43,309,1.4305555555555556,80.31760563380281,54.166666666666664,216
15,0.5,2.0,0.3,2.0,5,5,True,1.222361111111111,0.38,0.6543055555555556,0.9504999999999999,-18.45,27.78,-1.6795370370370368,-21.43,516,2.388888888888889,73.32307692307693,61.111111111111114,216
20,0.3,2.0,0.3,2.5,3,7,True,1.2219444444444447,1.185,0.7390416666666666,1.0085,-75.18,45.05,-4.389583333333333,-76.59,923,4.273148148148148,73.16761904761904,67.12962962962963,216
20,0.5,1.5,0.3,1.5,5,5,True,1.221527777777778,0.62,0.606050925925926,0.7585,-23.06,29.57,-2.2067592592592593,-26.54,595,2.7546296296296298,69.2663043478261,62.5,216
15,0.3,1.0,0.3,2.5,5,7,True,1.2212962962962963,0.855,0.679537037037037,0.9215,-17.02,27.32,-2.528518518518519,-21.43,850,3.935185185185185,70.07272727272728,63.888888888888886,216
20,0.3,1.5,-0.3,2.0,5,7,True,1.2203703703703705,0.48,0.5318981481481481,0.5974999999999999,-23.06,31.05,-2.721203703703704,-26.54,693,3.2083333333333335,65.04321608040202,59.72222222222222,216
10,0.75,1.0,-0.3,2.0,3,7,True,1.219861111111111,1.9849999999999999,0.7321898148148149,1.0070000000000001,-51.5,29.25,-3.9647222222222216,-52.29,628,2.9074074074074074,70.93821989528796,65.74074074074075,216
20,0.5,1.5,-0.3,2.5,5,7,True,1.2183333333333333,0.28,0.47683796296296294,0.3405,-27.42,31.96,-2.9720370370370373,-27.42,536,2.4814814814814814,66.5338888888889,54.166666666666664,216
15,0.3,2.0,0.0,2.5,3,7,True,1.2172685185185186,1.05,0.6267453703703704,0.8354999999999999,-54.91,39.13,-4.156296296296296,-56.32,910,4.212962962962963,69.74271844660194,61.57407407407407,216
15,0.75,1.5,0.0,1.5,5,3,True,1.2169444444444446,0.36,0.607087962962963,0.5815,-18.45,30.78,-1.4844444444444445,-21.43,336,1.5555555555555556,78.15570469798658,56.481481481481474,216
20,0.75,2.0,0.3,1.5,5,5,True,1.2157407407407408,0.56,0.5552268518518518,0.499,-23.06,28.65,-2.1419444444444444,-26.54,373,1.7268518518518519,73.08716216216216,54.629629629629626,216
15,0.5,2.0,0.3,2.0,3,7,True,1.215601851851852,1.365,0.6494212962962962,0.7885,-54.91,38.89,-3.6894907407407405,-56.32,743,3.439814814814815,72.268,67.12962962962963,216
20,0.3,1.5,0.3,2.0,5,7,True,1.2150925925925924,0.595,0.6733796296296296,0.9695,-23.06,30.59,-2.3248611111111113,-26.54,741,3.4305555555555554,72.05951219512195,63.42592592592593,216
20,0.75,2.0,-0.3,2.5,5,5,True,1.2145833333333333,0.0,0.4747453703703704,0.0,-23.06,28.49,-2.7256944444444446,-26.54,361,1.6712962962962963,71.35104895104894,48.148148148148145,216
20,0.75,1.5,0.3,2.0,5,7,True,1.2134259259259257,0.595,0.5887824074074074,0.498,-27.42,29.72,-2.6473611111111115,-27.42,379,1.7546296296296295,75.8858064516129,54.629629629629626,216
20,0.5,1.5,-0.3,1.5,5,7,True,1.2121296296296296,0.22,0.4438981481481481,0.29200000000000004,-27.42,31.96,-2.8474074074074074,-27.42,563,2.6064814814814814,63.642774566473996,54.629629629629626,216
20,0.3,2.0,-0.3,1.5,5,5,True,1.2112037037037038,0.33999999999999997,0.5431712962962963,0.6234999999999999,-23.06,29.41,-2.479583333333333,-26.54,751,3.4768518518518516,62.73762376237624,59.25925925925925,216
20,0.3,1.5,-0.3,2.5,5,7,True,1.210601851851852,0.415,0.5454583333333334,0.5715,-23.06,31.05,-2.7705555555555557,-26.54,687,3.1805555555555554,66.18900000000001,59.25925925925925,216
15,0.75,2.0,0.3,2.0,2,5,True,1.2105555555555556,1.6949999999999998,0.5886342592592593,0.648,-48.47,47.11,-5.884166666666666,-61.22,740,3.425925925925926,67.28994974874372,60.18518518518518,216
10,0.3,1.0,-0.3,2.5,2,5,True,1.210462962962963,1.8050000000000002,0.5464212962962962,0.656,-32.69,26.5,-6.410046296296296,-57.27,1693,7.837962962962963,59.14837209302326,59.25925925925925,216
15,0.3,2.0,0.3,2.0,3,7,True,1.2103703703703703,1.435,0.6274166666666667,0.852,-54.91,38.9,-3.7144444444444447,-56.32,942,4.361111111111111,71.60833333333332,65.74074074074075,216
15,0.75,1.5,0.3,1.5,2,3,True,1.2059722222222222,1.3050000000000002,0.5652638888888889,0.554,-39.94,30.04,-5.319629629629629,-59.26,900,4.166666666666667,59.785784313725486,56.94444444444444,216
15,0.75,2.0,0.3,2.5,3,7,True,1.2056944444444448,1.38,0.6402731481481482,0.802,-72.71,38.89,-4.058009259259259,-72.71,549,2.5416666666666665,76.33611111111111,66.20370370370371,216
15,0.3,1.0,-0.3,1.5,5,7,True,1.2041203703703702,0.685,0.48109722222222223,0.4595,-25.09,31.1,-2.7865277777777777,-25.09,847,3.9212962962962963,57.03897435897436,58.333333333333336,216
15,0.75,1.0,0.3,2.0,3,3,True,1.2040277777777777,1.855,0.7054675925925926,0.929,-70.26,19.79,-4.245416666666666,-70.97,1013,4.689814814814815,60.88405797101449,68.51851851851852,216
20,0.75,2.0,-0.3,2.0,5,7,True,1.2039351851851852,0.0,0.44663425925925926,0.023,-27.42,29.56,-3.0291666666666663,-27.42,348,1.6111111111111112,72.10000000000001,49.53703703703704,216
20,0.75,1.5,-0.3,1.5,5,7,True,1.202824074074074,0.09,0.4305277777777778,0.14350000000000002,-27.42,29.56,-2.9255555555555555,-27.42,380,1.7592592592592593,69.04420289855072,50.46296296296296,216
15,0.75,1.5,-0.3,2.5,3,5,True,1.2026851851851854,1.61,0.6156064814814813,0.777,-72.71,29.0,-4.138518518518519,-72.71,565,2.615740740740741,69.42402234636873,62.96296296296296,216
15,0.75,2.0,0.3,2.0,5,5,True,1.2025462962962963,0.5700000000000001,0.6001296296296296,0.6715,-18.45,27.78,-1.734351851851852,-21.43,310,1.4351851851851851,81.63263888888889,55.092592592592595,216
15,0.3,2.0,0.0,2.0,3,7,True,1.2022685185185185,1.295,0.5925092592592593,0.866,-54.91,39.13,-3.9986111111111113,-56.32,918,4.25,67.76600985221675,62.03703703703704,216
15,0.3,1.0,0.3,2.0,3,3,True,1.2014814814814814,1.78,0.6939814814814815,0.8045,-52.46,20.23,-4.168055555555556,-54.97,1518,7.027777777777778,61.36367924528302,67.5925925925926,216
20,0.5,1.5,0.3,2.0,5,5,True,1.1997685185185187,0.61,0.5964999999999999,0.767,-23.06,29.57,-2.2919907407407405,-26.54,583,2.699074074074074,70.96720430107527,58.79629629629629,216
15,0.75,2.0,0.0,2.0,3,7,True,1.1997222222222221,1.5,0.5922777777777777,0.8374999999999999,-72.71,38.89,-4.220509259259259,-72.71,545,2.5231481481481484,70.69195402298851,61.57407407407407,216
20,0.3,1.5,0.3,2.5,5,7,True,1.1992592592592592,0.58,0.6922222222222223,0.9695,-23.06,30.59,-2.376666666666667,-26.54,736,3.4074074074074074,73.4009708737864,62.96296296296296,216
15,0.75,2.0,0.3,1.5,5,5,True,1.1967592592592593,0.365,0.5739120370370371,0.6715,-18.45,27.78,-1.592314814814815,-21.43,312,1.4444444444444444,80.49208633093525,55.092592592592595,216
10,0.5,1.0,0.0,1.5,3,7,True,1.196064814814815,1.46,0.7395231481481481,1.1155,-51.5,31.38,-3.2847685185185185,-52.29,929,4.300925925925926,63.91884057971015,68.05555555555556,216
15,0.75,1.0,0.3,2.5,3,3,True,1.195925925925926,1.83,0.7132638888888889,0.926,-70.26,19.79,-4.29912037037037,-70.97,1011,4.680555555555555,61.53076923076923,68.51851851851852,216
10,0.5,1.0,-0.3,2.0,2,5,True,1.1941666666666666,1.495,0.5408888888888889,0.5555,-32.69,26.5,-6.258194444444444,-57.27,1476,6.833333333333333,56.69720930232559,60.18518518518518,216
15,0.75,2.0,0.0,2.5,3,7,True,1.1923611111111112,1.5,0.601449074074074,0.806,-72.71,38.89,-4.3812037037037035,-72.71,539,2.4953703703703702,73.07102272727273,62.5,216
15,0.75,2.0,0.3,1.5,5,3,True,1.1921296296296295,0.42,0.6114444444444445,0.706,-18.45,27.78,-1.2689351851851853,-21.43,322,1.4907407407407407,80.39194630872483,58.333333333333336,216
15,0.5,2.0,-0.3,2.5,3,5,True,1.188564814814815,0.925,0.6145231481481481,0.7095,-54.91,29.59,-3.8431481481481486,-56.32,767,3.550925925925926,65.31295336787565,60.18518518518518,216
15,0.75,1.5,0.0,2.0,5,3,True,1.1881481481481482,0.36,0.6201296296296296,0.525,-18.45,30.78,-1.5846759259259258,-21.43,334,1.5462962962962963,78.74238410596028,56.481481481481474,216
10,0.75,1.0,0.0,1.5,3,7,True,1.1881018518518518,1.665,0.7505509259259258,1.078,-51.5,31.05,-3.2919444444444443,-52.29,626,2.8981481481481484,68.78177083333334,65.74074074074075,216
20,0.5,2.0,0.3,2.5,3,7,True,1.1876851851851853,1.375,0.7291527777777779,0.9504999999999999,-75.18,45.05,-4.4030555555555555,-76.59,731,3.384259259259259,71.7407960199005,64.35185185185185,216
15,0.75,1.5,-0.3,1.5,5,3,True,1.1873148148148147,0.29500000000000004,0.5515925925925926,0.335,-18.45,30.78,-1.545925925925926,-21.43,336,1.5555555555555556,77.38163265306122,53.70370370370371,216
20,0.5,1.5,0.0,2.0,5,5,True,1.186759259259259,0.36,0.4970972222222222,0.59,-23.06,29.41,-2.51462962962963,-26.54,579,2.6805555555555554,66.5,55.55555555555556,216
15,0.5,1.5,0.0,1.5,2,3,True,1.1866666666666665,1.2149999999999999,0.5759814814814815,0.513,-29.06,29.65,-5.392129629629629,-58.31,1202,5.564814814814815,56.852112676056336,57.870370370370374,216
20,0.3,1.5,0.3,1.5,3,5,True,1.1859259259259258,0.855,0.5527268518518519,0.5694999999999999,-54.45,31.22,-4.075694444444445,-55.86,1102,5.101851851851852,65.45141509433962,62.96296296296296,216
20,0.5,2.0,0.0,1.5,5,5,True,1.1854166666666668,0.365,0.48516203703703703,0.5375000000000001,-23.06,29.41,-2.360972222222222,-26.54,569,2.634259259259259,65.9659217877095,56.94444444444444,216
20,0.75,2.0,0.3,2.0,3,7,True,1.1849074074074073,1.3050000000000002,0.6318703703703703,0.688,-68.93,44.84,-4.52087962962963,-75.99,550,2.5462962962962963,70.81141304347825,58.333333333333336,216
20,0.75,2.0,0.0,1.5,3,7,True,1.1824074074074074,0.76,0.4931666666666667,0.496,-45.19,30.61,-4.435833333333333,-55.26,586,2.712962962962963,64.76611111111112,58.333333333333336,216
15,0.5,1.5,0.3,1.5,5,5,True,1.1818055555555556,0.42500000000000004,0.6105185185185186,0.984,-18.45,27.78,-1.6497222222222223,-21.43,538,2.490740740740741,70.2876404494382,59.72222222222222,216
20,0.3,2.0,0.0,2.5,3,5,True,1.1810648148148148,0.63,0.6188194444444444,0.6275,-74.58,28.48,-4.351342592592593,-76.59,969,4.486111111111111,64.58767772511848,62.03703703703704,216
20,0.3,1.5,0.3,2.0,3,5,True,1.180324074074074,1.505,0.6074027777777778,0.897,-75.18,29.6,-4.41587962962963,-76.59,1060,4.907407407407407,68.25188679245282,63.42592592592593,216
15,0.75,2.0,0.0,1.5,5,3,True,1.1802777777777778,0.35,0.587763888888889,0.525,-18.45,30.78,-1.457824074074074,-21.43,322,1.4907407407407407,78.14041095890411,56.018518518518526,216
15,0.3,2.0,0.3,1.5,2,3,True,1.1801851851851852,1.165,0.627537037037037,0.657,-28.25,30.4,-5.056666666666667,-59.09,1392,6.444444444444445,60.92976744186047,61.111111111111114,216
15,0.3,1.5,0.0,2.0,5,5,True,1.1800000000000002,0.51,0.6406018518518519,0.873,-18.45,30.19,-1.8130555555555554,-21.43,697,3.2268518518518516,66.5798969072165,62.96296296296296,216
20,0.3,2.0,0.0,1.5,3,7,True,1.1799074074074074,0.625,0.5816157407407408,0.535,-53.85,31.04,-4.350833333333334,-55.86,966,4.472222222222222,63.88380952380952,62.96296296296296,216
10,0.3,1.0,0.3,2.0,2,7,True,1.1797685185185185,1.885,0.6259953703703703,0.6575,-38.62,34.0,-5.926712962962963,-55.91,1685,7.800925925925926,67.82407407407408,63.888888888888886,216
15,0.5,1.5,0.3,2.5,2,3,True,1.1794444444444447,1.6,0.6336574074074074,0.644,-30.67,30.4,-5.593564814814815,-59.09,1177,5.449074074074074,62.70377358490566,60.18518518518518,216
15,0.75,2.0,0.3,2.0,3,7,True,1.1793981481481481,1.5,0.6223564814814815,0.802,-72.71,38.89,-3.9627314814814816,-72.71,555,2.5694444444444446,73.76629213483146,65.74074074074075,216
15,0.75,1.5,0.3,2.0,5,3,True,1.1787037037037038,0.5700000000000001,0.6396018518518518,0.8240000000000001,-18.45,27.78,-1.403611111111111,-21.43,334,1.5462962962962963,80.8012987012987,59.25925925925925,216
20,0.3,2.0,0.0,1.5,5,5,True,1.1781481481481482,0.525,0.5579027777777777,0.7765,-23.06,29.41,-2.3925925925925924,-26.54,763,3.5324074074074074,66.18514851485148,61.111111111111114,216
10,0.75,1.0,0.3,2.5,2,5,True,1.1743518518518519,1.87,0.6430555555555556,0.7615000000000001,-38.62,34.0,-5.592731481481481,-55.91,1171,5.421296296296297,63.37311320754717,64.35185185185185,216
10,0.5,1.0,0.0,2.5,2,5,True,1.1729166666666668,1.77,0.5981527777777779,0.6415,-32.69,26.14,-6.172361111111111,-57.27,1476,6.833333333333333,60.72511627906976,63.42592592592593,216
15,0.75,1.5,-0.3,2.0,5,7,True,1.1721296296296297,0.20500000000000002,0.4941527777777778,0.1375,-19.93,31.56,-2.5323611111111113,-21.43,323,1.4953703703703705,78.06569343065694,50.92592592592593,216
15,0.5,1.5,-0.3,1.5,2,3,True,1.1704166666666667,1.13,0.5624675925925926,0.4595,-27.92,27.23,-5.465694444444444,-58.4,1200,5.555555555555555,55.47840375586854,57.407407407407405,216
10,0.75,1.0,-0.3,1.5,3,7,True,1.1667592592592593,1.76,0.6751712962962962,1.0045,-51.5,29.25,-3.5887962962962967,-52.29,628,2.9074074074074074,66.10265957446808,66.20370370370371,216
15,0.3,2.0,-0.3,2.5,3,5,True,1.166712962962963,0.975,0.6140046296296297,0.7335,-54.91,30.17,-3.907685185185185,-56.32,979,4.532407407407407,63.41379310344828,63.888888888888886,216
15,0.5,1.5,0.3,2.0,5,7,True,1.1627314814814815,0.42000000000000004,0.6453981481481482,1.02,-18.45,27.78,-1.8790740740740741,-21.43,518,2.3981481481481484,75.38648648648649,61.111111111111114,216
10,0.3,1.0,-0.3,2.0,2,5,True,1.162037037037037,1.65,0.5311064814814814,0.638,-32.69,26.5,-6.272824074074074,-57.27,1699,7.8657407407407405,58.03999999999999,58.79629629629629,216
15,0.5,1.5,-0.3,2.0,5,7,True,1.1615740740740739,0.35,0.4719814814814815,0.4425,-19.67,31.56,-2.4370833333333333,-21.43,505,2.337962962962963,68.97544910179641,56.018518518518526,216
20,0.3,2.0,0.0,2.0,3,5,True,1.1603703703703703,0.605,0.5968425925925926,0.582,-74.58,28.48,-4.338796296296296,-76.59,973,4.50462962962963,64.14123222748816,61.111111111111114,216
15,0.75,1.5,-0.3,2.0,5,3,True,1.1585185185185185,0.345,0.5663240740740739,0.35,-18.45,30.78,-1.6444907407407408,-21.43,334,1.5462962962962963,77.98657718120805,54.166666666666664,216
10,0.75,1.0,0.0,2.0,2,5,True,1.1577314814814814,1.48,0.5695231481481481,0.5705,-33.15,26.14,-5.983657407407407,-57.72,1171,5.421296296296297,58.91469194312796,62.03703703703704,216
20,0.75,1.5,0.0,2.0,5,7,True,1.1570833333333335,0.16,0.45009722222222215,0.116,-27.42,29.56,-2.99337962962963,-27.42,371,1.7175925925925926,72.62206896551724,50.92592592592593,216
15,0.3,2.0,0.3,2.0,2,5,True,1.1552314814814815,1.53,0.6144537037037038,0.6755,-34.02,47.46,-5.744490740740741,-59.09,1243,5.75462962962963,65.4460465116279,62.96296296296296,216
15,0.75,2.0,-0.3,2.0,5,7,True,1.1531481481481483,0.2,0.4982546296296296,0.108,-19.93,31.56,-2.474907407407407,-21.43,307,1.4212962962962963,78.94328358208956,50.46296296296296,216
20,0.75,2.0,0.3,2.5,5,5,True,1.1525925925925926,0.385,0.5370185185185185,0.251,-23.06,28.65,-2.427546296296296,-26.54,367,1.6990740740740742,75.54671052631578,51.388888888888886,216
15,0.75,2.0,0.0,2.0,5,3,True,1.1514814814814816,0.35,0.600162037037037,0.4985,-18.45,30.78,-1.5580555555555557,-21.43,320,1.4814814814814814,78.7391891891892,55.55555555555556,216
15,0.75,2.0,-0.3,1.5,5,3,True,1.1506481481481483,0.26,0.5312916666666667,0.29500000000000004,-18.45,30.78,-1.5193981481481482,-21.43,322,1.4907407407407407,77.35,53.24074074074075,216
20,0.3,2.0,-0.3,1.5,3,5,True,1.1500462962962963,0.455,0.5594675925925926,0.594,-53.85,30.87,-4.183888888888889,-55.86,1005,4.652777777777778,60.26285714285714,59.25925925925925,216
20,0.5,2.0,-0.3,2.0,5,7,True,1.149675925925926,0.22,0.4266481481481481,0.271,-27.42,31.96,-2.824351851851852,-27.42,519,2.4027777777777777,65.878612716763,52.77777777777778,216
20,0.3,2.0,0.3,1.5,5,5,True,1.14875,0.64,0.6616481481481481,1.0805,-23.06,29.65,-2.192222222222222,-26.54,770,3.564814814814815,69.82413793103449,63.42592592592593,216
15,0.5,1.5,0.3,2.0,5,3,True,1.1466666666666665,0.39,0.6603194444444446,0.9935,-18.45,27.78,-1.4224999999999999,-21.43,556,2.574074074074074,71.93193717277487,66.20370370370371,216
15,0.5,1.5,0.3,1.5,5,3,True,1.1458796296296296,0.4,0.6292407407407408,0.9675,-18.45,27.78,-1.3882407407407409,-21.43,566,2.6203703703703702,70.57021276595745,63.888888888888886,216
10,0.3,1.0,0.0,2.5,3,3,True,1.1455555555555554,1.2650000000000001,0.6270370370370371,0.894,-19.98,18.55,-2.7932870370370364,-22.04,1229,5.689814814814815,60.601401869158884,65.27777777777779,216
20,0.5,2.0,-0.3,2.0,5,5,True,1.1449074074074075,0.22,0.46884722222222225,0.29000000000000004,-23.06,29.41,-2.55162037037037,-26.54,555,2.5694444444444446,64.37897727272728,52.77777777777778,216
20,0.75,1.5,-0.3,2.5,5,7,True,1.1449074074074073,0.115,0.43231018518518516,0.085,-27.42,29.56,-3.259027777777778,-27.42,368,1.7037037037037037,72.57083333333334,50.46296296296296,216
20,0.5,2.0,-0.3,1.5,5,7,True,1.1446296296296297,0.18,0.4143379629629629,0.27,-27.42,31.96,-2.7926851851851846,-27.42,541,2.5046296296296298,64.27529411764705,52.77777777777778,216
10,0.75,1.0,0.3,2.0,2,7,True,1.1427777777777777,1.8599999999999999,0.6027546296296296,0.622,-38.62,34.0,-5.920833333333333,-55.91,1163,5.3842592592592595,64.35000000000001,62.96296296296296,216
15,0.5,2.0,-0.3,2.0,5,7,True,1.1425925925925926,0.31,0.4749212962962963,0.4425,-19.67,31.56,-2.36125,-21.43,489,2.263888888888889,69.50909090909092,56.018518518518526,216
15,0.75,2.0,0.3,2.0,5,3,True,1.142037037037037,0.45999999999999996,0.6180416666666666,0.706,-18.45,27.78,-1.3768518518518518,-21.43,320,1.4814814814814814,80.94966887417219,58.333333333333336,216
20,0.5,2.0,-0.3,1.5,3,7,True,1.142037037037037,0.69,0.5172175925925926,0.416,-53.85,30.73,-4.496342592592593,-55.86,771,3.5694444444444446,61.424226804123705,57.870370370370374,216
20,0.75,2.0,-0.3,2.0,3,5,True,1.1416203703703705,0.95,0.49523148148148155,0.423,-65.92,28.05,-4.700231481481482,-75.99,572,2.6481481481481484,64.86761363636364,56.018518518518526,216
20,0.5,1.5,0.3,2.0,5,7,True,1.1405555555555555,0.575,0.5965555555555555,0.6575,-27.42,31.41,-2.4838888888888886,-27.42,560,2.5925925925925926,72.82299465240642,58.79629629629629,216
20,0.75,2.0,0.0,2.5,5,5,True,1.140462962962963,0.0,0.46025462962962965,0.0,-23.06,28.49,-2.6360185185185183,-26.54,363,1.6805555555555556,71.97655172413793,47.22222222222222,216
15,0.3,2.0,0.0,2.0,5,5,True,1.1368518518518522,0.47,0.6489722222222222,0.873,-18.45,30.19,-1.758472222222222,-21.43,681,3.1527777777777777,67.21865284974093,63.888888888888886,216
15,0.3,1.5,-0.3,2.0,5,5,True,1.136064814814815,0.41500000000000004,0.5267314814814815,0.7195,-18.45,30.03,-1.9331944444444442,-21.43,689,3.189814814814815,61.89528795811518,58.79629629629629,216
20,0.5,2.0,-0.3,2.5,5,7,True,1.135648148148148,0.16,0.43793055555555555,0.251,-27.42,31.96,-2.874675925925926,-27.42,516,2.388888888888889,66.29431818181818,51.85185185185185,216
20,0.75,2.0,-0.3,1.5,5,7,True,1.135324074074074,0.0,0.4121666666666667,0.0,-27.42,29.56,-2.870277777777778,-27.42,358,1.6574074074074074,69.61268656716418,49.074074074074076,216
20,0.5,2.0,0.3,1.5,5,5,True,1.1346759259259258,0.56,0.5756157407407407,0.7435,-23.06,29.57,-2.1652314814814813,-26.54,573,2.6527777777777777,69.82541436464088,60.18518518518518,216
15,0.75,1.5,0.0,1.5,3,5,True,1.1341666666666668,1.44,0.5446435185185186,0.7835000000000001,-51.98,27.24,-3.671805555555556,-51.98,588,2.7222222222222223,63.92611111111111,62.03703703703704,216
10,0.3,1.0,0.0,2.5,2,5,True,1.1328703703703706,1.9100000000000001,0.5910555555555556,0.629,-32.69,26.14,-6.192916666666667,-57.27,1701,7.875,62.65648148148148,62.5,216
15,0.75,1.5,0.3,1.5,3,5,True,1.1314351851851852,1.41,0.5853611111111111,0.8165,-51.98,27.24,-3.453888888888889,-51.98,596,2.759259259259259,65.87783783783783,64.81481481481481,216
10,0.5,1.0,0.3,2.0,2,7,True,1.1313425925925924,1.76,0.6193148148148148,0.634,-38.62,34.0,-5.9369907407407405,-55.91,1467,6.791666666666667,66.10093023255814,63.888888888888886,216
15,0.3,1.5,0.0,1.5,3,5,True,1.1305555555555555,0.995,0.5629537037037038,0.768,-34.18,28.41,-3.532083333333333,-35.59,1028,4.7592592592592595,62.71225490196078,62.96296296296296,216
15,0.5,2.0,0.3,1.5,5,5,True,1.1301388888888886,0.38,0.5993055555555556,0.9385,-18.45,27.78,-1.6207870370370372,-21.43,524,2.425925925925926,70.54406779661016,59.72222222222222,216
10,0.3,1.0,0.0,2.0,3,3,True,1.1295370370370372,1.2650000000000001,0.6198518518518518,0.885,-19.98,18.55,-2.760787037037037,-22.04,1229,5.689814814814815,60.08644859813084,64.81481481481481,216
15,0.3,1.5,0.3,1.5,3,5,True,1.1283333333333334,1.05,0.6016527777777777,0.8174999999999999,-34.18,28.07,-3.2854629629629635,-35.59,1046,4.842592592592593,66.41519607843138,64.35185185185185,216
20,0.3,2.0,-0.3,1.5,3,7,True,1.1280092592592592,0.745,0.5570046296296296,0.567,-53.85,30.73,-4.546759259259259,-55.86,950,4.398148148148148,61.15913461538461,62.03703703703704,216
20,0.3,2.0,-0.3,2.5,5,7,True,1.1279166666666667,0.275,0.49220833333333336,0.439,-23.06,31.05,-2.677222222222222,-26.54,667,3.087962962962963,66.07788944723617,56.481481481481474,216
20,0.5,2.0,0.3,2.0,3,7,True,1.1266203703703705,1.245,0.6733657407407407,0.8015,-75.18,45.05,-4.401851851851852,-76.59,739,3.4212962962962963,70.66934673366835,62.96296296296296,216
15,0.5,1.5,0.0,1.5,3,5,True,1.1262962962962961,0.935,0.5471851851851851,0.7095,-34.18,27.83,-3.4598148148148145,-35.59,810,3.75,62.38367346938776,62.5,216
20,0.75,1.5,0.3,1.5,3,7,True,1.1257870370370369,0.78,0.5077407407407408,0.5640000000000001,-48.2,31.01,-4.402962962962963,-55.26,655,3.0324074074074074,64.96436170212766,57.407407407407405,216
20,0.5,2.0,0.3,2.0,5,5,True,1.1219907407407408,0.54,0.5755,0.716,-23.06,29.57,-2.2307407407407407,-26.54,563,2.6064814814814814,71.51147540983607,57.407407407407405,216
15,0.75,2.0,-0.3,2.0,5,3,True,1.1218518518518519,0.33,0.5453796296296296,0.269,-18.45,30.78,-1.617962962962963,-21.43,320,1.4814814814814814,77.96780821917808,53.24074074074075,216
15,0.75,2.0,-0.3,2.5,3,5,True,1.1208333333333331,1.47,0.5812777777777778,0.7195,-72.71,29.0,-4.1255555555555565,-72.71,547,2.5324074074074074,70.66742857142857,60.64814814814815,216
20,0.5,1.5,0.3,2.5,5,5,True,1.12,0.61,0.5931666666666667,0.8255,-23.06,29.57,-2.435046296296296,-26.54,583,2.699074074074074,71.89999999999999,58.333333333333336,216
15,0.5,1.5,0.3,2.5,5,5,True,1.1199537037037037,0.45,0.6514027777777778,0.976,-18.45,27.78,-1.8826851851851856,-21.43,530,2.4537037037037037,73.38108108108108,61.57407407407407,216
20,0.3,2.0,0.3,2.5,5,7,True,1.1193055555555556,0.405,0.6750231481481482,0.953,-23.06,30.59,-2.272685185185185,-26.54,716,3.314814814814815,73.51609756097561,61.111111111111114,216
15,0.75,1.5,0.3,2.0,5,7,True,1.119212962962963,0.81,0.5768101851851851,0.636,-18.45,27.78,-1.9995833333333333,-21.43,324,1.5,82.33379310344829,53.70370370370371,216
20,0.3,2.0,-0.3,2.0,5,7,True,1.1189814814814814,0.345,0.4679074074074074,0.5685,-23.06,31.05,-2.6482407407407407,-26.54,673,3.115740740740741,65.12842639593909,57.407407407407405,216
15,0.3,1.5,0.0,1.5,2,3,True,1.1155092592592593,0.8999999999999999,0.5614722222222222,0.4585,-28.77,29.36,-5.492916666666666,-58.31,1474,6.824074074074074,57.95092592592593,58.79629629629629,216
15,0.5,1.5,0.3,2.0,2,3,True,1.1146759259259258,1.44,0.5912962962962963,0.629,-30.67,30.4,-5.544583333333334,-59.09,1179,5.458333333333333,61.487735849056605,59.25925925925925,216
15,0.3,1.5,0.3,2.5,2,3,True,1.1134722222222224,1.545,0.6301435185185185,0.5974999999999999,-31.24,30.4,-5.673935185185185,-59.09,1455,6.736111111111111,63.261574074074076,60.64814814814815,216
15,0.75,1.5,-0.3,1.5,5,7,True,1.1130092592592593,0.0,0.4298888888888889,0.0,-21.29,31.56,-2.350416666666667,-21.43,325,1.5046296296296295,75.871875,47.22222222222222,216
15,0.3,1.5,-0.3,1.5,2,3,True,1.1125462962962962,1.035,0.5519953703703704,0.4585,-27.69,26.96,-5.569629629629629,-58.4,1466,6.787037037037037,56.029629629629625,58.333333333333336,216
20,0.5,1.5,0.3,1.5,3,7,True,1.1123148148148148,0.895,0.5401574074074075,0.6605,-54.45,31.22,-4.300879629629629,-55.86,855,3.9583333333333335,65.1069306930693,58.333333333333336,216
15,0.5,2.0,0.3,2.0,5,7,True,1.1118055555555555,0.31,0.6223564814814815,0.899,-18.45,27.78,-1.8312962962962962,-21.43,504,2.3333333333333335,75.44590163934427,60.64814814814815,216
20,0.3,2.0,0.3,2.0,5,7,True,1.110740740740741,0.45999999999999996,0.6409305555555556,0.953,-23.06,30.59,-2.2468518518518517,-26.54,721,3.337962962962963,72.40098522167489,62.03703703703704,216
20,0.75,2.0,-0.3,1.5,3,7,True,1.1106944444444442,0.7150000000000001,0.44900462962962967,0.3575,-45.19,30.61,-4.63824074074074,-55.26,584,2.7037037037037037,62.64772727272727,55.55555555555556,216
20,0.5,1.5,-0.3,2.5,5,5,True,1.110324074074074,0.29500000000000004,0.49000462962962965,0.476,-23.06,29.41,-2.7660648148148144,-26.54,575,2.662037037037037,64.69944444444445,53.70370370370371,216
15,0.5,2.0,0.3,2.0,5,3,True,1.1099999999999999,0.355,0.630537037037037,0.82,-18.45,27.78,-1.3998148148148148,-21.43,542,2.509259259259259,72.06968085106384,64.81481481481481,216
15,0.75,1.5,0.3,1.5,5,7,True,1.1099999999999999,0.29500000000000004,0.5206851851851851,0.5465,-18.45,27.78,-1.8017592592592593,-21.43,326,1.5092592592592593,79.96423357664234,52.77777777777778,216
20,0.3,1.5,0.3,2.0,5,5,True,1.1094444444444445,0.705,0.6787916666666666,1.084,-27.34,29.65,-2.3776388888888893,-28.19,776,3.5925925925925926,70.4131067961165,63.42592592592593,216
15,0.5,2.0,0.3,1.5,5,3,True,1.109212962962963,0.345,0.6030462962962962,0.831,-18.45,27.78,-1.3693055555555556,-21.43,552,2.5555555555555554,70.58864864864866,62.96296296296296,216
20,0.75,2.0,0.3,2.0,5,7,True,1.1090740740740739,0.535,0.5470462962962963,0.3285,-27.42,29.72,-2.5817592592592593,-27.42,359,1.662037037037037,75.916,53.24074074074075,216
15,0.5,1.5,0.0,2.0,5,3,True,1.1084722222222223,0.355,0.6051620370370371,0.5914999999999999,-18.45,30.78,-1.6293518518518515,-21.43,556,2.574074074074074,68.55000000000001,62.5,216
15,0.75,1.5,0.0,2.5,5,3,True,1.107037037037037,0.36,0.6134861111111112,0.517,-18.45,30.78,-1.6678703703703703,-21.43,334,1.5462962962962963,78.74238410596028,56.481481481481474,216
15,0.5,1.5,0.0,2.0,5,7,True,1.1067592592592592,0.38,0.5273935185185185,0.73,-19.67,31.72,-2.305833333333333,-21.43,519,2.4027777777777777,72.27167630057804,57.407407407407405,216
20,0.5,1.5,0.0,2.5,5,5,True,1.1064351851851852,0.36,0.4927962962962963,0.595,-23.06,29.41,-2.6580092592592592,-26.54,579,2.6805555555555554,67.23532608695652,55.55555555555556,216
20,0.3,1.5,-0.3,2.0,5,5,True,1.1050925925925925,0.64,0.5692962962962963,0.8394999999999999,-26.74,29.41,-2.6841666666666666,-28.22,757,3.5046296296296298,62.76682926829269,59.72222222222222,216
15,0.75,2.0,0.3,1.5,2,3,True,1.104861111111111,1.3250000000000002,0.5892037037037037,0.65,-39.94,30.04,-5.129351851851852,-59.26,806,3.7314814814814814,61.88308457711443,57.870370370370374,216
15,0.5,1.5,0.3,1.5,3,5,True,1.103935185185185,0.915,0.5948703703703705,0.783,-34.18,27.49,-3.2156944444444444,-35.59,820,3.7962962962962963,66.05125628140703,64.81481481481481,216
10,0.5,1.0,0.0,2.0,2,5,True,1.1023148148148147,1.67,0.5770185185185185,0.6214999999999999,-32.69,26.14,-6.038611111111111,-57.27,1480,6.851851851851852,59.6506976744186,62.5,216
20,0.5,1.5,0.3,2.5,5,7,True,1.1018518518518519,0.5700000000000001,0.5971898148148148,0.6835,-27.42,31.41,-2.5537037037037034,-27.42,557,2.5787037037037037,73.98404255319149,58.333333333333336,216
15,0.3,1.5,0.3,1.5,5,3,True,1.1016666666666668,0.435,0.6332777777777778,1.0055,-18.45,27.32,-1.455462962962963,-21.43,771,3.5694444444444446,66.49455445544555,65.27777777777779,216
10,0.75,1.0,0.0,2.0,3,3,True,1.1006944444444446,1.1949999999999998,0.5753333333333333,0.8645,-22.52,18.4,-2.7405092592592593,-22.61,635,2.939814814814815,64.29247311827957,62.5,216
20,0.3,2.0,0.3,2.0,3,7,True,1.1003240740740738,1.145,0.6787175925925927,0.9584999999999999,-75.18,45.05,-4.4228703703703705,-76.59,937,4.337962962962963,71.11047619047619,65.27777777777779,216
20,0.5,2.0,0.0,2.0,5,5,True,1.1000925925925926,0.33,0.47544444444444445,0.5055000000000001,-23.06,29.41,-2.4536574074074076,-26.54,559,2.587962962962963,66.96,55.092592592592595,216
20,0.3,1.5,0.3,1.5,3,7,True,1.099861111111111,0.8049999999999999,0.5572546296296297,0.5880000000000001,-54.45,31.22,-4.338472222222222,-55.86,1056,4.888888888888889,66.03175355450236,61.57407407407407,216
15,0.5,1.5,0.0,1.5,5,3,True,1.0986574074074074,0.31,0.5719074074074074,0.5914999999999999,-18.45,30.78,-1.5965740740740741,-21.43,566,2.6203703703703702,67.12173913043479,61.111111111111114,216
20,0.3,1.5,-0.3,1.5,5,7,True,1.09837962962963,0.385,0.5054305555555556,0.5725,-27.03,31.05,-2.847175925925926,-28.5,725,3.3564814814814814,62.597979797979804,60.18518518518518,216
20,0.75,2.0,0.3,1.5,3,5,True,1.097962962962963,0.895,0.5138564814814814,0.513,-48.2,31.01,-3.995416666666667,-55.26,614,2.8425925925925926,66.69322033898305,56.018518518518526,216
15,0.75,1.5,0.3,2.5,5,3,True,1.0975925925925925,0.5700000000000001,0.634337962962963,0.761,-18.45,27.78,-1.4894907407407407,-21.43,334,1.5462962962962963,80.8012987012987,59.25925925925925,216
15,0.5,2.0,-0.3,1.5,2,3,True,1.0954166666666667,1.0750000000000002,0.5952962962962963,0.5800000000000001,-27.92,23.55,-5.2712962962962955,-58.4,1106,5.12037037037037,56.88761904761905,59.25925925925925,216
15,0.75,2.0,-0.3,1.5,5,7,True,1.0932870370370371,0.0,0.4414861111111112,0.0,-21.29,31.56,-2.297777777777778,-21.43,309,1.4305555555555556,77.34126984126983,47.22222222222222,216
15,0.3,2.0,-0.3,2.0,5,5,True,1.092916666666667,0.38,0.5378935185185186,0.7244999999999999,-18.45,30.03,-1.8787962962962965,-21.43,673,3.115740740740741,62.48421052631579,60.64814814814815,216
10,0.5,1.0,0.0,2.0,3,3,True,1.0903703703703704,1.2850000000000001,0.5891296296296296,0.894,-20.55,18.73,-2.7436574074074076,-22.61,960,4.444444444444445,60.499033816425126,64.35185185185185,216
10,0.3,1.5,0.3,2.5,3,7,True,1.0902777777777777,1.135,0.7303472222222221,1.1320000000000001,-19.15,16.2,-2.28787037037037,-21.21,933,4.319444444444445,74.8142180094787,67.5925925925926,216
10,0.5,1.0,0.0,2.5,3,3,True,1.0896296296296295,1.2850000000000001,0.5873425925925926,0.8885000000000001,-20.55,18.73,-2.7820370370370373,-22.61,960,4.444444444444445,60.910628019323674,64.35185185185185,216
15,0.5,1.5,0.3,1.5,5,7,True,1.0886574074074074,0.31,0.5565648148148148,0.979,-18.45,27.78,-1.7685648148148148,-21.43,528,2.4444444444444446,71.45222222222223,58.79629629629629,216
15,0.3,1.5,0.3,2.0,5,3,True,1.0883796296296298,0.43,0.6480601851851852,1.0055,-18.45,27.32,-1.4902314814814814,-21.43,759,3.513888888888889,68.15073891625617,67.12962962962963,216
15,0.5,2.0,0.3,2.5,5,5,True,1.0881018518518517,0.405,0.6430925925925927,0.9385,-18.45,27.78,-1.8315277777777779,-21.43,516,2.388888888888889,73.83478260869565,61.111111111111114,216
20,0.75,2.0,-0.3,2.5,3,5,True,1.0875000000000001,0.635,0.487087962962963,0.2985,-65.92,28.05,-4.778472222222223,-75.99,572,2.6481481481481484,64.86761363636364,55.092592592592595,216
15,0.5,2.0,0.0,1.5,2,3,True,1.0868518518518517,1.165,0.6045046296296296,0.663,-29.06,29.65,-5.208333333333333,-58.31,1108,5.12962962962963,58.35476190476191,59.25925925925925,216
10,0.5,1.0,0.3,2.5,2,5,True,1.086574074074074,1.87,0.6310277777777777,0.737,-38.62,34.0,-5.685787037037038,-55.91,1481,6.856481481481482,64.55720930232557,65.74074074074075,216
10,0.75,1.0,0.0,2.5,3,3,True,1.0860185185185187,1.1949999999999998,0.5671018518518518,0.851,-22.52,18.4,-2.803055555555556,-22.61,635,2.939814814814815,64.91989247311828,62.03703703703704,216
15,0.75,2.0,0.0,1.5,3,5,True,1.0860185185185185,1.41,0.5262777777777777,0.791,-51.98,27.24,-3.665046296296296,-51.98,570,2.638888888888889,65.67215909090909,61.111111111111114,216
15,0.75,2.0,0.3,1.5,3,5,True,1.083287037037037,1.245,0.5670462962962963,0.82,-51.98,27.24,-3.444722222222222,-51.98,578,2.675925925925926,67.61657458563536,63.42592592592593,216
15,0.3,2.0,0.0,1.5,3,5,True,1.0824074074074073,0.995,0.5431296296296296,0.7575000000000001,-34.18,28.41,-3.5237037037037036,-35.59,1010,4.675925925925926,63.25911330049262,62.03703703703704,216
15,0.5,1.5,-0.3,1.5,5,7,True,1.0813888888888892,0.125,0.4028333333333333,0.308,-22.77,31.56,-2.312314814814815,-22.77,515,2.384259259259259,66.43062499999999,51.388888888888886,216
15,0.3,2.0,0.3,1.5,3,5,True,1.0801851851851851,1.0,0.5820925925925926,0.772,-34.18,28.07,-3.274398148148148,-35.59,1028,4.7592592592592595,67.05911330049261,63.888888888888886,216
20,0.5,1.5,0.0,1.5,5,7,True,1.0791666666666666,0.22999999999999998,0.4109814814814815,0.3135,-27.42,31.25,-2.7265740740740743,-27.42,572,2.6481481481481484,65.19832402234637,54.629629629629626,216
15,0.5,2.0,0.0,1.5,3,5,True,1.078148148148148,0.905,0.5303888888888889,0.7095,-34.18,27.83,-3.450555555555556,-35.59,792,3.6666666666666665,63.320618556701035,61.111111111111114,216
10,0.3,1.0,0.0,2.0,2,5,True,1.0780555555555555,1.65,0.5742824074074073,0.6525000000000001,-32.69,26.14,-6.054351851851852,-57.27,1707,7.902777777777778,61.45601851851852,62.96296296296296,216
20,0.5,2.0,-0.3,2.0,3,5,True,1.0776388888888888,0.42,0.5547546296296296,0.423,-74.58,27.91,-4.547824074074073,-76.59,786,3.638888888888889,63.31928934010152,58.79629629629629,216
15,0.75,1.5,-0.3,2.5,5,3,True,1.0774074074074074,0.34,0.5600879629629629,0.29500000000000004,-18.45,30.78,-1.7287962962962962,-21.43,334,1.5462962962962963,77.98657718120805,54.166666666666664,216
20,0.75,1.5,0.0,1.5,3,3,True,1.076527777777778,0.86,0.40492129629629625,0.4995,-45.19,24.79,-4.049814814814815,-55.26,729,3.375,61.99726775956284,60.64814814814815,216
20,0.3,1.5,0.3,1.5,5,7,True,1.0762962962962963,0.595,0.6561435185185184,0.886,-27.63,30.59,-2.4343055555555555,-28.47,773,3.5787037037037037,69.7014705882353,64.35185185185185,216
15,0.75,1.5,0.3,2.5,5,5,True,1.074074074074074,0.54,0.5631712962962963,0.651,-18.45,27.78,-1.9445833333333336,-21.43,324,1.5,80.97123287671232,54.166666666666664,216
10,0.3,1.0,0.3,2.5,3,3,True,1.0735648148148147,1.205,0.59225,0.852,-19.98,17.62,-2.674490740740741,-22.04,1232,5.703703703703703,62.41869158878505,65.27777777777779,216
20,0.5,1.5,0.3,1.5,5,7,True,1.0723148148148147,0.56,0.5722453703703704,0.641,-27.42,31.41,-2.415092592592593,-27.42,582,2.6944444444444446,70.60219780219781,61.111111111111114,216
20,0.5,1.5,0.0,2.0,5,7,True,1.0718981481481482,0.29000000000000004,0.42716203703703703,0.29800000000000004,-27.42,31.25,-2.843333333333333,-27.42,549,2.5416666666666665,67.27978142076503,54.629629629629626,216
15,0.5,2.0,0.0,2.0,5,3,True,1.0718055555555555,0.29000000000000004,0.5810462962962963,0.4945,-18.45,30.78,-1.606712962962963,-21.43,542,2.509259259259259,68.60874316939892,61.57407407407407,216
15,0.75,1.5,0.0,2.0,5,7,True,1.0713888888888887,0.46,0.5193425925925926,0.20600000000000002,-19.93,31.72,-2.433148148148148,-21.43,325,1.5046296296296295,80.04927536231884,52.31481481481482,216
10,0.5,1.0,0.0,1.5,2,7,True,1.0707407407407408,1.3,0.5013611111111111,0.52,-34.37,26.14,-6.076157407407407,-58.92,1485,6.875,56.96901408450703,56.94444444444444,216
10,0.75,1.0,-0.3,1.5,2,7,True,1.0705555555555557,1.13,0.42187037037037034,0.33899999999999997,-34.83,26.5,-6.38,-59.37,1183,5.476851851851852,52.613861386138616,54.166666666666664,216
15,0.75,2.0,0.0,2.5,5,3,True,1.0703703703703704,0.35,0.5935277777777779,0.4935,-18.45,30.78,-1.6412499999999999,-21.43,320,1.4814814814814814,78.7391891891892,55.55555555555556,216
15,0.5,1.5,-0.3,2.0,5,3,True,1.070324074074074,0.29000000000000004,0.5454027777777778,0.40449999999999997,-18.45,30.78,-1.691296296296296,-21.43,554,2.564814814814815,66.49510869565218,58.333333333333336,216
15,0.3,1.5,0.3,2.0,5,5,True,1.0697685185185184,0.405,0.6318055555555555,0.873,-18.45,27.32,-1.7265277777777774,-21.43,702,3.25,69.6905,62.96296296296296,216
10,0.3,1.0,0.0,1.5,2,7,True,1.0689814814814815,1.52,0.5043333333333334,0.5495000000000001,-34.37,26.14,-6.097222222222222,-58.92,1696,7.851851851851852,59.45185185185184,57.870370370370374,216
15,0.75,2.0,0.3,2.0,5,7,True,1.068287037037037,0.7050000000000001,0.5631157407407407,0.5980000000000001,-18.45,27.78,-1.9591203703703703,-21.43,310,1.4351851851851851,82.54718309859156,53.24074074074075,216
15,0.5,2.0,0.3,2.5,2,3,True,1.067777777777778,1.35,0.6624675925925927,0.67,-30.67,30.4,-5.398935185185185,-59.09,1089,5.041666666666667,64.00669856459331,60.64814814814815,216
10,0.3,1.0,0.3,2.5,2,5,True,1.067453703703704,1.7349999999999999,0.6257962962962963,0.729,-38.62,34.0,-5.686203703703704,-55.91,1718,7.953703703703703,65.93796296296296,64.35185185185185,216
20,0.75,2.0,0.3,2.0,3,5,True,1.0674074074074074,1.19,0.550212962962963,0.6755,-68.93,29.39,-4.329212962962963,-75.99,578,2.675925925925926,69.11242937853108,58.333333333333336,216
15,0.3,2.0,0.3,1.5,5,3,True,1.065,0.385,0.6322824074074075,0.9794999999999999,-18.45,27.32,-1.4369444444444444,-21.43,757,3.5046296296296298,66.76865671641791,65.74074074074075,216
15,0.5,2.0,0.0,2.0,5,7,True,1.0639814814814816,0.31,0.5230092592592592,0.675,-19.67,31.72,-2.2505092592592595,-21.43,503,2.3287037037037037,72.44502923976609,57.407407407407405,216
20,0.3,1.5,0.0,2.0,5,5,True,1.063611111111111,0.58,0.5552037037037038,0.847,-26.81,29.41,-2.6069444444444447,-28.08,769,3.560185185185185,66.27073170731707,60.18518518518518,216
20,0.75,2.0,-0.3,2.5,5,7,True,1.062222222222222,0.0,0.40333333333333327,0.0,-27.42,29.56,-3.177731481481481,-27.42,348,1.6111111111111112,72.36402877697843,48.148148148148145,216
15,0.5,2.0,0.0,1.5,5,3,True,1.0619907407407407,0.28,0.5491481481481482,0.5305,-18.45,30.78,-1.5782870370370372,-21.43,552,2.5555555555555554,67.05580110497237,60.18518518518518,216
15,0.5,2.0,-0.3,1.5,5,7,True,1.0616666666666665,0.125,0.4143472222222222,0.3095,-22.77,31.56,-2.2581944444444444,-22.77,499,2.310185185185185,67.25786163522012,52.31481481481482,216
20,0.75,1.5,0.0,1.5,5,7,True,1.061435185185185,0.065,0.4029768518518517,0.0765,-27.42,29.56,-2.8205092592592593,-27.42,383,1.7731481481481481,69.38705035971222,50.46296296296296,216
15,0.75,2.0,0.3,2.5,5,3,True,1.0609259259259258,0.45999999999999996,0.6127916666666666,0.702,-18.45,27.78,-1.4627314814814818,-21.43,320,1.4814814814814814,80.94966887417219,58.333333333333336,216
15,0.5,1.5,-0.3,1.5,5,3,True,1.060462962962963,0.27,0.5149305555555556,0.3945,-18.45,30.78,-1.6591203703703703,-21.43,564,2.611111111111111,65.02857142857144,57.407407407407405,216
10,0.3,1.5,0.3,2.0,3,7,True,1.0599537037037037,1.1150000000000002,0.6918657407407408,1.1320000000000001,-19.98,16.2,-2.2725925925925927,-22.04,935,4.328703703703703,74.28436018957346,67.12962962962963,216
20,0.5,2.0,0.3,1.5,3,5,True,1.0595370370370372,0.49,0.5643657407407408,0.593,-54.45,31.22,-3.901203703703704,-55.86,836,3.8703703703703702,66.56030150753769,58.79629629629629,216
10,0.75,1.0,0.3,2.5,3,3,True,1.0593981481481483,1.11,0.5971527777777778,0.8865000000000001,-22.52,17.48,-2.6538888888888894,-22.61,635,2.939814814814815,67.15478723404254,63.42592592592593,216
10,0.3,1.0,0.3,1.5,3,7,True,1.059074074074074,1.395,0.6515,1.05,-19.98,17.64,-2.8637962962962966,-23.26,1157,5.356481481481482,66.64150943396227,64.81481481481481,216
15,0.75,2.0,0.3,1.5,5,7,True,1.0583333333333333,0.29500000000000004,0.5152083333333333,0.5465,-18.45,27.78,-1.7661574074074073,-21.43,312,1.4444444444444444,80.65481481481481,52.77777777777778,216
10,0.3,1.0,0.3,1.5,3,5,True,1.0580092592592591,1.4,0.6322129629629629,1.019,-19.98,17.25,-2.722685185185185,-22.37,1167,5.402777777777778,64.69481132075472,65.27777777777779,216
10,0.3,1.0,0.3,2.0,3,3,True,1.0573148148148148,1.2650000000000001,0.5846018518518519,0.837,-19.98,17.62,-2.640185185185185,-22.04,1232,5.703703703703703,61.920093457943935,65.27777777777779,216
15,0.5,2.0,0.3,1.5,3,5,True,1.055787037037037,0.87,0.5781898148148148,0.783,-34.18,27.49,-3.20375,-35.59,802,3.712962962962963,67.0502538071066,63.888888888888886,216
10,0.75,1.0,-0.3,1.5,2,5,True,1.0553703703703705,1.18,0.4513194444444444,0.489,-34.89,26.5,-6.015231481481481,-59.43,1185,5.486111111111111,53.832195121951216,56.481481481481474,216
20,0.3,1.5,0.3,2.5,5,5,True,1.0547222222222221,0.705,0.689625,1.138,-27.58,29.65,-2.503611111111111,-28.66,776,3.5925925925925926,71.22898550724636,62.96296296296296,216
20,0.75,1.5,-0.3,1.5,3,3,True,1.0545833333333332,0.735,0.3716018518518518,0.4195,-45.19,26.59,-4.1125,-55.26,727,3.365740740740741,60.94670329670329,58.79629629629629,216
15,0.3,1.5,0.3,2.0,2,3,True,1.0543518518518518,1.3900000000000001,0.5911759259259259,0.5465,-31.24,30.4,-5.628425925925925,-59.09,1457,6.74537037037037,62.25416666666667,59.72222222222222,216
15,0.5,1.5,0.3,2.5,5,3,True,1.0538425925925927,0.38,0.6642407407407407,0.9775,-18.45,27.78,-1.5188425925925926,-21.43,555,2.5694444444444446,72.2806282722513,67.12962962962963,216
15,0.3,1.5,0.0,1.5,5,5,True,1.0538425925925925,0.39,0.6027824074074074,0.7989999999999999,-18.45,30.19,-1.7428703703703705,-21.43,707,3.2731481481481484,63.601036269430054,60.18518518518518,216
10,0.5,1.0,-0.3,1.5,2,7,True,1.0535185185185185,1.205,0.4371759259259259,0.438,-34.37,26.5,-6.406666666666667,-58.92,1483,6.8657407407407405,52.57323943661971,54.166666666666664,216
20,0.75,2.0,0.0,2.0,5,7,True,1.0534722222222224,0.0,0.4116666666666666,0.0105,-27.42,29.56,-2.930324074074074,-27.42,351,1.625,72.41857142857141,49.074074074074076,216
15,0.3,2.0,0.3,2.0,5,3,True,1.0517129629629631,0.38,0.6405787037037037,0.8445,-18.45,27.32,-1.4679629629629631,-21.43,745,3.449074074074074,68.46485148514851,67.5925925925926,216
20,0.75,1.5,0.3,2.5,5,7,True,1.0513425925925926,0.535,0.5420925925925926,0.471,-27.42,29.72,-2.8081018518518515,-27.42,379,1.7546296296296295,76.10709677419355,53.24074074074075,216
15,0.3,1.0,0.3,1.5,5,7,True,1.050185185185185,0.74,0.5788148148148148,0.909,-17.02,27.32,-2.2931481481481484,-21.43,870,4.027777777777778,64.0619512195122,64.81481481481481,216
20,0.75,1.5,0.3,1.5,5,7,True,1.0491203703703702,0.52,0.5381296296296296,0.499,-27.42,29.72,-2.5187037037037037,-27.42,391,1.8101851851851851,72.53533333333333,55.092592592592595,216
10,0.75,1.0,0.0,1.5,2,7,True,1.048888888888889,1.28,0.47478703703703706,0.4615,-34.83,26.14,-6.063703703703704,-59.37,1181,5.467592592592593,55.588888888888896,56.018518518518526,216
20,0.75,1.5,-0.3,2.0,5,3,True,1.048888888888889,0.10500000000000001,0.5458009259259259,0.1375,-24.72,28.78,-2.2925925925925927,-26.54,404,1.8703703703703705,72.39032258064516,51.388888888888886,216
15,0.75,1.5,0.3,2.5,2,3,True,1.0486574074074075,1.5899999999999999,0.5805925925925925,0.594,-48.47,30.04,-5.777268518518519,-61.22,871,4.032407407407407,63.95343137254902,58.333333333333336,216
20,0.5,2.0,0.3,2.5,5,5,True,1.0479166666666668,0.54,0.57875,0.716,-23.06,29.57,-2.3690277777777777,-26.54,563,2.6064814814814814,72.47500000000001,57.407407407407405,216
15,0.3,1.5,0.0,2.5,5,5,True,1.046388888888889,0.5,0.6319675925925926,0.848,-18.45,30.19,-1.9702314814814814,-21.43,697,3.2268518518518516,67.62422680412371,62.5,216
10,0.75,1.0,0.3,2.0,3,3,True,1.045648148148148,1.16,0.5988703703703704,0.8865000000000001,-22.52,17.48,-2.619398148148148,-22.61,635,2.939814814814815,66.53404255319148,63.888888888888886,216
10,0.3,1.5,0.3,2.5,3,5,True,1.045462962962963,0.985,0.7101064814814814,1.107,-19.63,15.92,-2.158935185185185,-21.69,947,4.3842592592592595,73.0665071770335,68.05555555555556,216
10,0.3,1.5,0.3,2.0,3,5,True,1.0446296296296296,0.9550000000000001,0.6882268518518517,1.107,-19.98,15.92,-2.1330092592592593,-22.04,947,4.3842592592592595,72.42009569377991,66.66666666666666,216
20,0.5,2.0,-0.3,2.5,3,5,True,1.0424537037037038,0.435,0.5701666666666666,0.423,-74.58,27.91,-4.611805555555556,-76.59,784,3.6296296296296298,63.74263959390863,58.79629629629629,216
15,0.75,2.0,0.3,2.5,5,5,True,1.0422222222222222,0.43500000000000005,0.5601666666666666,0.6165,-18.45,27.78,-1.8899074074074074,-21.43,310,1.4351851851851851,81.63263888888889,53.70370370370371,216
15,0.75,2.0,-0.3,2.5,5,3,True,1.0407407407407407,0.29500000000000004,0.539148148148148,0.256,-18.45,30.78,-1.7022222222222225,-21.43,320,1.4814814814814814,77.96780821917808,53.24074074074075,216
15,0.3,2.0,0.3,2.0,5,5,True,1.0379166666666668,0.38,0.6353611111111112,0.862,-18.45,27.32,-1.6756481481481482,-21.43,688,3.185185185185185,70.45125628140704,64.35185185185185,216
15,0.3,2.0,-0.3,1.5,2,3,True,1.0375462962962962,1.165,0.5834537037037038,0.524,-27.69,23.56,-5.378611111111111,-58.4,1372,6.351851851851852,56.97767441860466,58.79629629629629,216
15,0.5,2.0,0.3,1.5,5,7,True,1.0369907407407408,0.305,0.5433101851851853,0.9325,-18.45,27.78,-1.7396296296296296,-21.43,514,2.3796296296296298,71.7122905027933,58.79629629629629,216
20,0.5,2.0,0.3,2.0,5,7,True,1.0362037037037037,0.365,0.5536851851851852,0.632,-27.42,31.41,-2.4034722222222222,-27.42,540,2.5,73.15714285714287,56.94444444444444,216
20,0.3,1.5,0.0,2.0,5,7,True,1.0342592592592592,0.33499999999999996,0.45098611111111114,0.474,-23.06,30.34,-2.6862037037037036,-26.54,715,3.310185185185185,67.79253731343283,58.333333333333336,216
15,0.5,2.0,-0.3,2.0,5,3,True,1.0336574074074074,0.22,0.5164351851851852,0.357,-18.45,30.78,-1.6687962962962966,-21.43,540,2.5,66.45524861878452,57.407407407407405,216
15,0.3,1.5,-0.3,1.5,5,5,True,1.0335185185185187,0.33,0.5040092592592593,0.626,-18.45,30.03,-1.8635185185185184,-21.43,699,3.236111111111111,59.51105263157894,56.94444444444444,216
15,0.75,1.5,0.0,1.5,2,3,True,1.0327777777777778,1.1600000000000001,0.524412037037037,0.45599999999999996,-39.94,29.38,-5.558101851851852,-58.52,896,4.148148148148148,58.76225490196079,56.018518518518526,216
20,0.5,1.5,0.0,2.5,5,7,True,1.0323148148148147,0.22,0.42241203703703695,0.28900000000000003,-27.42,31.25,-2.9169444444444443,-27.42,546,2.5277777777777777,67.89027027027028,53.70370370370371,216
20,0.3,2.0,0.3,2.0,5,5,True,1.0316666666666667,0.585,0.6676712962962962,1.041,-27.34,29.65,-2.3172222222222225,-28.19,756,3.5,70.87951219512195,62.96296296296296,216
15,0.5,1.5,0.0,2.5,5,3,True,1.0312037037037038,0.345,0.6107453703703704,0.6385000000000001,-18.45,30.78,-1.7260648148148148,-21.43,555,2.5694444444444446,68.90806451612904,63.888888888888886,216
20,0.3,2.0,-0.3,1.5,5,7,True,1.0308796296296299,0.29000000000000004,0.4613101851851852,0.5405,-27.03,31.05,-2.795324074074074,-28.5,703,3.2546296296296298,63.21218274111675,57.870370370370374,216
15,0.5,1.5,-0.3,2.5,2,3,True,1.03,1.495,0.5728240740740741,0.6345000000000001,-30.67,27.61,-5.906064814814815,-58.4,1167,5.402777777777778,59.10660377358491,57.407407407407405,216
15,0.75,2.0,0.0,2.0,5,7,True,1.0286111111111111,0.42500000000000004,0.5194629629629629,0.20600000000000002,-19.93,31.72,-2.384537037037037,-21.43,309,1.4305555555555556,80.47037037037038,51.85185185185185,216
15,0.75,1.5,-0.3,1.5,2,3,True,1.0285185185185186,0.94,0.5142268518518518,0.41000000000000003,-39.94,27.96,-5.623703703703703,-58.52,896,4.148148148148148,57.765196078431366,54.166666666666664,216
20,0.75,2.0,0.3,2.5,3,5,True,1.0284722222222222,1.19,0.5469629629629629,0.6555,-68.93,29.39,-4.392777777777778,-75.99,578,2.675925925925926,69.11242937853108,57.870370370370374,216
10,0.3,1.0,-0.3,2.5,3,3,True,1.0268055555555557,1.08,0.5441111111111111,0.776,-19.98,12.71,-2.9504629629629626,-22.04,1227,5.680555555555555,57.134433962264154,64.35185185185185,216
15,0.5,2.0,-0.3,1.5,5,3,True,1.0237962962962963,0.22,0.4872916666666666,0.349,-18.45,30.78,-1.639212962962963,-21.43,550,2.5462962962962963,64.8608938547486,56.94444444444444,216
20,0.5,2.0,-0.3,2.5,5,5,True,1.0236574074074074,0.2,0.45905092592592595,0.1875,-23.06,29.41,-2.7076851851851846,-26.54,555,2.5694444444444446,64.87288135593221,51.388888888888886,216
10,0.75,1.0,0.3,2.0,2,5,True,1.023101851851852,1.63,0.5983703703703703,0.635,-38.62,34.0,-5.534583333333334,-55.91,1171,5.421296296296297,62.011792452830186,63.888888888888886,216
20,0.5,2.0,0.3,2.5,5,7,True,1.0218981481481482,0.315,0.5698240740740741,0.632,-27.42,31.41,-2.4472685185185186,-27.42,537,2.486111111111111,74.07989130434783,56.481481481481474,216
10,0.3,1.0,-0.3,1.5,2,7,True,1.020787037037037,1.2850000000000001,0.4243148148148148,0.445,-34.37,26.5,-6.431388888888888,-58.92,1688,7.814814814814815,55.287441860465115,53.24074074074075,216
20,0.5,2.0,0.0,2.5,5,5,True,1.0197685185185188,0.275,0.47381944444444446,0.5549999999999999,-23.06,29.41,-2.597731481481481,-26.54,559,2.587962962962963,67.72375690607734,54.166666666666664,216
10,0.3,1.0,0.0,2.5,3,5,True,1.0193055555555557,1.455,0.7479305555555555,1.0615,-54.35,19.46,-3.274398148148148,-55.09,1143,5.291666666666667,67.26415094339623,66.66666666666666,216
15,0.5,1.5,-0.3,1.5,3,3,True,1.0189814814814815,0.95,0.5386712962962963,0.7745,-34.18,18.18,-3.3056944444444443,-35.59,893,4.1342592592592595,58.16717171717172,65.27777777777779,216
15,0.3,1.0,0.0,1.5,5,7,True,1.0186574074074075,0.655,0.5237407407407407,0.685,-25.09,31.26,-2.6360185185185183,-25.09,863,3.9953703703703702,60.99141414141414,60.18518518518518,216
20,0.3,1.5,0.0,2.5,5,7,True,1.0185648148148145,0.27,0.46939814814814823,0.4185,-23.06,30.34,-2.7379166666666666,-26.54,709,3.2824074074074074,68.91336633663366,56.481481481481474,216
20,0.3,2.0,-0.3,2.0,5,5,True,1.018425925925926,0.33999999999999997,0.526125,0.729,-26.74,29.41,-2.6266203703703703,-28.22,737,3.412037037037037,63.023039215686275,59.25925925925925,216
15,0.5,2.0,0.3,2.5,5,3,True,1.0171759259259259,0.32999999999999996,0.6344768518518519,0.8009999999999999,-18.45,27.78,-1.4962037037037037,-21.43,541,2.5046296296296298,72.42393617021277,66.20370370370371,216
15,0.3,2.0,0.0,1.5,2,3,True,1.0156944444444445,1.015,0.5876064814814815,0.5605,-28.77,29.36,-5.316064814814815,-58.31,1380,6.388888888888889,58.96372093023256,59.25925925925925,216
15,0.5,2.0,0.3,2.0,2,3,True,1.015601851851852,1.3900000000000001,0.6158425925925926,0.67,-30.67,30.4,-5.352037037037037,-59.09,1091,5.050925925925926,62.82200956937799,60.18518518518518,216
15,0.3,1.5,-0.3,2.5,5,5,True,1.0138888888888888,0.47,0.5304814814814814,0.72,-18.45,30.03,-2.076851851851852,-21.43,689,3.189814814814815,62.96178010471205,58.333333333333336,216
20,0.75,1.5,-0.3,2.0,3,3,True,1.0124537037037038,1.165,0.43348611111111107,0.588,-65.92,28.24,-4.409907407407407,-75.99,703,3.2546296296296298,62.93208556149733,60.18518518518518,216
15,0.75,1.5,0.0,1.5,5,7,True,1.0122685185185185,0.0,0.4590324074074073,0.014,-21.29,31.72,-2.2377314814814815,-21.43,327,1.5138888888888888,78.0108527131783,49.53703703703704,216
10,0.3,1.0,-0.3,2.0,3,3,True,1.0106944444444446,1.08,0.536925925925926,0.823,-19.98,13.78,-2.920462962962963,-22.04,1227,5.680555555555555,56.61462264150944,63.888888888888886,216
15,0.3,1.5,0.3,1.5,5,5,True,1.0100462962962964,0.38,0.6100046296296296,0.831,-18.45,27.32,-1.6414814814814813,-21.43,712,3.2962962962962963,66.75,62.5,216
20,0.5,2.0,0.0,1.5,5,7,True,1.0094444444444444,0.22,0.3863287037037037,0.29200000000000004,-27.42,31.25,-2.676898148148148,-27.42,550,2.5462962962962963,66.02556818181819,53.70370370370371,216
20,0.75,1.5,0.3,2.0,5,3,True,1.0092592592592593,0.635,0.5950416666666667,0.48950000000000005,-24.72,28.78,-2.12125,-26.54,404,1.8703703703703705,74.40246913580248,56.481481481481474,216
15,0.3,1.5,0.0,2.0,5,3,True,1.0078703703703704,0.4,0.616287037037037,0.7344999999999999,-18.45,30.32,-1.6935648148148148,-21.43,757,3.5046296296296298,65.11818181818182,65.74074074074075,216
10,0.3,2.0,0.3,2.5,3,7,True,1.0078703703703704,1.08,0.6986481481481482,1.0705,-19.15,16.2,-2.280601851851852,-21.21,924,4.277777777777778,74.44265402843602,65.74074074074075,216
10,0.5,1.0,-0.3,1.5,2,5,True,1.0069907407407408,1.355,0.4541574074074074,0.5095000000000001,-34.43,26.5,-6.062777777777778,-58.98,1495,6.921296296296297,53.53427230046948,56.018518518518526,216
20,0.3,2.0,0.3,1.5,5,7,True,1.0058333333333334,0.505,0.6340925925925925,0.8995,-27.63,30.59,-2.3834722222222218,-28.47,751,3.4768518518518516,70.3704433497537,62.5,216
15,0.5,1.5,0.0,2.5,2,3,True,1.0058333333333334,1.5550000000000002,0.5867268518518519,0.648,-30.67,29.65,-5.833750000000001,-58.31,1169,5.412037037037037,60.51132075471699,58.333333333333336,216
15,0.3,2.0,0.3,2.5,2,3,True,1.0052314814814818,1.335,0.6563194444444443,0.5685,-31.24,30.4,-5.480231481481481,-59.09,1367,6.328703703703703,63.78148148148148,60.64814814814815,216
20,0.3,1.5,-0.3,2.0,5,3,True,1.0047222222222223,0.29500000000000004,0.5495138888888889,0.5375000000000001,-24.33,29.76,-2.3652314814814814,-26.54,849,3.9305555555555554,63.80497512437812,59.72222222222222,216
20,0.75,1.5,0.0,2.0,3,3,True,1.0033333333333334,1.185,0.4571944444444444,0.6665000000000001,-65.92,28.24,-4.350231481481482,-75.99,705,3.263888888888889,63.7313829787234,60.18518518518518,216
15,0.3,2.0,0.0,2.5,5,5,True,1.0032407407407409,0.485,0.6415601851851852,0.873,-18.45,30.19,-1.9157407407407405,-21.43,681,3.1527777777777777,68.31139896373057,62.96296296296296,216
20,0.3,2.0,-0.3,2.5,3,5,True,1.0029166666666667,0.51,0.5846712962962963,0.4575,-74.58,27.91,-4.582361111111111,-76.59,963,4.458333333333333,62.19904761904762,60.64814814814815,216
20,0.5,2.0,0.3,1.5,5,7,True,1.0018518518518518,0.45999999999999996,0.5448240740740741,0.641,-27.42,31.41,-2.3628703703703704,-27.42,560,2.5925925925925926,71.51564245810056,59.25925925925925,216
10,0.5,1.0,0.3,2.0,3,3,True,1.0010185185185183,1.14,0.5642685185185184,0.898,-20.55,17.8,-2.660787037037037,-22.61,964,4.462962962962963,62.72740384615385,65.27777777777779,216
20,0.3,1.5,0.0,2.5,5,5,True,1.0004166666666667,0.565,0.5640555555555556,0.8855,-26.81,29.41,-2.7331481481481483,-28.25,768,3.5555555555555554,66.89611650485436,60.18518518518518,216
10,0.5,1.0,0.3,2.5,3,3,True,1.0003703703703704,1.125,0.5630046296296297,0.8825000000000001,-20.55,17.8,-2.7013425925925927,-22.61,964,4.462962962962963,63.13701923076923,65.27777777777779,216
20,0.3,2.0,0.3,1.5,3,5,True,1.0002777777777776,0.46499999999999997,0.5865648148148148,0.5640000000000001,-54.45,31.22,-3.9218055555555558,-55.86,1039,4.810185185185185,67.11421800947868,60.64814814814815,216
15,0.5,1.5,0.0,1.5,5,7,True,1.000185185185185,0.215,0.44339814814814815,0.459,-22.77,31.72,-2.1836574074074075,-22.77,529,2.449074074074074,68.55089820359281,53.24074074074075,216
15,0.3,1.5,0.0,1.5,5,3,True,1.000185185185185,0.38,0.5823703703703704,0.707,-18.45,30.32,-1.6715740740740739,-21.43,769,3.560185185185185,63.236868686868696,62.96296296296296,216
20,0.3,1.5,-0.3,2.5,5,5,True,0.9996296296296298,0.52,0.5634305555555555,0.9105000000000001,-26.74,29.41,-2.8206481481481482,-28.22,756,3.5,63.16650485436893,59.72222222222222,216
20,0.3,2.0,-0.3,2.0,3,5,True,0.9987500000000001,0.49,0.5680740740740741,0.503,-74.58,27.91,-4.55587962962963,-76.59,967,4.476851851851852,61.75047619047619,60.64814814814815,216
20,0.5,2.0,0.3,2.0,3,5,True,0.9952777777777778,0.97,0.6013703703703704,0.6955,-75.18,29.6,-4.218564814814815,-76.59,800,3.7037037037037037,69.07575757575758,61.57407407407407,216
20,0.75,1.5,0.0,2.5,5,7,True,0.9949537037037035,0.035,0.40246759259259257,0.045500000000000006,-27.42,29.56,-3.1549074074074075,-27.42,371,1.7175925925925926,72.87517241379311,50.0,216
15,0.5,2.0,0.0,2.5,5,3,True,0.994537037037037,0.28,0.5866527777777778,0.553,-18.45,30.78,-1.7034722222222223,-21.43,541,2.5046296296296298,68.97267759562841,62.96296296296296,216
15,0.3,1.5,0.3,2.5,5,3,True,0.9944907407407407,0.43,0.6588287037037036,1.0525,-18.45,27.32,-1.586666666666667,-21.43,758,3.509259259259259,68.91379310344827,68.05555555555556,216
15,0.5,1.5,-0.3,2.5,5,3,True,0.9931018518518518,0.28,0.553050925925926,0.469,-18.45,30.78,-1.7853240740740741,-21.43,553,2.560185185185185,66.85706521739131,60.18518518518518,216
10,0.3,1.0,0.0,2.0,3,5,True,0.9930092592592593,1.41,0.7218611111111111,1.053,-54.35,19.46,-3.23375,-55.09,1143,5.291666666666667,66.31745283018867,66.66666666666666,216
15,0.3,1.5,-0.3,1.5,3,3,True,0.992175925925926,0.96,0.534462962962963,0.7705,-34.18,17.91,-3.3942129629629636,-35.59,1133,5.24537037037037,58.03480392156862,64.35185185185185,216
20,0.75,2.0,0.0,1.5,5,7,True,0.9917129629629629,0.0,0.37716203703703705,0.0,-27.42,29.56,-2.7706018518518523,-27.42,361,1.6712962962962963,69.96148148148148,49.074074074074076,216
15,0.3,2.0,0.0,1.5,5,5,True,0.9908796296296297,0.38,0.6052268518518519,0.765,-18.45,30.19,-1.7117129629629628,-21.43,691,3.199074074074074,64.175,61.111111111111114,216
20,0.75,2.0,-0.3,2.0,5,3,True,0.9894444444444446,0.0,0.49644444444444447,0.0,-24.72,28.78,-2.249675925925926,-26.54,386,1.787037037037037,71.76887417218543,48.148148148148145,216
15,0.5,1.5,0.0,2.0,3,5,True,0.9886574074074075,1.12,0.5655648148148148,0.7475,-54.91,29.59,-3.680138888888889,-56.32,791,3.662037037037037,65.0561224489796,63.888888888888886,216
10,0.5,1.0,-0.3,2.0,3,3,True,0.9856944444444444,1.2149999999999999,0.5074027777777778,0.8055,-20.55,13.84,-2.899861111111111,-22.61,960,4.444444444444445,57.374509803921576,63.888888888888886,216
10,0.5,1.0,-0.3,2.5,3,3,True,0.9849074074074075,1.1549999999999998,0.5065231481481481,0.7215,-20.55,12.89,-2.936805555555555,-22.61,960,4.444444444444445,57.7921568627451,63.888888888888886,216
20,0.75,1.5,-0.3,2.5,3,3,True,0.9846296296296295,1.09,0.42343981481481485,0.5685,-65.92,28.24,-4.441666666666666,-75.99,703,3.2546296296296298,62.93208556149733,60.18518518518518,216
15,0.75,1.5,0.0,2.0,3,5,True,0.983287037037037,1.48,0.5632268518518518,0.867,-72.71,29.0,-3.919907407407407,-72.71,571,2.6435185185185186,68.1090395480226,64.35185185185185,216
20,0.3,1.5,0.0,1.5,5,7,True,0.9830092592592592,0.31,0.4608009259259259,0.518,-27.1,30.34,-2.7380555555555555,-28.37,746,3.4537037037037037,65.7125,59.25925925925925,216
20,0.3,2.0,0.3,2.5,5,5,True,0.9826388888888887,0.595,0.6855277777777778,1.095,-27.58,29.65,-2.4385185185185185,-28.66,756,3.5,71.7135922330097,62.96296296296296,216
20,0.5,1.5,0.0,1.5,3,3,True,0.9824537037037038,0.73,0.4124444444444444,0.499,-53.85,25.22,-4.044953703703703,-55.86,983,4.550925925925926,60.150495049504954,59.25925925925925,216
20,0.3,1.5,0.3,2.0,5,3,True,0.9816666666666666,0.69,0.6532361111111112,0.921,-24.93,29.76,-2.169675925925926,-26.54,855,3.9583333333333335,70.31519607843137,65.74074074074075,216
20,0.75,1.5,0.0,2.0,5,3,True,0.9812037037037037,0.375,0.5355092592592593,0.285,-24.72,28.78,-2.2263888888888888,-26.54,404,1.8703703703703705,73.06114649681528,53.24074074074075,216
10,0.5,1.5,0.3,2.5,3,7,True,0.9803703703703703,1.0,0.7305,1.2825,-19.72,16.43,-2.3856944444444443,-21.78,717,3.3194444444444446,76.2131067961165,70.83333333333334,216
15,0.3,1.5,-0.3,2.5,2,3,True,0.9793518518518519,1.45,0.5754629629629631,0.5445,-31.24,27.34,-5.997592592592593,-58.4,1435,6.643518518518518,59.15833333333334,56.94444444444444,216
20,0.75,2.0,0.3,1.5,5,7,True,0.9786574074074074,0.505,0.5099212962962963,0.46950000000000003,-27.42,29.72,-2.466296296296296,-27.42,369,1.7083333333333333,73.26712328767124,53.70370370370371,216
10,0.3,1.0,0.3,1.5,2,7,True,0.9784259259259259,1.67,0.5553287037037036,0.656,-40.36,34.0,-5.596481481481481,-57.63,1717,7.949074074074074,63.196296296296296,61.57407407407407,216
20,0.75,1.5,-0.3,1.5,5,3,True,0.9781018518518519,0.0,0.5065277777777778,0.0,-24.72,28.78,-2.2285648148148147,-26.54,414,1.9166666666666667,71.22039473684211,49.53703703703704,216
10,0.3,2.0,0.3,2.0,3,7,True,0.9775462962962962,1.065,0.6601435185185186,1.0705,-19.98,16.2,-2.265416666666667,-22.04,926,4.287037037037037,73.91469194312796,65.74074074074075,216
20,0.3,2.0,0.0,2.0,5,5,True,0.9769444444444445,0.495,0.5441388888888888,0.7895000000000001,-26.81,29.41,-2.5479629629629623,-28.08,749,3.4675925925925926,66.65539215686275,60.64814814814815,216
15,0.75,1.5,0.3,2.0,2,3,True,0.9757870370370371,1.455,0.5442083333333333,0.58,-48.47,30.04,-5.714768518518519,-61.22,871,4.032407407407407,62.51274509803921,56.481481481481474,216
20,0.75,1.5,0.0,2.5,3,3,True,0.9755092592592591,1.1549999999999998,0.4471481481481482,0.6214999999999999,-65.92,28.24,-4.381990740740741,-75.99,705,3.263888888888889,63.7313829787234,60.18518518518518,216
10,0.75,1.0,0.3,1.5,3,5,True,0.9749074074074076,1.315,0.6858055555555554,1.0105,-22.52,17.04,-2.808888888888889,-22.61,626,2.8981481481481484,67.70259067357513,65.27777777777779,216
10,0.5,1.0,0.3,2.0,2,5,True,0.9741203703703705,1.82,0.5986481481481482,0.6719999999999999,-38.62,34.0,-5.593472222222222,-55.91,1485,6.875,63.48186046511628,65.74074074074075,216
20,0.75,2.0,0.3,2.5,5,7,True,0.9713888888888887,0.245,0.5057361111111112,0.2745,-27.42,29.72,-2.724120370370371,-27.42,359,1.662037037037037,76.14466666666667,51.388888888888886,216
10,0.3,1.0,0.3,2.0,2,5,True,0.9712500000000001,1.73,0.5990092592592591,0.729,-38.62,34.0,-5.590277777777778,-55.91,1726,7.9907407407407405,64.80740740740741,63.888888888888886,216
15,0.3,2.0,0.0,2.0,5,3,True,0.9712037037037036,0.375,0.6124953703703703,0.707,-18.45,30.32,-1.6713425925925927,-21.43,743,3.439814814814815,65.4248730964467,65.74074074074075,216
10,0.3,1.0,0.0,1.5,3,3,True,0.9708796296296295,1.2650000000000001,0.6012175925925926,0.894,-19.98,18.55,-2.7439814814814816,-25.2,1233,5.708333333333333,57.961792452830196,65.27777777777779,216
15,0.5,2.0,-0.3,1.5,3,3,True,0.9708333333333334,0.915,0.5216111111111111,0.7464999999999999,-34.18,18.18,-3.2879166666666664,-35.59,875,4.050925925925926,58.925,64.81481481481481,216
15,0.3,2.0,-0.3,2.5,5,5,True,0.9707407407407408,0.395,0.5432546296296297,0.732,-18.45,30.03,-2.022546296296296,-21.43,673,3.115740740740741,63.6,59.72222222222222,216
15,0.3,2.0,-0.3,1.5,5,5,True,0.9705555555555557,0.33,0.5080046296296297,0.628,-18.45,30.03,-1.8318981481481482,-21.43,683,3.162037037037037,60.04603174603175,58.333333333333336,216
15,0.75,2.0,0.0,1.5,5,7,True,0.96875,0.0,0.4666481481481481,0.014,-21.29,31.72,-2.193935185185185,-21.43,311,1.4398148148148149,78.9771653543307,49.53703703703704,216
20,0.5,2.0,0.0,2.0,5,7,True,0.9682870370370369,0.22,0.3849305555555555,0.251,-27.42,31.25,-2.77037037037037,-27.42,529,2.449074074074074,67.4561797752809,53.24074074074075,216
15,0.5,1.5,-0.3,2.0,2,3,True,0.9673611111111112,1.35,0.5321574074074074,0.532,-30.67,27.23,-5.858148148148148,-58.4,1169,5.412037037037037,58.070283018867926,56.481481481481474,216
10,0.75,1.5,0.3,2.5,3,7,True,0.9660648148148148,1.05,0.7607962962962963,1.2045,-21.69,16.1,-2.3400462962962965,-22.44,412,1.9074074074074074,83.16477272727273,65.74074074074075,216
10,0.5,1.0,0.3,1.5,3,7,True,0.9654166666666666,1.275,0.6542777777777778,0.9935,-20.55,17.75,-2.986527777777778,-23.26,939,4.347222222222222,66.16985645933015,65.74074074074075,216
10,0.5,1.0,0.3,1.5,2,7,True,0.965185185185185,1.525,0.5514398148148147,0.7195,-40.36,34.0,-5.5993055555555555,-57.63,1491,6.902777777777778,61.087383177570096,61.57407407407407,216
10,0.5,1.0,0.3,1.5,3,5,True,0.9651388888888888,1.2349999999999999,0.654574074074074,0.9904999999999999,-20.55,17.36,-2.8444907407407407,-22.61,939,4.347222222222222,64.57655502392345,66.20370370370371,216
10,0.75,1.0,0.3,1.5,3,7,True,0.964675925925926,1.4449999999999998,0.7002685185185185,1.004,-22.52,17.43,-2.952037037037037,-23.26,626,2.8981481481481484,69.52061855670104,65.74074074074075,216
15,0.3,2.0,0.0,1.5,5,3,True,0.9635185185185186,0.365,0.5843935185185185,0.698,-18.45,30.32,-1.6537499999999998,-21.43,755,3.4953703703703702,63.48274111675127,63.42592592592593,216
10,0.75,1.0,0.0,2.5,3,5,True,0.9618518518518518,1.53,0.7572407407407409,1.18,-51.5,19.24,-3.444907407407407,-52.29,626,2.8981481481481484,71.0360824742268,67.12962962962963,216
10,0.3,1.0,-0.3,1.5,2,5,True,0.9618055555555556,1.43,0.43875000000000003,0.5175000000000001,-34.43,26.5,-6.101574074074074,-58.98,1725,7.986111111111111,54.82883720930233,57.407407407407405,216
15,0.75,1.5,-0.3,1.5,3,3,True,0.960925925925926,1.04,0.5327175925925925,0.772,-51.98,19.58,-3.430092592592593,-51.98,632,2.925925925925926,62.32802197802198,62.96296296296296,216
10,0.75,1.0,0.0,1.5,2,5,True,0.9600925925925928,1.36,0.4778333333333333,0.4925,-34.89,26.14,-5.785925925925926,-59.43,1183,5.476851851851852,55.60772946859903,56.94444444444444,216
15,0.3,2.0,0.3,1.5,5,5,True,0.9583796296296296,0.38,0.6108564814814814,0.831,-18.45,27.32,-1.6133333333333335,-21.43,698,3.2314814814814814,67.43553299492386,63.42592592592593,216
15,0.3,1.5,0.0,2.0,3,5,True,0.9583796296296296,1.06,0.5565787037037038,0.743,-54.91,30.17,-3.743101851851852,-56.32,1009,4.671296296296297,65.04264705882353,64.35185185185185,216
15,0.3,2.0,0.3,2.5,5,3,True,0.957824074074074,0.385,0.6542453703703704,0.9305,-18.45,27.32,-1.564398148148148,-21.43,744,3.4444444444444446,69.27277227722772,68.51851851851852,216
15,0.5,2.0,0.0,1.5,5,7,True,0.9566666666666666,0.195,0.4446435185185185,0.44,-22.77,31.72,-2.1475925925925927,-22.77,513,2.375,68.96445783132532,53.70370370370371,216
20,0.5,2.0,0.3,2.5,3,5,True,0.9565277777777781,1.105,0.6164999999999999,0.8125,-75.18,29.6,-4.276064814814815,-76.59,798,3.6944444444444446,69.4969696969697,62.03703703703704,216
15,0.5,2.0,-0.3,2.5,5,3,True,0.9564351851851853,0.22,0.5241064814814815,0.366,-18.45,30.78,-1.7627777777777778,-21.43,539,2.4953703703703702,66.8232044198895,59.25925925925925,216
10,0.3,2.0,0.3,2.5,3,5,True,0.9562037037037037,0.9,0.6710092592592592,1.0705,-19.63,15.92,-2.1573611111111113,-21.69,938,4.342592592592593,72.61770334928231,66.66666666666666,216
10,0.75,1.5,0.3,2.0,3,7,True,0.9560185185185185,1.0,0.7397777777777776,1.1215000000000002,-22.52,16.1,-2.309861111111111,-22.61,412,1.9074074074074074,82.35965909090909,63.888888888888886,216
10,0.3,2.0,0.3,2.0,3,5,True,0.9553703703703703,0.895,0.6491296296296296,1.0705,-19.98,15.92,-2.131435185185185,-22.04,938,4.342592592592593,71.97129186602871,65.27777777777779,216
15,0.3,2.0,0.3,2.0,2,3,True,0.9552777777777778,1.3250000000000002,0.6129027777777778,0.5465,-31.24,30.4,-5.436851851851851,-59.09,1369,6.337962962962963,62.84074074074074,60.18518518518518,216
10,0.5,1.0,0.0,2.5,3,5,True,0.9546296296296296,1.455,0.7626574074074073,1.1925,-51.5,19.57,-3.3799537037037033,-52.29,924,4.277777777777778,66.59473684210526,68.05555555555556,216
15,0.5,1.5,0.3,2.5,5,7,True,0.9539351851851853,0.385,0.6446712962962963,0.998,-18.45,27.78,-2.106388888888889,-21.43,516,2.388888888888889,76.80483870967743,62.5,216
15,0.75,2.0,-0.3,1.5,2,3,True,0.9535185185185185,0.94,0.5399814814814816,0.45299999999999996,-39.94,23.2,-5.428333333333334,-58.52,802,3.712962962962963,59.64975124378109,55.55555555555556,216
10,0.5,1.5,0.3,2.0,3,7,True,0.9528240740740741,0.97,0.6993518518518519,1.235,-20.55,16.43,-2.363240740740741,-22.61,719,3.3287037037037037,75.60291262135922,68.98148148148148,216
10,0.5,1.0,0.0,1.5,2,5,True,0.951851851851852,1.4,0.4969398148148148,0.507,-34.43,26.14,-5.8287499999999985,-58.98,1497,6.930555555555555,56.47558685446009,58.333333333333336,216
10,0.5,1.0,0.0,1.5,3,3,True,0.9510648148148148,1.21,0.5733888888888888,0.8885000000000001,-20.55,18.73,-2.7241666666666666,-22.61,964,4.462962962962963,58.171359223300975,63.888888888888886,216
10,0.3,1.0,-0.3,2.5,3,5,True,0.9504629629629631,1.3199999999999998,0.652962962962963,0.9275,-54.35,18.04,-3.532731481481482,-55.09,1134,5.25,63.089573459715645,65.27777777777779,216
20,0.75,2.0,0.3,2.0,5,3,True,0.9498148148148149,0.5549999999999999,0.5498796296296297,0.396,-24.72,28.78,-2.0783333333333336,-26.54,386,1.787037037037037,73.96518987341773,54.166666666666664,216
20,0.3,2.0,0.3,2.5,3,5,True,0.9484722222222223,1.135,0.6331296296296295,0.97,-75.18,29.6,-4.237685185185186,-76.59,993,4.597222222222222,69.56777251184833,64.35185185185185,216
20,0.5,2.0,0.0,2.5,5,7,True,0.9474074074074074,0.09,0.3924074074074074,0.2,-27.42,31.25,-2.8234722222222217,-27.42,526,2.435185185185185,67.84364640883979,51.85185185185185,216
10,0.75,1.0,0.3,1.5,2,7,True,0.9465740740740741,1.34,0.5285648148148148,0.6255,-40.36,34.0,-5.588287037037038,-57.63,1181,5.467592592592593,59.18421052631579,61.111111111111114,216
20,0.5,1.5,-0.3,1.5,3,3,True,0.946064814814815,0.38,0.37409722222222225,0.45399999999999996,-53.85,25.31,-4.113703703703703,-55.86,981,4.541666666666667,58.432673267326734,57.407407407407405,216
10,0.3,1.5,0.0,2.5,3,7,True,0.9460185185185185,1.185,0.7803657407407407,1.0985,-54.35,28.9,-2.777175925925926,-55.09,913,4.226851851851852,74.58133971291866,67.12962962962963,216
10,0.3,1.0,0.0,1.5,3,5,True,0.9458333333333334,1.3650000000000002,0.6419907407407407,1.0274999999999999,-54.35,20.91,-3.0309722222222226,-55.09,1150,5.324074074074074,62.32285714285714,65.74074074074075,216
10,0.5,1.5,0.3,2.0,3,5,True,0.9457407407407408,0.865,0.7145277777777778,1.1655,-20.55,16.04,-2.2311111111111113,-22.61,721,3.337962962962963,73.75049019607843,68.51851851851852,216
20,0.3,2.0,-0.3,2.0,5,3,True,0.9452777777777778,0.23,0.496513888888889,0.4625,-24.33,29.76,-2.3264814814814816,-26.54,831,3.8472222222222223,63.61549999999999,57.870370370370374,216
15,0.5,2.0,-0.3,2.5,2,3,True,0.9444444444444444,1.19,0.6047037037037036,0.64,-30.67,30.0,-5.704027777777777,-58.4,1079,4.99537037037037,60.16842105263158,59.25925925925925,216
15,0.3,2.0,-0.3,1.5,3,3,True,0.9440277777777778,0.93,0.5148935185185185,0.669,-34.18,17.91,-3.377361111111111,-35.59,1115,5.162037037037037,58.60247524752476,63.888888888888886,216
15,0.5,1.5,0.0,2.0,2,3,True,0.9431944444444446,1.4,0.5454768518518518,0.571,-30.67,29.65,-5.78412037037037,-58.31,1171,5.421296296296297,59.475,56.94444444444444,216
10,0.75,1.5,-0.3,1.5,5,5,True,0.9430555555555556,0.0,0.5047777777777778,0.0,-11.53,12.1,-0.9738425925925926,-13.58,231,1.0694444444444444,82.25603448275862,44.907407407407405,216
15,0.3,1.5,0.3,2.5,5,5,True,0.9422222222222222,0.39,0.6317083333333334,0.9025000000000001,-18.45,27.32,-1.8773148148148149,-21.43,702,3.25,70.91149999999999,63.888888888888886,216
15,0.3,1.5,0.0,2.5,2,3,True,0.9416666666666667,1.53,0.5841435185185185,0.5705,-31.24,29.36,-5.9255555555555555,-58.31,1443,6.680555555555555,61.1087962962963,58.79629629629629,216
10,0.5,1.5,0.3,2.5,3,5,True,0.9412037037037038,0.9,0.7277361111111111,1.1595,-20.2,16.04,-2.2653703703703707,-22.26,721,3.337962962962963,74.2828431372549,69.44444444444444,216
10,0.75,1.0,0.0,2.0,3,5,True,0.9403703703703701,1.455,0.7506666666666667,1.1595,-51.5,19.24,-3.372638888888889,-52.29,626,2.8981481481481484,69.72835051546392,67.12962962962963,216
10,0.3,1.0,-0.3,2.0,3,5,True,0.9393981481481481,1.3199999999999998,0.6324675925925926,0.938,-54.35,18.04,-3.483287037037037,-55.09,1134,5.25,62.18862559241706,65.27777777777779,216
20,0.3,1.5,0.0,2.0,5,3,True,0.9389814814814815,0.5349999999999999,0.5320231481481481,0.593,-24.79,29.76,-2.2937962962962963,-26.54,853,3.949074074074074,66.42238805970149,61.111111111111114,216
15,0.3,1.5,-0.3,2.0,5,3,True,0.938888888888889,0.28500000000000003,0.5073657407407407,0.4895,-18.45,30.32,-1.7661111111111112,-21.43,755,3.4953703703703702,62.16428571428572,59.72222222222222,216
10,0.75,1.5,0.3,2.5,3,5,True,0.9388888888888888,1.05,0.7284768518518518,1.0825,-22.17,15.91,-2.214259259259259,-22.44,412,1.9074074074074074,81.03837209302324,62.96296296296296,216
20,0.75,1.5,0.3,1.5,5,3,True,0.9384722222222222,0.52,0.5575555555555555,0.533,-24.72,28.78,-2.0522222222222224,-26.54,414,1.9166666666666667,72.86375000000001,55.55555555555556,216
15,0.5,1.5,-0.3,2.5,5,7,True,0.9371296296296295,0.31,0.465662037037037,0.322,-19.67,31.56,-2.689953703703704,-21.43,503,2.3287037037037037,69.38176470588235,56.481481481481474,216
20,0.3,2.0,0.3,2.0,3,5,True,0.9370833333333333,0.935,0.6130925925925926,0.9445,-75.18,29.6,-4.2259722222222225,-76.59,997,4.6157407407407405,68.97488151658769,62.5,216
10,0.75,1.5,0.3,2.0,3,5,True,0.9370833333333332,0.9550000000000001,0.7293518518518519,1.0725,-22.52,15.91,-2.183888888888889,-22.61,412,1.9074074074074074,80.21511627906976,62.03703703703704,216
15,0.75,2.0,0.3,2.5,2,3,True,0.9369907407407408,1.37,0.6025648148148148,0.5745,-48.47,30.04,-5.578379629629629,-61.22,783,3.625,65.64228855721392,57.407407407407405,216
15,0.5,2.0,-0.3,2.5,5,7,True,0.9368518518518519,0.27,0.4700509259259259,0.308,-19.67,31.56,-2.5960185185185187,-21.43,487,2.2546296296296298,69.91071428571429,56.481481481481474,216
10,0.5,1.5,-0.3,1.5,5,5,True,0.9362037037037036,0.275,0.5229537037037036,0.8485,-11.53,12.1,-1.0867592592592592,-13.58,430,1.9907407407407407,71.03496932515338,57.407407407407405,216
20,0.75,1.5,0.3,1.5,3,3,True,0.9355555555555555,0.835,0.4474212962962963,0.5805,-48.2,24.66,-3.9442592592592596,-55.26,729,3.375,63.328804347826086,58.333333333333336,216
15,0.75,1.5,0.3,2.0,3,5,True,0.9349537037037038,1.45,0.5921759259259259,0.8574999999999999,-72.71,29.0,-3.717361111111111,-72.71,579,2.6805555555555554,69.55163043478261,65.74074074074075,216
20,0.75,1.5,-0.3,2.5,5,3,True,0.9344444444444443,0.085,0.5199629629629628,0.07500000000000001,-24.72,28.78,-2.4093055555555556,-26.54,404,1.8703703703703705,72.39032258064516,50.92592592592593,216
20,0.3,2.0,0.0,2.5,5,7,True,0.9336574074074073,0.225,0.44142129629629623,0.368,-23.06,30.34,-2.6468518518518516,-26.54,689,3.189814814814815,68.95124378109453,54.629629629629626,216
15,0.75,2.0,0.0,1.5,2,3,True,0.932962962962963,1.23,0.5455694444444444,0.507,-39.94,29.38,-5.364953703703703,-58.52,802,3.712962962962963,60.678109452736315,56.481481481481474,216
15,0.3,1.5,-0.3,1.5,5,3,True,0.9311111111111111,0.26,0.4757916666666666,0.439,-18.45,30.32,-1.7454629629629628,-21.43,767,3.550925925925926,60.297448979591834,57.870370370370374,216
20,0.3,2.0,0.0,2.0,5,7,True,0.9306481481481482,0.275,0.41153703703703703,0.4185,-23.06,30.34,-2.615601851851852,-26.54,695,3.2175925925925926,68.04020100502512,56.94444444444444,216
20,0.5,1.5,-0.3,2.0,5,3,True,0.929675925925926,0.20500000000000002,0.484787037037037,0.387,-24.72,30.59,-2.3731481481481476,-26.54,628,2.9074074074074074,64.78563829787234,55.092592592592595,216
15,0.3,1.5,0.0,2.5,5,3,True,0.9294444444444444,0.445,0.6263842592592593,0.7344999999999999,-18.45,30.32,-1.7902314814814815,-21.43,756,3.5,65.90101010101012,66.66666666666666,216
15,0.3,1.5,0.3,2.0,3,5,True,0.9277314814814817,1.1749999999999998,0.5813148148148147,0.8085,-54.91,29.83,-3.5125462962962963,-56.32,1027,4.75462962962963,68.88088235294119,64.35185185185185,216
10,0.75,1.5,0.3,1.5,5,7,True,0.9269444444444445,0.01,0.5895555555555555,0.018,-8.72,12.1,-0.7483333333333333,-9.8,231,1.0694444444444444,85.3344,50.0,216
10,0.3,1.0,0.0,1.5,2,5,True,0.9265277777777777,1.395,0.495287037037037,0.5635,-34.43,26.14,-5.85912037037037,-58.98,1731,8.01388888888889,58.45,59.72222222222222,216
15,0.5,1.5,0.3,2.0,3,5,True,0.9262962962962965,1.12,0.5987361111111111,0.8115,-54.91,29.25,-3.4497222222222224,-56.32,801,3.7083333333333335,69.37121212121212,65.74074074074075,216
20,0.3,2.0,0.3,2.0,5,3,True,0.9222222222222222,0.5549999999999999,0.6295370370370371,0.921,-24.93,29.76,-2.129675925925926,-26.54,837,3.875,70.46699507389162,64.81481481481481,216
20,0.75,2.0,0.0,2.0,5,3,True,0.9217592592592594,0.10500000000000001,0.4867222222222222,0.0915,-24.72,28.78,-2.183472222222222,-26.54,386,1.787037037037037,72.46535947712418,50.92592592592593,216
15,0.3,1.5,-0.3,2.0,2,3,True,0.9204629629629629,1.34,0.537324074074074,0.489,-31.24,26.96,-5.955,-58.4,1437,6.652777777777778,58.289351851851855,56.94444444444444,216
10,0.75,1.0,-0.3,2.0,3,3,True,0.919537037037037,1.16,0.49169444444444443,0.7985,-22.52,13.49,-2.9856944444444444,-22.66,635,2.939814814814815,62.08695652173913,62.03703703703704,216
10,0.3,1.0,-0.3,1.5,3,5,True,0.9189351851851852,1.2149999999999999,0.560162037037037,0.883,-54.35,20.0,-3.2277314814814817,-55.09,1143,5.291666666666667,58.42153110047847,63.888888888888886,216
10,0.5,1.0,0.0,2.0,3,5,True,0.9178240740740741,1.39,0.7377129629629628,1.082,-51.5,19.57,-3.3331944444444446,-52.29,924,4.277777777777778,65.59617224880382,68.98148148148148,216
20,0.3,2.0,0.0,2.5,5,5,True,0.9137499999999998,0.38,0.5561064814814815,0.813,-26.81,29.41,-2.674907407407407,-28.25,748,3.462962962962963,67.29853658536585,59.72222222222222,216
20,0.3,2.0,0.0,1.5,5,7,True,0.9132870370370368,0.27,0.4336157407407408,0.5045,-27.1,30.34,-2.6897685185185187,-28.37,724,3.3518518518518516,66.40100502512563,57.870370370370374,216
20,0.3,2.0,-0.3,2.5,5,5,True,0.9129629629629629,0.3,0.5247083333333333,0.7825,-26.74,29.41,-2.7653240740740745,-28.22,736,3.4074074074074074,63.42341463414635,58.333333333333336,216
15,0.75,2.0,-0.3,1.5,3,3,True,0.9127777777777779,0.985,0.5145324074074074,0.7795000000000001,-51.98,19.58,-3.4148148148148154,-51.98,614,2.8425925925925926,63.80505617977528,62.5,216
15,0.75,1.5,-0.3,2.5,2,3,True,0.9118055555555556,1.4049999999999998,0.526087962962963,0.507,-48.47,27.96,-6.077638888888889,-61.22,867,4.013888888888889,61.98480392156862,55.55555555555556,216
10,0.5,1.0,-0.3,2.5,3,5,True,0.9117592592592593,1.38,0.6833055555555555,0.943,-51.5,18.04,-3.6158796296296294,-52.29,919,4.25462962962963,62.601941747572816,66.20370370370371,216
15,0.3,1.5,0.3,2.5,3,5,True,0.9108796296296297,1.0350000000000001,0.6111805555555555,0.8314999999999999,-54.91,29.83,-3.615462962962963,-56.32,1021,4.726851851851852,70.23609756097561,62.96296296296296,216
20,0.75,1.5,0.0,1.5,5,3,True,0.9104166666666665,0.11,0.4961157407407408,0.1525,-24.72,28.78,-2.1623611111111107,-26.54,414,1.9166666666666667,71.91948051948052,51.388888888888886,216
15,0.3,2.0,0.3,2.5,5,5,True,0.9103703703703704,0.38,0.6372222222222221,0.964,-18.45,27.32,-1.826527777777778,-21.43,688,3.185185185185185,71.72010050251257,63.888888888888886,216
20,0.75,2.0,0.0,2.5,5,7,True,0.9100462962962963,0.0,0.3666574074074073,0.0,-27.42,29.56,-3.0789814814814815,-27.42,351,1.625,72.68071428571427,47.68518518518518,216
20,0.75,2.0,-0.3,1.5,5,3,True,0.9095833333333332,0.0,0.45282870370370365,0.0,-24.72,28.78,-2.203148148148148,-26.54,394,1.8240740740740742,70.66756756756756,46.75925925925926,216
20,0.3,1.5,-0.3,2.5,5,3,True,0.907777777777778,0.31,0.5511851851851852,0.599,-24.33,29.76,-2.4724074074074074,-26.54,846,3.9166666666666665,64.3851485148515,60.18518518518518,216
10,0.75,1.5,0.0,1.5,5,7,True,0.9057407407407408,0.0,0.5236342592592592,0.0,-11.53,12.1,-0.9101851851851853,-13.58,231,1.0694444444444444,83.47333333333334,46.2962962962963,216
10,0.75,1.0,-0.3,2.5,3,3,True,0.904861111111111,1.105,0.4852129629629629,0.6859999999999999,-22.52,12.56,-3.045787037037037,-22.66,635,2.939814814814815,62.72119565217392,61.57407407407407,216
10,0.5,1.5,0.0,1.5,5,7,True,0.904537037037037,0.24,0.5584675925925927,0.937,-11.53,12.1,-1.0135185185185185,-13.58,430,1.9907407407407407,74.38529411764706,59.25925925925925,216
10,0.3,1.5,0.0,2.0,3,7,True,0.9043981481481481,1.16,0.7496805555555555,1.0935000000000001,-54.35,28.9,-2.756388888888889,-55.09,915,4.236111111111111,73.54928229665072,66.66666666666666,216
20,0.75,2.0,-0.3,2.0,3,3,True,0.9041203703703703,0.78,0.4382685185185185,0.4605,-65.92,28.24,-4.191620370370369,-75.99,638,2.9537037037037037,63.08435754189945,58.333333333333336,216
20,0.75,2.0,0.0,1.5,3,3,True,0.9039351851851852,0.81,0.4104907407407407,0.47,-45.19,24.79,-3.910787037037037,-55.26,666,3.0833333333333335,63.24576271186441,58.333333333333336,216
15,0.5,1.5,0.3,2.5,3,5,True,0.9036111111111111,1.07,0.6179166666666666,0.8115,-54.91,29.25,-3.547592592592593,-56.32,795,3.6805555555555554,71.25685279187817,63.888888888888886,216
15,0.5,2.0,0.3,2.5,5,7,True,0.9030092592592593,0.345,0.6181759259259259,0.899,-18.45,27.78,-2.0587037037037037,-21.43,502,2.324074074074074,76.87934782608696,61.57407407407407,216
15,0.3,2.0,-0.3,2.0,5,3,True,0.9022222222222221,0.26,0.5003703703703704,0.4675,-18.45,30.32,-1.7439814814814814,-21.43,741,3.4305555555555554,62.39025641025641,60.18518518518518,216
20,0.5,1.5,0.3,2.0,5,3,True,0.9012962962962962,0.62,0.5686666666666667,0.6679999999999999,-24.72,30.59,-2.1884259259259258,-26.54,630,2.9166666666666665,69.67343749999999,62.03703703703704,216
20,0.75,2.0,-0.3,1.5,3,3,True,0.8999537037037036,0.72,0.3767962962962963,0.4195,-45.19,26.59,-3.9690740740740744,-55.26,664,3.074074074074074,61.88238636363636,56.018518518518526,216
20,0.75,2.0,0.3,1.5,3,7,True,0.8993055555555557,0.76,0.5284629629629629,0.4295,-48.2,31.01,-4.2494444444444435,-55.26,592,2.740740740740741,66.75469613259668,54.629629629629626,216
10,0.75,1.0,0.0,1.5,3,5,True,0.8986111111111112,1.32,0.6689074074074074,0.979,-51.5,20.44,-3.1315740740740745,-52.29,626,2.8981481481481484,65.99371727748691,63.888888888888886,216
10,0.5,2.0,0.3,2.5,3,7,True,0.8979629629629632,0.87,0.6988518518518518,1.235,-19.72,16.43,-2.378842592592593,-21.78,708,3.2777777777777777,76.20049019607843,69.44444444444444,216
10,0.3,1.5,0.3,2.0,5,7,True,0.8975000000000001,0.27,0.6407638888888889,1.1085,-6.68,12.1,-0.9785185185185185,-6.68,623,2.884259259259259,74.49137055837564,65.74074074074075,216
15,0.3,2.0,-0.3,2.5,2,3,True,0.8972222222222223,1.205,0.6060092592592594,0.5045,-31.24,28.53,-5.797268518518519,-58.4,1347,6.236111111111111,59.47777777777778,57.407407407407405,216
20,0.5,1.5,0.0,2.0,3,3,True,0.8970833333333336,1.09,0.4525046296296296,0.5605,-74.58,28.67,-4.346157407407407,-76.59,959,4.439814814814815,62.27438423645321,57.407407407407405,216
15,0.5,2.0,0.0,2.0,3,5,True,0.8960648148148148,0.965,0.5296944444444444,0.7095,-54.91,29.59,-3.6654166666666668,-56.32,773,3.5787037037037037,65.48041237113402,61.57407407407407,216
10,0.3,1.5,0.3,2.0,5,5,True,0.8958333333333334,0.295,0.6448796296296296,1.052,-6.68,12.1,-0.9516203703703704,-6.68,625,2.8935185185185186,74.28832487309644,66.66666666666666,216
15,0.5,2.0,0.0,2.5,2,3,True,0.895462962962963,1.28,0.6143981481481481,0.6665000000000001,-30.67,29.65,-5.642546296296296,-58.31,1081,5.00462962962963,61.68612440191387,59.72222222222222,216
15,0.5,1.5,0.0,2.5,3,5,True,0.8950462962962962,1.03,0.5626064814814815,0.6950000000000001,-54.91,29.59,-3.8463888888888893,-56.32,785,3.634259259259259,66.54871794871795,62.5,216
20,0.75,1.5,0.3,2.5,5,3,True,0.8948148148148147,0.635,0.5691435185185184,0.48950000000000005,-24.72,28.78,-2.2379629629629627,-26.54,404,1.8703703703703705,74.40246913580248,56.018518518518526,216
15,0.3,2.0,-0.3,1.5,5,3,True,0.8944444444444443,0.22999999999999998,0.4745833333333333,0.439,-18.45,30.32,-1.7259722222222222,-21.43,753,3.486111111111111,60.47076923076923,58.79629629629629,216
15,0.5,2.0,-0.3,2.0,2,3,True,0.8943981481481482,1.24,0.559962962962963,0.5469999999999999,-30.67,30.0,-5.656574074074074,-58.4,1081,5.00462962962963,59.15023923444976,58.333333333333336,216
15,0.5,1.5,0.0,2.5,5,7,True,0.8938425925925926,0.37,0.524787037037037,0.6795,-19.67,31.72,-2.5373611111111107,-21.43,517,2.3935185185185186,73.05085714285715,58.333333333333336,216
15,0.5,1.5,-0.3,2.0,3,3,True,0.8933333333333334,1.12,0.5573703703703704,0.8049999999999999,-54.91,18.18,-3.499398148148148,-56.32,878,4.064814814814815,60.39646464646464,64.81481481481481,216
10,0.5,1.0,-0.3,1.5,3,5,True,0.8932870370370368,1.24,0.604513888888889,0.854,-51.5,20.0,-3.3035185185185183,-52.29,926,4.287037037037037,57.949999999999996,66.20370370370371,216
15,0.3,2.0,0.0,2.5,5,3,True,0.8927777777777777,0.395,0.6251018518518519,0.708,-18.45,30.32,-1.7680092592592591,-21.43,742,3.435185185185185,66.25380710659898,67.12962962962963,216
20,0.5,1.5,-0.3,2.0,3,3,True,0.891712962962963,0.7250000000000001,0.4241759259259259,0.477,-74.58,28.16,-4.411851851851852,-76.59,957,4.430555555555555,60.69704433497537,57.407407407407405,216
10,0.75,1.5,0.3,1.5,5,5,True,0.8911111111111111,0.0,0.5658842592592592,0.0,-8.72,12.1,-0.754074074074074,-9.8,231,1.0694444444444444,84.2741935483871,49.53703703703704,216
10,0.5,1.5,0.3,1.5,5,7,True,0.8910648148148148,0.26,0.5521342592592592,0.937,-8.72,12.1,-0.8628240740740741,-9.88,430,1.9907407407407407,75.74883720930232,60.64814814814815,216
10,0.5,1.0,0.0,1.5,3,5,True,0.8910648148148147,1.24,0.6659259259259258,0.987,-51.5,20.91,-3.128611111111111,-52.29,929,4.300925925925926,61.42028985507246,67.12962962962963,216
10,0.3,1.5,-0.3,2.5,3,7,True,0.8908333333333334,1.085,0.6794212962962963,0.9675,-54.35,27.09,-3.107777777777778,-55.09,903,4.180555555555555,70.38840579710146,64.35185185185185,216
15,0.75,2.0,0.0,2.0,3,5,True,0.8906944444444443,1.4,0.5263425925925925,0.793,-72.71,29.0,-3.907731481481482,-72.71,553,2.560185185185185,69.32658959537572,62.03703703703704,216
10,0.5,1.0,-0.3,2.0,3,5,True,0.8902777777777777,1.38,0.6638657407407407,0.9464999999999999,-51.5,18.04,-3.5604166666666663,-52.29,919,4.25462962962963,61.65825242718446,67.12962962962963,216
10,0.75,1.0,-0.3,1.5,3,5,True,0.8896296296296297,1.3450000000000002,0.6087222222222222,0.9299999999999999,-51.5,20.44,-3.320231481481482,-52.29,628,2.9074074074074074,63.41914893617021,64.81481481481481,216
20,0.75,1.5,0.3,2.0,3,3,True,0.8893055555555557,1.255,0.5081851851851852,0.7155,-68.93,28.11,-4.229953703703704,-75.99,705,3.263888888888889,65.11322751322751,59.25925925925925,216
20,0.3,1.5,0.0,1.5,3,3,True,0.8891203703703704,0.635,0.42800925925925926,0.4685,-53.85,25.22,-4.079259259259259,-55.86,1223,5.662037037037037,59.69952606635071,59.72222222222222,216
10,0.3,1.0,0.3,1.5,3,3,True,0.8865277777777779,1.1099999999999999,0.561689814814815,0.822,-19.98,17.62,-2.621388888888889,-22.37,1236,5.722222222222222,59.994339622641505,63.42592592592593,216
20,0.5,2.0,0.3,1.5,3,7,True,0.8858333333333335,0.53,0.583412037037037,0.4915,-54.45,31.22,-4.152175925925926,-55.86,792,3.6666666666666665,67.04321608040202,58.333333333333336,216
10,0.75,2.0,0.3,2.5,3,7,True,0.8836574074074074,1.0,0.7358009259259259,1.174,-21.69,16.1,-2.330185185185185,-22.44,403,1.8657407407407407,83.47976878612717,64.81481481481481,216
10,0.3,1.5,0.0,2.0,5,7,True,0.8833333333333334,0.32,0.6245601851851852,1.0565,-11.53,12.1,-1.1918055555555556,-13.58,623,2.884259259259259,74.99128205128204,64.81481481481481,216
10,0.3,1.5,-0.3,2.0,5,5,True,0.882824074074074,0.36,0.5921342592592593,0.9305,-11.53,12.1,-1.2400000000000002,-13.58,622,2.8796296296296298,70.11798941798942,62.5,216
15,0.3,1.5,0.0,2.0,2,3,True,0.882824074074074,1.31,0.5457175925925926,0.496,-31.24,29.36,-5.881666666666667,-58.31,1445,6.689814814814815,60.23981481481482,57.870370370370374,216
10,0.75,1.0,0.0,1.5,3,3,True,0.882685185185185,1.12,0.5259675925925925,0.8015000000000001,-22.52,18.4,-2.723333333333333,-22.61,635,2.939814814814815,61.37405405405406,60.18518518518518,216
10,0.75,1.0,-0.3,1.5,5,5,True,0.8825925925925925,0.0,0.37195833333333334,0.0,-11.53,15.88,-1.343425925925926,-13.58,327,1.5138888888888888,72.67674418604652,47.68518518518518,216
20,0.75,2.0,-0.3,2.5,3,3,True,0.8812962962962964,0.78,0.43057407407407405,0.4605,-65.92,28.24,-4.2185648148148145,-75.99,638,2.9537037037037037,63.08435754189945,58.333333333333336,216
15,0.5,1.5,-0.3,2.5,3,3,True,0.8799537037037038,1.1150000000000002,0.5686574074074074,0.7705,-54.91,18.18,-3.5262962962962967,-56.32,874,4.046296296296297,60.739393939393935,64.35185185185185,216
20,0.3,2.0,0.0,2.0,5,3,True,0.8795370370370371,0.31,0.5059166666666667,0.593,-24.79,29.76,-2.2549537037037033,-26.54,835,3.865740740740741,66.5315,59.72222222222222,216
10,0.3,1.5,0.3,1.5,5,7,True,0.8793055555555555,0.22999999999999998,0.6306481481481482,1.0785,-6.58,12.1,-0.9148611111111111,-10.18,625,2.8935185185185186,72.46497461928934,65.27777777777779,216
20,0.3,1.5,0.3,2.5,5,3,True,0.8792592592592593,0.69,0.6545740740740741,0.921,-25.17,29.76,-2.277592592592592,-26.54,853,3.949074074074074,70.82243902439025,66.20370370370371,216
10,0.3,1.0,0.3,2.0,5,7,True,0.8785648148148149,0.375,0.47848611111111117,1.008,-10.19,12.1,-1.3859722222222222,-10.23,719,3.3287037037037037,70.36363636363636,62.03703703703704,216
10,0.5,1.5,0.3,1.5,5,5,True,0.8778703703703704,0.26,0.5350138888888889,0.891,-8.72,12.1,-0.8473148148148149,-9.88,430,1.9907407407407407,75.4608187134503,60.18518518518518,216
20,0.75,2.0,0.0,2.0,3,3,True,0.8770370370370371,0.895,0.4621898148148148,0.504,-65.92,28.24,-4.138379629629629,-75.99,640,2.962962962962963,64.19611111111111,58.79629629629629,216
15,0.75,2.0,0.3,2.0,2,3,True,0.876712962962963,1.37,0.5624861111111111,0.5705,-48.47,30.04,-5.517314814814815,-61.22,783,3.625,64.16915422885572,56.018518518518526,216
10,0.5,1.0,-0.3,1.5,5,5,True,0.8759722222222222,0.225,0.3373564814814815,0.4465,-11.53,15.88,-1.446527777777778,-13.58,526,2.435185185185185,63.46488095238095,55.092592592592595,216
15,0.75,1.5,0.0,2.5,2,3,True,0.8756944444444446,1.43,0.5366574074074074,0.6435,-48.47,29.38,-6.013796296296296,-61.22,867,4.013888888888889,62.981862745098034,56.94444444444444,216
20,0.3,1.5,-0.3,1.5,3,3,True,0.8754166666666667,0.425,0.4040324074074074,0.33799999999999997,-53.85,25.5,-4.145462962962963,-55.86,1221,5.652777777777778,57.559047619047625,56.94444444444444,216
20,0.75,2.0,-0.3,2.5,5,3,True,0.875,0.0,0.47100925925925924,0.0,-24.72,28.78,-2.366435185185185,-26.54,386,1.787037037037037,71.76887417218543,47.68518518518518,216
15,0.3,1.5,0.0,2.5,3,5,True,0.8744444444444446,0.98,0.5644444444444445,0.705,-54.91,30.17,-3.9119444444444444,-56.32,1003,4.643518518518518,66.08333333333333,63.888888888888886,216
15,0.3,1.5,0.3,2.0,5,7,True,0.874074074074074,0.38,0.5916944444444444,0.8445,-18.45,27.32,-1.8986574074074074,-21.43,676,3.1296296296296298,72.35728643216082,62.5,216
10,0.75,2.0,0.3,2.0,3,7,True,0.873611111111111,0.94,0.7143009259259259,1.065,-22.52,16.1,-2.3001851851851853,-22.61,403,1.8657407407407407,82.64161849710983,62.96296296296296,216
20,0.3,2.0,0.3,1.5,3,7,True,0.8733796296296296,0.5,0.6019120370370369,0.5085,-54.45,31.22,-4.19212962962963,-55.86,993,4.597222222222222,67.86904761904762,61.111111111111114,216
20,0.5,1.5,-0.3,1.5,5,3,True,0.8722222222222223,0.12,0.4471805555555556,0.3175,-24.72,30.59,-2.3089351851851854,-26.54,644,2.9814814814814814,63.42216216216215,53.70370370370371,216
15,0.75,1.5,0.3,2.5,3,5,True,0.8718981481481483,1.435,0.5932546296296296,0.813,-72.71,29.0,-3.851018518518518,-72.71,573,2.6527777777777777,71.28548387096774,63.888888888888886,216
10,0.75,1.5,-0.3,1.5,5,7,True,0.8713425925925926,0.0,0.4832685185185185,0.0,-11.53,12.1,-1.1339814814814815,-13.58,229,1.0601851851851851,81.26902654867258,43.51851851851852,216
10,0.5,2.0,0.3,2.0,3,7,True,0.8704166666666666,0.8400000000000001,0.6676898148148148,1.1680000000000001,-20.55,16.43,-2.3564814814814814,-22.61,710,3.287037037037037,75.58627450980393,68.05555555555556,216
20,0.5,2.0,-0.3,2.0,5,3,True,0.8702314814814813,0.1,0.42285648148148147,0.237,-24.72,30.59,-2.3316666666666666,-26.54,610,2.824074074074074,64.50815217391305,52.31481481481482,216
10,0.3,1.0,-0.3,1.5,3,3,True,0.8701388888888888,0.96,0.5161944444444445,0.835,-19.98,13.78,-2.8937037037037037,-25.2,1231,5.699074074074074,54.61904761904762,63.42592592592593,216
20,0.75,2.0,0.3,1.5,5,3,True,0.8699537037037038,0.37,0.5070092592592593,0.346,-24.72,28.78,-2.0268055555555557,-26.54,394,1.8240740740740742,72.48846153846155,53.70370370370371,216
10,0.5,1.5,0.0,1.5,5,5,True,0.867314814814815,0.26,0.5319768518518518,0.925,-11.53,12.1,-0.997962962962963,-13.58,430,1.9907407407407407,74.08579881656804,58.333333333333336,216
20,0.75,1.5,0.0,2.5,5,3,True,0.8667592592592591,0.32499999999999996,0.5096712962962963,0.254,-24.72,28.78,-2.343101851851852,-26.54,404,1.8703703703703705,73.06114649681528,52.77777777777778,216
10,0.75,1.5,-0.3,2.0,5,5,True,0.8662500000000001,0.0,0.4811157407407408,0.0,-11.53,12.1,-1.1033796296296297,-13.58,231,1.0694444444444444,84.11880341880344,44.907407407407405,216
10,0.3,1.5,0.3,1.5,5,5,True,0.866111111111111,0.21000000000000002,0.613138888888889,1.0234999999999999,-6.58,12.1,-0.8993518518518518,-10.18,627,2.9027777777777777,72.2734693877551,64.35185185185185,216
15,0.3,2.0,0.0,2.0,3,5,True,0.865787037037037,1.03,0.5171851851851852,0.7050000000000001,-54.91,30.17,-3.729351851851852,-56.32,991,4.587962962962963,65.19162561576354,62.03703703703704,216
10,0.5,1.0,-0.3,1.5,3,3,True,0.8645370370370371,1.0899999999999999,0.49449074074074084,0.8069999999999999,-20.55,13.84,-2.870694444444444,-22.61,964,4.462962962962963,55.218719211822666,63.42592592592593,216
20,0.5,1.5,0.0,2.5,3,3,True,0.8645370370370371,1.09,0.44356481481481475,0.611,-74.58,28.67,-4.3825462962962956,-76.59,957,4.430555555555555,62.5039408866995,57.407407407407405,216
10,0.3,1.5,-0.3,2.0,3,7,True,0.8643981481481482,1.1400000000000001,0.6519953703703705,0.9675,-54.35,27.09,-3.0746296296296296,-55.09,906,4.194444444444445,69.3792270531401,65.74074074074075,216
10,0.5,1.5,-0.3,2.0,5,5,True,0.8633333333333333,0.275,0.4974074074074074,0.619,-11.53,12.1,-1.2229629629629628,-13.58,430,1.9907407407407407,72.99024390243903,57.407407407407405,216
10,0.3,1.5,0.0,1.5,5,7,True,0.8632870370370369,0.28500000000000003,0.6266203703703704,1.0565,-11.53,12.1,-1.1214351851851851,-13.58,625,2.8935185185185186,72.43179487179488,63.888888888888886,216
10,0.5,1.5,0.0,2.5,3,7,True,0.8630092592592594,1.005,0.775337962962963,1.309,-51.5,29.13,-2.8444907407407407,-52.29,706,3.2685185185185186,74.39754901960785,69.9074074074074,216
10,0.3,2.0,0.0,2.5,3,7,True,0.8628703703703704,1.16,0.7486759259259259,1.017,-54.35,28.9,-2.770925925925926,-55.09,904,4.185185185185185,74.22200956937799,65.74074074074075,216
20,0.3,1.5,-0.3,1.5,5,3,True,0.8622222222222224,0.225,0.48848148148148146,0.4305,-24.33,29.76,-2.3851851851851853,-26.54,867,4.013888888888889,62.478500000000004,58.79629629629629,216
20,0.75,1.5,0.3,2.5,3,3,True,0.8614814814814814,1.1749999999999998,0.4983287037037037,0.705,-68.93,28.11,-4.261666666666668,-75.99,705,3.263888888888889,65.11322751322751,59.25925925925925,216
15,0.3,1.5,-0.3,2.5,5,3,True,0.860462962962963,0.28500000000000003,0.5194074074074074,0.504,-18.45,30.32,-1.8624074074074073,-21.43,754,3.490740740740741,62.95510204081633,61.57407407407407,216
20,0.5,1.5,-0.3,2.5,3,3,True,0.8591666666666666,0.65,0.41523611111111114,0.48,-74.58,28.16,-4.448240740740741,-76.59,955,4.421296296296297,60.926600985221675,57.407407407407405,216
20,0.5,1.5,0.0,2.0,5,3,True,0.8573148148148151,0.515,0.4759305555555556,0.4835,-24.72,30.59,-2.3065277777777777,-26.54,630,2.9166666666666665,66.41957671957672,57.870370370370374,216
10,0.5,2.0,0.3,2.0,3,5,True,0.8564814814814815,0.7350000000000001,0.6775185185185185,1.1385,-20.55,16.04,-2.229861111111111,-22.61,712,3.2962962962962963,73.99850746268658,67.12962962962963,216
15,0.75,1.5,-0.3,2.5,5,7,True,0.8549074074074076,0.165,0.45026851851851857,0.108,-21.88,31.56,-2.836157407407407,-23.75,323,1.4953703703703705,78.06569343065694,50.46296296296296,216
15,0.75,1.5,0.0,2.5,3,5,True,0.854675925925926,1.45,0.5485092592592592,0.761,-72.71,29.0,-4.1224537037037035,-72.71,565,2.615740740740741,69.42402234636873,62.96296296296296,216
15,0.75,2.0,-0.3,2.5,5,7,True,0.8546296296296297,0.08,0.45851388888888883,0.0485,-21.88,31.56,-2.765787037037037,-23.75,307,1.4212962962962963,78.94328358208956,50.0,216
20,0.75,2.0,0.0,2.5,3,3,True,0.8542129629629629,0.895,0.45449537037037036,0.504,-65.92,28.24,-4.165324074074074,-75.99,640,2.962962962962963,64.19611111111111,58.79629629629629,216
15,0.3,1.5,-0.3,2.0,3,3,True,0.8524537037037037,1.005,0.5387314814814815,0.7825,-54.91,17.91,-3.5768055555555556,-56.32,1114,5.157407407407407,59.86274509803921,63.42592592592593,216
10,0.3,1.5,-0.3,1.5,5,5,True,0.8520833333333334,0.28500000000000003,0.5770740740740741,1.0459999999999998,-11.53,12.1,-1.1802777777777778,-13.58,624,2.888888888888889,67.55212765957447,60.18518518518518,216
10,0.5,2.0,0.3,2.5,3,5,True,0.8519444444444445,0.8,0.6907268518518519,1.1320000000000001,-20.2,16.04,-2.2641203703703705,-22.26,712,3.2962962962962963,74.53880597014926,68.05555555555556,216
15,0.5,2.0,0.0,2.5,5,7,True,0.8510648148148149,0.305,0.5158703703703703,0.6545000000000001,-19.67,31.72,-2.4820833333333336,-21.43,501,2.3194444444444446,73.23121387283237,57.870370370370374,216
10,0.75,1.5,0.3,2.0,5,7,True,0.8509722222222222,0.0,0.5648703703703704,0.0,-8.72,12.1,-0.8890740740740741,-9.8,231,1.0694444444444444,87.03809523809524,49.53703703703704,216
10,0.3,1.5,0.0,2.0,5,5,True,0.8499074074074073,0.33,0.6203981481481482,1.0415,-11.53,12.1,-1.1636574074074075,-13.58,625,2.8935185185185186,74.37179487179488,64.81481481481481,216
10,0.75,2.0,0.3,2.5,3,5,True,0.8496296296296295,0.9550000000000001,0.6988287037037038,1.0779999999999998,-22.17,15.91,-2.208888888888889,-22.44,403,1.8657407407407407,81.36272189349113,62.03703703703704,216
20,0.3,2.0,-0.3,2.5,5,3,True,0.8483333333333334,0.24,0.498537037037037,0.495,-24.33,29.76,-2.433703703703704,-26.54,828,3.8333333333333335,64.19950248756219,58.333333333333336,216
10,0.75,2.0,0.3,2.0,3,5,True,0.847824074074074,0.89,0.6983472222222223,1.065,-22.52,15.91,-2.1785185185185187,-22.61,403,1.8657407407407407,80.50473372781065,60.64814814814815,216
15,0.3,2.0,-0.3,2.0,2,3,True,0.8475,1.245,0.5636203703703704,0.4835,-31.24,28.53,-5.7551851851851845,-58.4,1349,6.24537037037037,58.660185185185185,56.94444444444444,216
10,0.75,1.5,0.0,1.5,5,5,True,0.8458333333333333,0.0,0.492412037037037,0.0,-11.53,12.1,-0.915925925925926,-13.58,231,1.0694444444444444,82.3529411764706,45.83333333333333,216
10,0.75,1.0,-0.3,2.5,3,5,True,0.845787037037037,1.65,0.6783287037037037,1.046,-51.5,18.14,-3.7513888888888887,-52.29,628,2.9074074074074074,68.29739583333334,66.20370370370371,216
10,0.5,1.5,-0.3,2.5,3,7,True,0.8455092592592592,1.0,0.6890138888888889,1.028,-51.5,27.32,-3.1625,-52.29,698,3.2314814814814814,70.7,67.12962962962963,216
15,0.5,2.0,0.0,2.0,2,3,True,0.8454166666666667,1.255,0.5690416666666667,0.636,-30.67,29.65,-5.595,-58.31,1083,5.013888888888889,60.66794258373205,58.333333333333336,216
20,0.5,1.5,0.3,1.5,5,3,True,0.8443981481481481,0.525,0.5367453703703704,0.7104999999999999,-24.72,30.59,-2.1190277777777777,-26.54,646,2.990740740740741,68.38518518518518,61.57407407407407,216
10,0.5,1.0,0.3,1.5,3,3,True,0.8435185185185184,1.08,0.5407175925925927,0.8614999999999999,-20.55,17.8,-2.6412037037037037,-22.61,968,4.481481481481482,60.63913043478261,63.888888888888886,216
20,0.3,1.5,0.0,2.5,5,3,True,0.8421296296296297,0.5349999999999999,0.533375,0.6134999999999999,-24.79,29.76,-2.400879629629629,-26.54,850,3.935185185185185,66.98960396039605,61.111111111111114,216
20,0.75,2.0,0.0,1.5,5,3,True,0.841898148148148,0.0,0.4427407407407407,0.0,-24.72,28.78,-2.1369444444444445,-26.54,394,1.8240740740740742,71.39266666666666,49.53703703703704,216
20,0.5,2.0,0.3,2.0,5,3,True,0.8418518518518519,0.41500000000000004,0.5228657407407407,0.563,-24.72,30.59,-2.1475,-26.54,612,2.8333333333333335,69.7281914893617,59.72222222222222,216
15,0.3,1.5,-0.3,2.5,3,3,True,0.8405555555555557,0.97,0.5604768518518518,0.762,-54.91,17.91,-3.603379629629629,-56.32,1110,5.138888888888889,60.20682926829269,62.96296296296296,216
10,0.75,1.0,-0.3,2.0,3,5,True,0.8393518518518517,1.585,0.6745185185185185,0.998,-51.5,18.14,-3.669722222222222,-52.29,628,2.9074074074074074,67.41465968586387,66.20370370370371,216
20,0.3,1.5,0.3,1.5,5,3,True,0.8393055555555555,0.53,0.5971064814814815,0.795,-24.93,29.76,-2.18712962962963,-26.54,873,4.041666666666667,68.59607843137255,64.35185185185185,216
15,0.75,1.5,-0.3,2.0,2,3,True,0.8388425925925928,1.34,0.4908518518518519,0.474,-48.47,27.96,-6.018611111111111,-61.22,867,4.013888888888889,60.492156862745084,54.166666666666664,216
10,0.75,1.0,0.3,1.5,5,7,True,0.8380092592592592,0.375,0.46599537037037037,0.3775,-8.72,12.1,-1.10875,-9.8,327,1.5138888888888888,76.44172661870505,53.70370370370371,216
10,0.3,1.0,0.0,2.0,5,7,True,0.8362499999999999,0.41000000000000003,0.44516666666666665,0.8505,-11.53,12.1,-1.6147685185185183,-13.58,719,3.3287037037037037,70.80561224489797,61.111111111111114,216
20,0.5,1.5,0.3,1.5,3,3,True,0.8357407407407409,0.76,0.45015277777777774,0.4755,-54.45,24.87,-3.9500462962962963,-55.86,985,4.560185185185185,62.22463054187192,59.72222222222222,216
10,0.75,2.0,-0.3,1.5,5,5,True,0.8356481481481481,0.0,0.46009259259259255,0.0,-11.53,9.81,-0.9563425925925926,-13.58,219,1.0138888888888888,82.809009009009,42.592592592592595,216
20,0.75,2.0,0.3,2.5,5,3,True,0.8353703703703705,0.5549999999999999,0.5242777777777777,0.396,-24.72,28.78,-2.1950925925925926,-26.54,386,1.787037037037037,73.96518987341773,53.70370370370371,216
15,0.3,2.0,0.0,2.5,2,3,True,0.8347222222222223,1.2349999999999999,0.6093796296296297,0.5445,-31.24,29.36,-5.735324074074073,-58.31,1355,6.273148148148148,61.4962962962963,59.25925925925925,216
10,0.5,1.5,0.0,2.0,5,7,True,0.8333796296296296,0.265,0.5327592592592593,0.8494999999999999,-11.53,12.1,-1.1679166666666667,-13.58,430,1.9907407407407407,77.28304093567252,60.18518518518518,216
10,0.3,2.0,-0.3,2.5,3,7,True,0.8332407407407407,1.085,0.6638148148148149,0.9675,-54.35,27.09,-3.0708796296296295,-55.09,894,4.138888888888889,70.17101449275363,63.888888888888886,216
10,0.3,1.5,0.3,1.5,3,5,True,0.8326851851851852,0.77,0.6280833333333333,0.8995,-19.98,15.92,-2.106898148148148,-22.04,953,4.412037037037037,69.32019230769231,63.888888888888886,216
10,0.75,1.5,-0.3,2.5,2,7,True,0.8324537037037038,1.175,0.4713101851851852,0.51,-31.47,26.5,-5.7313425925925925,-56.07,706,3.2685185185185186,65.88085106382978,59.72222222222222,216
10,0.5,1.5,-0.3,1.5,5,7,True,0.832037037037037,0.23,0.48142129629629626,0.8485,-11.53,12.1,-1.2630092592592592,-13.58,428,1.9814814814814814,69.81257861635221,56.018518518518526,216
10,0.75,1.0,0.3,2.0,5,7,True,0.8319444444444444,0.395,0.4769305555555555,0.3905,-9.78,12.1,-1.3277777777777775,-9.8,327,1.5138888888888888,79.46338028169014,54.166666666666664,216
15,0.75,1.5,-0.3,2.0,3,3,True,0.8314814814814815,1.2850000000000001,0.5551666666666667,0.8340000000000001,-72.71,19.58,-3.6390277777777778,-72.71,619,2.865740740740741,65.60111111111111,64.35185185185185,216
15,0.75,2.0,0.3,2.0,3,5,True,0.8314351851851853,1.3,0.5508703703703705,0.824,-72.71,29.0,-3.7132870370370368,-72.71,561,2.5972222222222223,70.75166666666668,63.42592592592593,216
10,0.3,1.5,0.0,2.0,3,3,True,0.8306944444444445,0.62,0.6323657407407408,0.894,-19.98,16.3,-2.2098611111111115,-22.04,1012,4.685185185185185,63.76794258373206,63.888888888888886,216
10,0.5,2.0,-0.3,1.5,5,5,True,0.8287962962962963,0.17,0.48215277777777776,0.7075,-11.53,9.63,-1.0692592592592594,-13.58,418,1.9351851851851851,71.67937500000001,56.018518518518526,216
10,0.75,1.0,0.3,1.5,3,3,True,0.8276388888888888,1.0950000000000002,0.5492731481481482,0.7985,-22.52,17.48,-2.601712962962963,-22.61,635,2.939814814814815,63.65882352941176,61.57407407407407,216
15,0.75,2.0,-0.3,2.5,2,3,True,0.82625,1.25,0.5509907407407408,0.45599999999999996,-48.47,30.78,-5.87375,-61.22,779,3.6064814814814814,63.50298507462686,55.55555555555556,216
10,0.3,1.5,0.3,2.0,3,3,True,0.8256944444444445,0.74,0.6174768518518519,0.8654999999999999,-19.98,16.3,-2.0793518518518517,-22.04,1015,4.699074074074074,65.91626794258373,64.81481481481481,216
10,0.75,1.5,0.0,2.0,5,7,True,0.8256018518518518,0.0,0.49017592592592585,0.0,-11.53,12.1,-1.0585648148148148,-13.58,231,1.0694444444444444,85.26280991735537,45.83333333333333,216
15,0.3,1.5,0.3,1.5,5,7,True,0.8252314814814815,0.355,0.5325462962962964,0.8125,-18.45,27.32,-1.7847222222222225,-21.43,690,3.1944444444444446,68.31421319796955,61.111111111111114,216
10,0.5,1.5,0.0,2.0,3,7,True,0.8243055555555556,1.0350000000000001,0.7469490740740741,1.2025000000000001,-51.5,29.13,-2.816527777777778,-52.29,708,3.2777777777777777,73.51724137931035,68.51851851851852,216
15,0.3,2.0,0.3,2.0,3,5,True,0.824212962962963,1.04,0.5373564814814815,0.7415,-54.91,29.83,-3.506666666666667,-56.32,1009,4.671296296296297,69.12758620689655,62.5,216
10,0.3,1.5,0.0,1.5,5,5,True,0.8238425925925926,0.28,0.6019629629629629,1.028,-11.53,12.1,-1.1038425925925925,-13.58,627,2.9027777777777777,72.07886597938145,62.5,216
15,0.3,2.0,-0.3,2.5,5,3,True,0.8237962962962962,0.275,0.5149166666666667,0.4895,-18.45,30.32,-1.8402777777777777,-21.43,740,3.425925925925926,63.227692307692315,62.03703703703704,216
10,0.3,1.0,-0.3,2.0,5,5,True,0.8231944444444445,0.295,0.38768055555555553,0.609,-11.53,12.1,-1.6265740740740742,-13.58,718,3.324074074074074,64.75885416666667,59.25925925925925,216
20,0.5,1.5,-0.3,2.5,5,3,True,0.8231481481481482,0.225,0.4825416666666666,0.44,-24.72,30.59,-2.4859722222222222,-26.54,628,2.9074074074074074,65.34232804232805,55.55555555555556,216
15,0.3,2.0,0.3,2.0,5,7,True,0.8231481481481481,0.365,0.5796157407407407,0.7909999999999999,-18.45,27.32,-1.8516203703703704,-21.43,662,3.064814814814815,72.77373737373738,63.42592592592593,216
15,0.5,2.0,0.3,2.0,3,5,True,0.8227777777777779,0.92,0.5585416666666667,0.762,-54.91,29.25,-3.442870370370371,-56.32,783,3.625,69.87448979591838,63.42592592592593,216
15,0.5,2.0,-0.3,2.0,3,3,True,0.8224074074074076,1.03,0.5288333333333334,0.7705,-54.91,18.18,-3.476342592592593,-56.32,860,3.9814814814814814,60.678061224489795,63.888888888888886,216
10,0.5,1.5,-0.3,2.0,3,7,True,0.8218518518518519,1.085,0.664625,1.044,-51.5,27.32,-3.12287037037037,-52.29,701,3.2453703703703702,69.84572864321608,68.05555555555556,216
10,0.3,2.0,0.0,2.0,3,7,True,0.8212499999999999,1.1400000000000001,0.7179444444444444,1.0565,-54.35,28.9,-2.7501388888888894,-55.09,906,4.194444444444445,73.19186602870813,65.27777777777779,216
20,0.3,2.0,0.3,2.5,5,3,True,0.8198148148148149,0.5549999999999999,0.6310601851851853,0.921,-25.17,29.76,-2.237592592592592,-26.54,835,3.865740740740741,70.97598039215687,65.27777777777779,216
10,0.75,1.0,0.3,1.5,2,5,True,0.819675925925926,1.38,0.5135092592592593,0.601,-40.36,34.0,-5.404722222222222,-57.63,1183,5.476851851851852,58.47129186602871,60.64814814814815,216
10,0.3,1.5,0.0,2.5,3,3,True,0.8187500000000001,0.62,0.6280648148148148,0.8315,-19.98,16.3,-2.229027777777778,-22.04,1012,4.685185185185185,64.05502392344498,63.42592592592593,216
10,0.75,1.5,0.3,2.0,5,5,True,0.8184722222222223,0.0,0.5466574074074073,0.0,-8.72,12.1,-0.8878703703703705,-9.8,231,1.0694444444444444,86.00160000000001,49.074074074074076,216
10,0.5,1.5,0.3,2.0,5,7,True,0.8181481481481482,0.26,0.5362824074074074,0.8405,-8.72,12.1,-1.0105555555555557,-10.69,430,1.9907407407407407,77.81560693641619,62.03703703703704,216
10,0.3,1.5,0.3,1.5,3,7,True,0.8178240740740741,0.91,0.6299768518518518,0.966,-19.98,16.31,-2.222175925925926,-22.04,943,4.3657407407407405,70.51190476190476,63.888888888888886,216
10,0.3,1.5,0.3,2.5,5,7,True,0.8169907407407407,0.28,0.6737175925925925,1.129,-17.6,12.1,-1.084675925925926,-17.6,620,2.8703703703703702,75.29289340101522,67.5925925925926,216
10,0.5,1.0,0.3,1.5,2,5,True,0.8163888888888887,1.505,0.5276157407407408,0.6875,-40.36,34.0,-5.450694444444444,-57.63,1501,6.949074074074074,60.07336448598131,61.57407407407407,216
15,0.75,1.5,0.3,2.5,5,7,True,0.8162037037037037,0.5700000000000001,0.5323425925925925,0.5760000000000001,-21.64,27.78,-2.291898148148148,-23.51,324,1.5,82.33379310344829,52.31481481481482,216
10,0.3,1.0,0.3,2.5,5,7,True,0.8149074074074073,0.35,0.5345138888888888,1.0299999999999998,-17.6,12.1,-1.5048148148148148,-17.6,718,3.324074074074074,71.3145728643216,62.96296296296296,216
10,0.3,1.0,0.3,1.5,2,5,True,0.814675925925926,1.54,0.527800925925926,0.6735,-40.36,34.0,-5.46537037037037,-57.63,1748,8.092592592592593,61.732870370370364,62.96296296296296,216
10,0.3,1.5,0.3,2.5,3,3,True,0.8138425925925927,0.745,0.6146296296296297,0.7645,-19.98,16.3,-2.0987500000000003,-22.04,1015,4.699074074074074,66.18755980861245,64.35185185185185,216
15,0.3,1.5,0.3,2.5,5,7,True,0.8117592592592594,0.38,0.6127777777777778,0.8565,-18.45,27.32,-1.9913888888888889,-21.43,674,3.1203703703703702,73.63432835820896,63.42592592592593,216
10,0.75,1.5,0.0,2.0,3,7,True,0.8105092592592592,1.08,0.7303703703703703,0.979,-51.5,28.8,-2.8279629629629635,-52.29,412,1.9074074074074074,81.28265895953757,61.57407407407407,216
10,0.3,2.0,0.3,1.5,3,5,True,0.8104629629629629,0.765,0.6041249999999999,0.8514999999999999,-19.98,15.92,-2.100416666666667,-22.04,944,4.37037037037037,69.52995169082126,63.888888888888886,216
20,0.5,2.0,0.0,1.5,3,3,True,0.8098611111111113,0.755,0.4414351851851851,0.512,-53.85,25.22,-3.9130555555555557,-55.86,920,4.2592592592592595,61.64191919191919,59.25925925925925,216
15,0.5,2.0,-0.3,2.5,3,3,True,0.8090277777777778,1.03,0.5401851851851852,0.747,-54.91,18.18,-3.5082407407407405,-56.32,856,3.962962962962963,61.02142857142857,63.42592592592593,216
10,0.75,1.5,0.0,2.5,3,7,True,0.8083333333333333,1.07,0.7435555555555555,1.0405,-51.5,28.8,-2.886064814814815,-52.29,412,1.9074074074074074,82.10919540229885,62.96296296296296,216
10,0.5,1.5,0.3,2.0,5,5,True,0.8081944444444444,0.305,0.5231666666666667,0.8405,-8.72,12.1,-0.9838425925925927,-10.69,430,1.9907407407407407,77.26374269005846,61.111111111111114,216
10,0.3,1.0,0.3,2.0,5,5,True,0.8077777777777777,0.395,0.442587962962963,0.962,-10.19,12.1,-1.3452777777777778,-10.23,721,3.337962962962963,69.20552763819096,62.96296296296296,216
15,0.3,2.0,0.3,2.5,3,5,True,0.8073611111111113,0.96,0.5682962962962963,0.762,-54.91,29.83,-3.609444444444445,-56.32,1003,4.643518518518518,70.49803921568626,61.57407407407407,216
20,0.75,2.0,0.0,2.5,5,3,True,0.8073148148148148,0.060000000000000005,0.46128703703703705,0.078,-24.72,28.78,-2.3002314814814815,-26.54,386,1.787037037037037,72.46535947712418,50.46296296296296,216
10,0.3,2.0,-0.3,2.0,3,7,True,0.8068055555555556,1.1400000000000001,0.6364675925925926,0.9675,-54.35,27.09,-3.0377314814814813,-55.09,897,4.152777777777778,69.15217391304348,65.27777777777779,216
10,0.75,1.0,-0.3,2.0,5,5,True,0.8064351851851852,0.0,0.3515324074074075,0.0,-11.53,14.17,-1.536898148148148,-13.58,327,1.5138888888888888,73.86742424242425,49.074074074074076,216
15,0.3,1.5,-0.3,2.0,5,7,True,0.8050925925925926,0.34,0.43383333333333335,0.47450000000000003,-19.67,31.1,-2.3651388888888887,-21.43,651,3.013888888888889,64.83809523809525,56.94444444444444,216
10,0.3,1.0,0.0,2.5,5,7,True,0.8045370370370369,0.42,0.5022546296296296,0.9635,-17.6,12.1,-1.7355555555555555,-17.6,718,3.324074074074074,71.76395939086295,60.64814814814815,216
10,0.5,1.0,-0.3,2.0,5,5,True,0.8037962962962962,0.275,0.32205092592592593,0.4465,-11.53,14.17,-1.6452777777777778,-13.58,526,2.435185185185185,65.57573964497043,56.481481481481474,216
20,0.5,2.0,-0.3,1.5,5,3,True,0.8037037037037036,0.025,0.3808564814814815,0.07700000000000001,-24.72,30.59,-2.2826851851851853,-26.54,624,2.888888888888889,63.20441988950276,50.92592592592593,216
10,0.3,1.5,0.3,2.5,5,5,True,0.8031944444444444,0.31,0.6728749999999999,1.0465,-17.6,12.1,-1.0572222222222223,-17.6,622,2.8796296296296298,75.08984771573604,68.05555555555556,216
15,0.75,1.5,0.0,2.0,2,3,True,0.8026388888888888,1.375,0.5008472222222221,0.507,-48.47,29.38,-5.953009259259259,-61.22,867,4.013888888888889,61.489215686274505,55.092592592592595,216
10,0.75,2.0,0.3,1.5,5,7,True,0.8025000000000001,0.0,0.5332546296296296,0.0,-8.72,9.81,-0.7365740740740742,-9.8,219,1.0138888888888888,85.4175,47.68518518518518,216
10,0.3,2.0,0.3,1.5,3,7,True,0.8024537037037037,0.885,0.611,0.9265000000000001,-19.98,16.31,-2.2109722222222223,-22.04,934,4.324074074074074,70.72248803827752,63.888888888888886,216
15,0.5,2.0,0.0,2.5,3,5,True,0.8024537037037037,0.9299999999999999,0.5281388888888889,0.674,-54.91,29.59,-3.831527777777777,-56.32,767,3.550925925925926,67.00103626943006,60.64814814814815,216
10,0.5,1.0,0.3,1.5,5,7,True,0.8023611111111111,0.35,0.38904166666666673,0.793,-8.72,12.1,-1.217175925925926,-9.88,526,2.435185185185185,68.84114285714286,58.333333333333336,216
20,0.5,1.5,0.0,1.5,5,3,True,0.8020370370370371,0.27,0.44242592592592594,0.4835,-24.72,30.59,-2.240601851851852,-26.54,646,2.990740740740741,65.0763440860215,56.481481481481474,216
15,0.5,2.0,0.3,2.5,3,5,True,0.8000925925925926,0.89,0.5787962962962964,0.765,-54.91,29.25,-3.540601851851852,-56.32,777,3.5972222222222223,71.79230769230769,62.03703703703704,216
10,0.75,1.5,0.3,2.0,3,3,True,0.7993981481481481,0.715,0.6407685185185186,1.1015,-22.52,16.15,-1.9864351851851854,-22.61,418,1.9351851851851851,76.39573170731707,57.870370370370374,216
10,0.5,1.0,0.3,2.0,5,7,True,0.7993055555555555,0.375,0.4156990740740741,0.787,-10.23,12.1,-1.4318055555555558,-10.69,526,2.435185185185185,72.13276836158192,60.64814814814815,216
20,0.3,1.5,0.0,1.5,5,3,True,0.7981018518518519,0.31,0.47461574074074064,0.5295000000000001,-24.79,29.76,-2.312314814814815,-26.54,871,4.032407407407407,65.09649999999999,59.72222222222222,216
20,0.5,2.0,0.0,2.0,5,3,True,0.7978703703703703,0.245,0.4262592592592593,0.444,-24.72,30.59,-2.265601851851852,-26.54,612,2.8333333333333335,66.35945945945946,55.55555555555556,216
20,0.3,1.5,0.3,1.5,3,3,True,0.7971759259259259,0.6799999999999999,0.4598842592592593,0.4945,-54.45,24.87,-3.9856481481481487,-55.86,1232,5.703703703703703,62.52877358490565,61.111111111111114,216
10,0.75,1.0,-0.3,2.0,5,7,True,0.7964814814814816,0.0,0.3633148148148148,0.0,-11.53,14.17,-1.7593055555555555,-13.58,325,1.5046296296296295,74.43053435114506,49.53703703703704,216
20,0.5,1.5,0.3,2.5,5,3,True,0.7948148148148149,0.61,0.5657546296296295,0.728,-24.72,30.59,-2.3012962962962966,-26.54,630,2.9166666666666665,70.19326424870466,62.03703703703704,216
10,0.3,1.5,0.0,2.5,5,7,True,0.7945833333333333,0.345,0.6481666666666667,1.068,-17.6,12.1,-1.3038888888888889,-17.6,620,2.8703703703703702,75.80102564102565,65.27777777777779,216
10,0.5,1.5,0.0,2.0,5,5,True,0.7938425925925926,0.28,0.5084907407407407,0.885,-11.53,12.1,-1.141851851851852,-13.58,430,1.9907407407407407,76.40295857988164,58.79629629629629,216
20,0.3,2.0,-0.3,1.5,5,3,True,0.7937037037037037,0.165,0.431,0.31,-24.33,29.76,-2.361712962962963,-26.54,847,3.9212962962962963,62.36733668341708,56.94444444444444,216
10,0.75,1.0,0.3,1.5,5,5,True,0.7931481481481482,0.30500000000000005,0.44072685185185184,0.3695,-8.72,12.1,-1.1036574074074073,-9.8,327,1.5138888888888888,75.66666666666667,53.70370370370371,216
15,0.75,1.5,-0.3,2.5,3,3,True,0.7922685185185185,1.2850000000000001,0.5594490740740741,0.825,-72.71,19.58,-3.6756018518518516,-72.71,617,2.8564814814814814,66.09166666666667,64.35185185185185,216
10,0.3,1.0,-0.3,1.5,5,5,True,0.7918981481481482,0.21000000000000002,0.37038888888888893,0.5725,-11.53,13.45,-1.5147222222222223,-13.58,720,3.3333333333333335,62.22198952879582,56.018518518518526,216
20,0.5,2.0,-0.3,1.5,3,3,True,0.7914351851851852,0.42,0.4014444444444444,0.473,-53.85,25.31,-3.9776388888888885,-55.86,918,4.25,59.78030303030303,56.018518518518526,216
10,0.5,1.5,0.0,2.0,3,3,True,0.7913888888888889,0.52,0.5819583333333334,0.9934999999999999,-20.55,16.48,-2.162314814814815,-22.61,743,3.439814814814815,65.65252525252525,62.5,216
10,0.75,1.5,-0.3,2.0,5,7,True,0.7912037037037037,0.0,0.45287499999999997,0.0,-11.53,12.1,-1.2704629629629631,-13.58,229,1.0601851851851851,82.46434782608696,43.05555555555556,216
10,0.3,2.0,0.3,2.0,5,5,True,0.790462962962963,0.27,0.6288101851851852,1.0205,-6.68,9.57,-0.9317592592592594,-6.68,613,2.837962962962963,74.58730964467006,66.20370370370371,216
10,0.3,1.0,0.3,1.5,5,7,True,0.790462962962963,0.28,0.434875,0.7975000000000001,-6.58,12.1,-1.2563888888888888,-10.18,721,3.337962962962963,67.37878787878788,60.18518518518518,216
20,0.3,1.5,-0.3,2.0,3,3,True,0.7901851851851851,0.69,0.42945833333333333,0.40049999999999997,-74.58,28.16,-4.434490740740741,-76.59,1189,5.50462962962963,59.406666666666666,57.870370370370374,216
10,0.75,1.0,-0.3,1.5,3,3,True,0.7901388888888888,1.05,0.4537638888888889,0.7264999999999999,-22.52,13.49,-2.8894907407407406,-22.66,635,2.939814814814815,59.12459016393442,59.72222222222222,216
10,0.5,2.0,-0.3,2.5,3,7,True,0.7879166666666667,1.0,0.6716388888888889,1.0339999999999998,-51.5,27.32,-3.1258333333333335,-52.29,689,3.189814814814815,70.80000000000001,67.12962962962963,216
10,0.75,1.5,0.0,2.0,3,3,True,0.7872222222222223,0.32,0.5738425925925925,0.801,-22.52,16.15,-2.111712962962963,-22.61,418,1.9351851851851851,73.00434782608696,55.55555555555556,216
10,0.5,1.0,0.0,2.0,5,7,True,0.7863888888888889,0.365,0.3769537037037037,0.6255,-11.53,12.1,-1.6346296296296299,-13.58,526,2.435185185185185,71.33771428571428,58.79629629629629,216
15,0.3,2.0,-0.3,2.0,5,7,True,0.7861111111111112,0.28,0.4506203703703704,0.4985,-19.67,31.1,-2.285092592592593,-21.43,635,2.939814814814815,65.62659574468084,57.870370370370374,216
10,0.75,2.0,0.3,1.5,5,5,True,0.7857407407407409,0.0,0.5220555555555555,0.0,-8.72,9.81,-0.7365740740740742,-9.8,219,1.0138888888888888,84.87478991596639,47.22222222222222,216
10,0.75,1.5,0.3,2.5,3,3,True,0.7851851851851853,0.715,0.6328425925925927,1.1015,-22.52,16.15,-2.006064814814815,-22.61,418,1.9351851851851851,76.54817073170732,58.333333333333336,216
15,0.3,2.0,0.0,2.0,2,3,True,0.7850462962962963,1.165,0.5666851851851852,0.496,-31.24,29.36,-5.693564814814814,-58.31,1357,6.282407407407407,60.678703703703704,57.870370370370374,216
20,0.5,2.0,-0.3,2.0,3,3,True,0.7833796296296297,0.435,0.4591666666666666,0.473,-74.58,28.16,-4.2025,-76.59,892,4.12962962962963,61.31919191919192,58.333333333333336,216
20,0.3,2.0,0.0,2.5,5,3,True,0.782685185185185,0.31,0.5075787037037037,0.6134999999999999,-24.79,29.76,-2.362083333333333,-26.54,832,3.8518518518518516,67.10099502487562,59.72222222222222,216
15,0.3,2.0,0.0,2.5,3,5,True,0.7818518518518518,0.95,0.5264537037037037,0.6955,-54.91,30.17,-3.8980555555555556,-56.32,985,4.560185185185185,66.2472906403941,62.03703703703704,216
15,0.3,2.0,-0.3,2.0,3,3,True,0.7815277777777778,0.93,0.5084907407407407,0.751,-54.91,17.91,-3.554768518518518,-56.32,1096,5.074074074074074,60.12326732673267,62.5,216
10,0.75,2.0,0.0,1.5,5,7,True,0.7812962962962963,0.0,0.46733333333333327,0.0,-11.53,9.81,-0.898425925925926,-13.58,219,1.0138888888888888,83.47913043478262,43.98148148148148,216
10,0.5,1.0,0.3,1.5,5,5,True,0.7801388888888888,0.345,0.371074074074074,0.793,-8.72,12.1,-1.1910185185185185,-9.88,526,2.435185185185185,68.50857142857143,58.333333333333336,216
10,0.5,2.0,0.0,1.5,5,7,True,0.7800925925925926,0.225,0.5108564814814814,0.8365,-11.53,9.63,-1.0021296296296298,-13.58,418,1.9351851851851851,74.61607142857143,57.870370370370374,216
10,0.5,2.0,0.0,2.5,3,7,True,0.7798611111111112,0.8600000000000001,0.743537037037037,1.206,-51.5,29.13,-2.838657407407408,-52.29,697,3.2268518518518516,74.36683168316831,68.98148148148148,216
20,0.5,1.5,0.3,2.0,3,3,True,0.7791203703703705,1.13,0.5010601851851852,0.6305000000000001,-75.18,28.32,-4.236805555555556,-76.59,961,4.449074074074074,64.5921568627451,60.18518518518518,216
10,0.75,2.0,-0.3,2.5,2,7,True,0.7788425925925926,1.1150000000000002,0.46202314814814816,0.51,-31.47,26.5,-5.637731481481482,-56.07,671,3.1064814814814814,66.68655913978495,59.72222222222222,216
10,0.75,1.0,-0.3,1.5,5,7,True,0.7786574074074074,0.0,0.33875462962962966,0.0,-11.53,15.88,-1.5480092592592594,-13.58,325,1.5046296296296295,71.536,47.22222222222222,216
10,0.75,1.0,0.0,2.0,5,7,True,0.7782407407407406,0.135,0.3718796296296296,0.1615,-11.53,12.1,-1.544074074074074,-13.58,327,1.5138888888888888,77.19270072992701,50.46296296296296,216
20,0.5,2.0,0.3,1.5,5,3,True,0.7758796296296295,0.32,0.4855092592592593,0.593,-24.72,30.59,-2.093796296296296,-26.54,626,2.8981481481481484,68.50108108108108,58.79629629629629,216
10,0.3,2.0,-0.3,2.0,5,5,True,0.7754166666666668,0.295,0.574324074074074,0.8109999999999999,-11.53,10.36,-1.2222222222222223,-13.58,610,2.824074074074074,70.50797872340425,61.57407407407407,216
10,0.5,1.5,0.3,1.5,5,3,True,0.7744444444444445,0.305,0.5621574074074074,0.958,-8.72,9.48,-0.8051851851851851,-9.88,439,2.0324074074074074,74.40116959064328,62.03703703703704,216
10,0.5,1.5,0.0,2.5,3,3,True,0.7743518518518518,0.51,0.5713564814814815,0.8845000000000001,-20.55,16.48,-2.1875,-22.61,743,3.439814814814815,65.75353535353536,62.5,216
15,0.3,2.0,0.3,1.5,5,7,True,0.7735648148148149,0.32499999999999996,0.5313564814814815,0.8125,-18.45,27.32,-1.7565740740740738,-21.43,676,3.1296296296296298,69.01122448979592,62.03703703703704,216
10,0.3,2.0,0.3,2.0,5,7,True,0.7730555555555555,0.22999999999999998,0.6112129629629629,1.008,-6.68,9.57,-0.9644444444444444,-6.68,611,2.8287037037037037,74.53654822335025,64.81481481481481,216
10,0.3,1.5,0.3,2.0,5,3,True,0.7728703703703703,0.31,0.6573749999999999,1.129,-9.11,9.57,-0.8758796296296296,-9.11,639,2.9583333333333335,72.58350515463918,66.66666666666666,216
10,0.5,1.0,0.3,1.5,5,3,True,0.7727777777777777,0.395,0.4735046296296296,0.85,-8.72,9.48,-1.0584722222222223,-9.88,537,2.486111111111111,69.548,60.18518518518518,216
20,0.3,1.5,0.0,2.0,3,3,True,0.7725925925925926,0.865,0.4441157407407407,0.4945,-74.58,28.67,-4.372268518518518,-76.59,1191,5.513888888888889,61.463033175355456,57.870370370370374,216
10,0.5,2.0,0.3,1.5,5,5,True,0.7725000000000001,0.21000000000000002,0.5025324074074073,0.8155,-8.72,9.48,-0.8298148148148149,-9.88,418,1.9351851851851851,75.99881656804733,59.25925925925925,216
20,0.3,1.5,-0.3,2.5,3,3,True,0.7718055555555557,0.63,0.4191574074074075,0.40449999999999997,-74.58,28.16,-4.459166666666667,-76.59,1187,5.49537037037037,59.621904761904766,58.333333333333336,216
10,0.3,1.5,-0.3,2.5,5,5,True,0.7716666666666667,0.36,0.6111018518518518,0.902,-17.6,12.1,-1.3626388888888892,-17.6,619,2.865740740740741,70.83915343915343,62.96296296296296,216
20,0.3,2.0,0.3,1.5,5,3,True,0.7707870370370371,0.375,0.5678703703703705,0.8045,-24.93,29.76,-2.162824074074074,-26.54,853,3.949074074074074,68.81970443349753,62.96296296296296,216
20,0.5,2.0,0.0,2.0,3,3,True,0.7707870370370371,0.74,0.4885694444444444,0.5605,-74.58,28.67,-4.143101851851852,-76.59,894,4.138888888888889,63.04545454545455,58.79629629629629,216
10,0.3,1.0,-0.3,2.0,5,7,True,0.7700925925925927,0.405,0.3689398148148148,0.6295,-11.53,12.1,-1.8608333333333333,-13.58,714,3.3055555555555554,66.32513368983957,59.72222222222222,216
15,0.3,2.0,-0.3,2.5,3,3,True,0.7696296296296297,0.93,0.5303009259259258,0.7275,-54.91,17.91,-3.586342592592593,-56.32,1092,5.055555555555555,60.46650246305419,62.03703703703704,216
10,0.5,1.5,0.3,2.0,3,3,True,0.769398148148148,0.535,0.583375,0.9704999999999999,-20.55,16.48,-2.0760185185185183,-22.61,747,3.4583333333333335,68.453,64.81481481481481,216
10,0.75,1.5,0.0,2.0,5,5,True,0.7690277777777779,0.0,0.464412037037037,0.0,-11.53,12.1,-1.0573611111111112,-13.58,231,1.0694444444444444,84.16833333333334,45.370370370370374,216
15,0.75,1.5,0.0,2.5,5,7,True,0.7683796296296298,0.20500000000000002,0.4737962962962963,0.1375,-21.88,31.72,-2.7239351851851854,-23.75,325,1.5046296296296295,80.04927536231884,50.92592592592593,216
15,0.75,2.0,0.3,2.5,3,5,True,0.7683796296296296,1.05,0.5525740740740741,0.791,-72.71,29.0,-3.846944444444444,-72.71,555,2.5694444444444446,72.51978021978022,62.03703703703704,216
10,0.3,1.0,0.3,1.5,5,5,True,0.7681944444444445,0.28,0.41408333333333336,0.797,-6.58,12.1,-1.2305555555555556,-10.18,723,3.3472222222222223,67.07575757575758,60.18518518518518,216
10,0.3,1.0,-0.3,2.5,2,3,True,0.7676851851851851,1.6749999999999998,0.5134861111111112,0.634,-33.78,18.8,-5.944212962962962,-58.34,1821,8.430555555555555,56.11064814814816,60.18518518518518,216
10,0.5,2.0,0.3,1.5,5,7,True,0.7666203703703703,0.21000000000000002,0.5045231481481481,0.798,-8.72,9.48,-0.8514351851851851,-9.88,418,1.9351851851851851,75.99294117647058,59.25925925925925,216
15,0.75,2.0,-0.3,2.0,2,3,True,0.7658796296296296,1.25,0.5123796296296297,0.45599999999999996,-48.47,30.78,-5.814444444444444,-61.22,779,3.6064814814814814,61.93582089552238,54.166666666666664,216
15,0.75,2.0,0.0,2.5,2,3,True,0.7653240740740741,1.2650000000000001,0.5570185185185186,0.477,-48.47,29.38,-5.8116666666666665,-61.22,779,3.6064814814814814,64.53134328358209,56.481481481481474,216
15,0.75,2.0,0.3,2.5,5,7,True,0.7652777777777778,0.39,0.518537037037037,0.46499999999999997,-21.64,27.78,-2.251481481481482,-23.51,310,1.4351851851851851,82.54718309859156,51.85185185185185,216
10,0.3,1.5,-0.3,2.0,5,7,True,0.7644444444444445,0.315,0.5306944444444445,0.8634999999999999,-11.53,12.1,-1.4398148148148149,-13.58,618,2.861111111111111,70.50967741935483,61.111111111111114,216
10,0.5,2.0,-0.3,2.0,3,7,True,0.7642592592592592,1.085,0.6473287037037037,1.044,-51.5,27.32,-3.0862037037037036,-52.29,692,3.2037037037037037,69.92741116751269,68.05555555555556,216
20,0.5,2.0,-0.3,2.5,5,3,True,0.7637037037037037,0.12,0.4209675925925926,0.254,-24.72,30.59,-2.444537037037037,-26.54,610,2.824074074074074,65.07837837837837,52.77777777777778,216
20,0.75,2.0,0.3,1.5,3,3,True,0.7629629629629631,0.78,0.4587314814814815,0.47,-48.2,24.66,-3.798240740740741,-55.26,666,3.0833333333333335,64.79606741573033,56.018518518518526,216
15,0.75,2.0,0.0,2.5,3,5,True,0.7620833333333334,1.21,0.5122314814814815,0.6785000000000001,-72.71,29.0,-4.110277777777777,-72.71,547,2.5324074074074074,70.66742857142857,61.111111111111114,216
10,0.5,2.0,0.0,1.5,5,5,True,0.7619444444444444,0.195,0.4994953703703704,0.844,-11.53,9.63,-0.9804629629629631,-13.58,418,1.9351851851851851,74.61377245508982,57.407407407407405,216
15,0.3,2.0,0.3,2.5,5,7,True,0.7608333333333333,0.37,0.6014583333333334,0.829,-18.45,27.32,-1.9444444444444444,-21.43,660,3.0555555555555554,74.09450000000001,63.42592592592593,216
10,0.3,2.0,0.3,1.5,5,5,True,0.7607407407407407,0.18,0.5796342592592593,0.869,-6.58,9.63,-0.8821296296296297,-10.18,615,2.8472222222222223,72.5071794871795,63.42592592592593,216
10,0.75,1.0,0.0,1.5,5,7,True,0.7605555555555554,0.0,0.35498611111111117,0.0,-11.53,12.1,-1.3154629629629628,-13.58,327,1.5138888888888888,73.99242424242425,48.61111111111111,216
15,0.75,2.0,-0.3,2.0,3,3,True,0.7605555555555554,1.1,0.5252685185185185,0.8340000000000001,-72.71,19.58,-3.6185185185185187,-72.71,601,2.7824074074074074,66.57670454545455,62.96296296296296,216
10,0.75,1.5,0.3,2.5,5,7,True,0.7597685185185185,0.2,0.5806203703703704,0.20950000000000002,-17.73,12.1,-0.9900462962962964,-17.73,231,1.0694444444444444,87.03809523809524,50.46296296296296,216
10,0.5,1.0,0.0,1.5,5,7,True,0.7596759259259259,0.265,0.34613888888888894,0.5215000000000001,-11.53,12.1,-1.4111574074074074,-13.58,526,2.435185185185185,66.72716763005779,56.018518518518526,216
10,0.3,2.0,0.0,2.0,5,7,True,0.758888888888889,0.28,0.5965046296296296,0.988,-11.53,10.36,-1.1777777777777778,-13.58,611,2.8287037037037037,75.03692307692307,63.888888888888886,216
10,0.75,2.0,-0.3,2.0,5,5,True,0.7588425925925926,0.0,0.4471527777777778,0.0,-11.53,9.82,-1.0828240740740742,-13.58,219,1.0138888888888888,84.44070796460176,42.592592592592595,216
10,0.75,1.0,0.3,2.5,5,7,True,0.7575925925925925,0.4,0.5158611111111111,0.4485,-17.73,12.1,-1.4497222222222221,-17.73,329,1.5231481481481481,78.92945205479452,54.166666666666664,216
10,0.75,1.5,0.3,1.5,5,3,True,0.7572222222222222,0.0,0.5631666666666666,0.0,-8.72,9.81,-0.7337037037037036,-9.8,234,1.0833333333333333,83.25439999999999,49.53703703703704,216
10,0.5,2.0,-0.3,2.0,5,5,True,0.7559259259259259,0.195,0.48692129629629627,0.5575,-11.53,9.82,-1.2024074074074076,-13.58,418,1.9351851851851851,73.53006134969326,56.94444444444444,216
20,0.5,2.0,-0.3,2.5,3,3,True,0.7558333333333332,0.45,0.45364814814814813,0.477,-74.58,28.16,-4.233842592592593,-76.59,890,4.12037037037037,61.55454545454545,58.333333333333336,216
10,0.5,1.5,0.3,1.5,3,5,True,0.7557870370370371,0.8,0.6578935185185186,1.0505,-20.55,16.04,-2.207037037037037,-22.61,725,3.3564814814814814,70.47881773399016,66.66666666666666,216
10,0.75,1.0,0.3,1.5,5,3,True,0.7555092592592593,0.425,0.5298472222222222,0.716,-8.72,9.81,-0.9918981481481481,-9.8,332,1.537037037037037,76.9274647887324,55.092592592592595,216
10,0.75,1.5,0.0,2.5,2,7,True,0.7551851851851852,1.02,0.5319074074074074,0.5575000000000001,-31.47,26.14,-5.445972222222222,-56.07,706,3.2685185185185186,68.22102564102565,58.79629629629629,216
10,0.3,2.0,0.3,1.5,5,7,True,0.7548611111111112,0.18,0.5787962962962964,0.8405,-6.58,9.63,-0.9037962962962963,-10.18,613,2.837962962962963,72.44336734693877,63.42592592592593,216
10,0.5,1.0,-0.3,2.0,5,7,True,0.7545370370370369,0.28500000000000003,0.3043518518518519,0.434,-11.53,14.17,-1.8914351851851852,-13.58,524,2.425925925925926,66.15722891566266,55.55555555555556,216
20,0.3,1.5,0.0,2.5,3,3,True,0.7542592592592593,0.835,0.43387962962962967,0.4945,-74.58,28.67,-4.3969907407407405,-76.59,1189,5.50462962962963,61.67725118483413,58.333333333333336,216
10,0.75,1.0,-0.3,2.5,5,7,True,0.7540277777777776,0.095,0.4168472222222222,0.0805,-17.73,14.17,-1.89875,-17.73,327,1.5138888888888888,74.56102941176471,50.0,216
10,0.5,1.5,-0.3,2.5,5,5,True,0.7526388888888889,0.275,0.5210925925925927,0.619,-17.73,12.1,-1.3475925925925927,-17.73,427,1.9768518518518519,73.80783132530121,58.79629629629629,216
10,0.5,1.5,0.3,2.5,3,3,True,0.752361111111111,0.52,0.5738472222222222,0.903,-20.55,16.48,-2.1015740740740743,-22.61,747,3.4583333333333335,68.553,64.81481481481481,216
10,0.75,1.5,-0.3,2.5,5,5,True,0.7519907407407408,0.0,0.48193518518518524,0.0,-17.73,12.1,-1.223425925925926,-17.73,231,1.0694444444444444,84.11880341880344,45.370370370370374,216
20,0.5,1.5,0.0,2.5,5,3,True,0.7507870370370371,0.445,0.473087962962963,0.519,-24.72,30.59,-2.4193518518518515,-26.54,630,2.9166666666666665,66.96473684210528,57.870370370370374,216
10,0.3,1.5,0.0,2.5,5,5,True,0.7502314814814816,0.35,0.641625,1.053,-17.6,12.1,-1.2751388888888888,-17.6,622,2.8796296296296298,75.18153846153847,64.81481481481481,216
10,0.75,1.0,0.0,2.5,5,7,True,0.7498611111111112,0.22,0.4345277777777778,0.2585,-17.73,12.1,-1.671435185185185,-17.73,329,1.5231481481481481,77.22042253521126,51.388888888888886,216
10,0.75,1.5,0.3,1.5,3,5,True,0.7498148148148148,0.91,0.688773148148148,0.946,-22.52,15.91,-2.1347685185185186,-22.61,412,1.9074074074074074,76.62046783625732,60.64814814814815,216
10,0.5,1.5,-0.3,2.0,5,7,True,0.7488888888888888,0.20500000000000002,0.4401712962962963,0.45999999999999996,-11.53,12.1,-1.4268981481481484,-13.58,428,1.9814814814814814,72.03827160493827,55.55555555555556,216
15,0.3,1.5,-0.3,1.5,5,7,True,0.7465277777777778,0.125,0.39252777777777786,0.27,-23.19,31.1,-2.248194444444444,-23.19,667,3.087962962962963,61.29838709677419,53.24074074074075,216
10,0.3,1.5,-0.3,1.5,5,7,True,0.7464814814814815,0.29,0.5393981481481481,1.067,-11.53,12.1,-1.3552777777777778,-13.58,620,2.8703703703703702,67.13548387096775,60.18518518518518,216
10,0.75,2.0,-0.3,1.5,5,7,True,0.7448611111111112,0.0,0.42720833333333336,0.0,-11.53,9.81,-1.1222222222222222,-13.58,217,1.0046296296296295,81.17314814814816,41.2037037037037,216
10,0.3,2.0,-0.3,1.5,5,5,True,0.744675925925926,0.25,0.5355462962962962,0.8745,-11.53,9.63,-1.1634722222222222,-13.58,612,2.8333333333333335,67.83494623655913,58.79629629629629,216
10,0.75,1.5,0.0,2.5,3,3,True,0.7445833333333334,0.32,0.558675925925926,0.59,-22.52,16.15,-2.1593055555555556,-22.61,418,1.9351851851851851,73.15962732919255,56.018518518518526,216
10,0.3,2.0,0.0,2.0,5,5,True,0.744537037037037,0.28500000000000003,0.6044444444444445,1.0,-11.53,10.36,-1.1458796296296296,-13.58,613,2.837962962962963,74.64461538461539,64.35185185185185,216
15,0.3,1.5,0.0,2.0,5,7,True,0.7441666666666668,0.37,0.5021944444444445,0.7184999999999999,-19.67,31.26,-2.252175925925926,-21.43,669,3.0972222222222223,69.03958333333333,59.25925925925925,216
20,0.5,2.0,0.0,2.5,3,3,True,0.7432407407407408,0.655,0.4830509259259259,0.5765,-74.58,28.67,-4.174444444444445,-76.59,892,4.12962962962963,63.280808080808086,58.79629629629629,216
20,0.5,1.5,0.3,2.5,3,3,True,0.7431018518518518,1.13,0.49188425925925927,0.6405000000000001,-75.18,28.32,-4.276296296296296,-76.59,959,4.439814814814815,64.82058823529412,60.18518518518518,216
10,0.3,2.0,0.0,2.0,3,3,True,0.7414351851851853,0.56,0.5934629629629629,0.8594999999999999,-19.98,16.3,-2.209212962962963,-22.04,1003,4.643518518518518,63.33636363636364,62.96296296296296,216
10,0.5,2.0,0.0,2.0,3,7,True,0.7411574074074073,0.89,0.7151018518518518,1.187,-51.5,29.13,-2.8106944444444446,-52.29,699,3.236111111111111,73.47960199004974,67.5925925925926,216
10,0.75,2.0,0.0,1.5,5,5,True,0.740462962962963,0.0,0.4485833333333333,0.0,-11.53,9.81,-0.898425925925926,-13.58,219,1.0138888888888888,82.89561403508772,43.51851851851852,216
10,0.75,1.5,0.0,2.5,5,7,True,0.7401388888888888,0.0,0.5115787037037037,0.0,-17.73,12.1,-1.1665740740740742,-17.73,231,1.0694444444444444,85.79344262295082,47.68518518518518,216
10,0.5,1.0,-0.3,1.5,5,7,True,0.7397222222222221,0.255,0.2820092592592593,0.3645,-11.53,15.88,-1.6687037037037038,-13.58,524,2.425925925925926,61.98641975308642,54.166666666666664,216
10,0.3,2.0,0.0,1.5,5,7,True,0.7388425925925924,0.24,0.5778796296296297,0.8835,-11.53,9.63,-1.1074537037037038,-13.58,613,2.837962962962963,72.40979381443299,62.5,216
10,0.5,1.0,0.0,2.5,5,7,True,0.737638888888889,0.37,0.4420138888888889,0.6645,-17.73,12.1,-1.765601851851852,-17.73,525,2.4305555555555554,71.82011173184357,59.72222222222222,216
15,0.5,1.5,0.0,1.5,3,3,True,0.7367592592592592,1.01,0.4875601851851851,0.755,-34.18,18.9,-3.3089814814814815,-35.59,895,4.143518518518518,59.02929292929293,64.81481481481481,216
10,0.3,2.0,0.3,2.0,3,3,True,0.7364351851851851,0.665,0.5780879629629629,0.798,-19.98,16.3,-2.0780555555555558,-22.04,1006,4.657407407407407,65.47368421052632,63.888888888888886,216
20,0.75,2.0,0.3,2.0,3,3,True,0.7364351851851851,0.81,0.5085879629629629,0.5295,-68.93,28.11,-4.021435185185186,-75.99,640,2.962962962962963,65.73425414364641,57.407407407407405,216
10,0.3,1.0,0.3,2.5,5,5,True,0.7355555555555555,0.375,0.4964722222222222,0.9495,-17.6,12.1,-1.4619444444444443,-17.6,720,3.3333333333333335,70.1575,63.42592592592593,216
20,0.5,2.0,0.3,2.5,5,3,True,0.7353703703703703,0.41500000000000004,0.5201388888888888,0.6395,-24.72,30.59,-2.2604166666666665,-26.54,612,2.8333333333333335,70.25873015873016,59.72222222222222,216
10,0.3,1.5,0.3,1.5,5,3,True,0.7343981481481481,0.295,0.6364166666666667,1.1085,-9.11,9.63,-0.8855092592592592,-10.18,641,2.9675925925925926,71.62164948453608,66.66666666666666,216
10,0.3,1.5,-0.3,2.5,2,7,True,0.7337037037037037,1.1150000000000002,0.4854305555555556,0.551,-31.16,26.5,-5.900648148148148,-55.62,1187,5.49537037037037,64.18744186046513,59.25925925925925,216
10,0.5,2.0,0.3,1.5,3,5,True,0.733564814814815,0.795,0.6378333333333333,0.975,-20.55,16.04,-2.200740740740741,-22.61,716,3.314814814814815,71.096,66.20370370370371,216
20,0.5,2.0,0.0,1.5,5,3,True,0.7335185185185183,0.12,0.3882222222222222,0.36,-24.72,30.59,-2.2153703703703704,-26.54,626,2.8981481481481484,65.07527472527472,53.70370370370371,216
10,0.5,1.0,0.0,1.5,5,5,True,0.7326851851851851,0.26,0.33211574074074074,0.585,-11.53,12.1,-1.3660648148148147,-13.58,526,2.435185185185185,66.3907514450867,55.55555555555556,216
10,0.3,1.0,0.3,1.5,5,3,True,0.7324537037037038,0.395,0.5326851851851852,0.9644999999999999,-9.11,9.63,-1.1293518518518517,-10.18,739,3.4212962962962963,67.92448979591838,63.42592592592593,216
10,0.3,1.0,-0.3,2.5,5,7,True,0.7323611111111111,0.405,0.42408333333333337,0.66,-17.6,12.1,-1.9870370370370372,-17.6,713,3.300925925925926,67.28191489361703,59.72222222222222,216
10,0.3,1.5,0.0,2.5,2,7,True,0.7323148148148149,1.01,0.5693935185185185,0.637,-31.16,26.14,-5.590138888888888,-55.62,1199,5.550925925925926,68.89583333333333,60.64814814814815,216
10,0.3,1.0,-0.3,2.5,5,5,True,0.7322222222222221,0.29000000000000004,0.42368981481481477,0.629,-17.6,12.1,-1.7566203703703704,-17.6,717,3.3194444444444446,65.69896373056994,59.25925925925925,216
10,0.5,1.5,-0.3,2.5,2,7,True,0.730787037037037,1.22,0.48334722222222226,0.5985,-31.16,26.5,-5.850787037037037,-55.62,994,4.601851851851852,62.6696682464455,59.72222222222222,216
15,0.3,1.5,-0.3,2.5,5,7,True,0.7306018518518519,0.35,0.45356018518518515,0.4135,-19.67,31.1,-2.484814814814815,-21.54,649,3.0046296296296298,66.03246073298429,56.94444444444444,216
10,0.75,1.0,0.3,2.0,5,5,True,0.7304166666666667,0.35,0.42180555555555554,0.374,-9.78,12.1,-1.3018055555555554,-9.8,327,1.5138888888888888,77.2657142857143,53.70370370370371,216
15,0.3,2.0,-0.3,2.5,5,7,True,0.7303240740740741,0.31000000000000005,0.47560185185185183,0.4135,-19.67,31.1,-2.3866666666666667,-21.54,633,2.9305555555555554,66.86263157894737,57.870370370370374,216
10,0.3,1.0,0.3,2.0,5,3,True,0.7298611111111112,0.395,0.5251574074074075,1.024,-9.11,9.4,-1.153425925925926,-9.11,737,3.412037037037037,68.74948979591838,63.42592592592593,216
10,0.75,1.5,-0.3,2.0,2,7,True,0.7298611111111112,1.0350000000000001,0.4167638888888889,0.4975,-31.47,26.5,-5.62375,-56.07,708,3.2777777777777777,63.698930481283426,58.79629629629629,216
20,0.3,2.0,0.0,1.5,5,3,True,0.7295833333333334,0.24,0.4439166666666666,0.5295000000000001,-24.79,29.76,-2.289166666666667,-26.54,851,3.939814814814815,65.28140703517587,57.870370370370374,216
10,0.3,2.0,0.0,2.5,3,3,True,0.7294907407407407,0.56,0.589162037037037,0.7415,-19.98,16.3,-2.2283796296296297,-22.04,1003,4.643518518518518,63.62344497607656,62.5,216
15,0.3,1.5,0.0,1.5,3,3,True,0.7294444444444445,1.03,0.49637962962962967,0.7525,-34.18,19.12,-3.393240740740741,-35.59,1137,5.263888888888889,60.398039215686275,63.42592592592593,216
10,0.75,2.0,0.3,1.5,3,5,True,0.7275925925925926,0.89,0.6756712962962963,0.9299999999999999,-22.52,15.91,-2.1243981481481478,-22.61,403,1.8657407407407407,77.5422619047619,60.18518518518518,216
10,0.5,1.5,0.0,2.5,5,7,True,0.7274999999999999,0.30000000000000004,0.559962962962963,0.844,-17.73,12.1,-1.2863425925925926,-17.73,427,1.9768518518518519,78.0179190751445,62.03703703703704,216
10,0.75,2.0,0.0,2.0,3,7,True,0.727361111111111,0.875,0.7045740740740741,0.9524999999999999,-51.5,28.8,-2.8196296296296293,-52.29,403,1.8657407407407407,81.55058823529411,60.64814814814815,216
15,0.3,2.0,-0.3,1.5,5,7,True,0.7268055555555555,0.19,0.41622222222222227,0.306,-23.19,31.1,-2.195,-23.19,651,3.013888888888889,62.38648648648649,55.092592592592595,216
10,0.75,2.0,0.3,2.0,5,7,True,0.7265277777777778,0.0,0.5219722222222223,0.0,-8.72,9.81,-0.8742592592592593,-9.8,219,1.0138888888888888,86.8860655737705,47.22222222222222,216
15,0.75,2.0,0.0,2.5,5,7,True,0.7256018518518519,0.2,0.4735879629629629,0.108,-21.88,31.72,-2.6753240740740742,-23.75,309,1.4305555555555556,80.47037037037038,50.46296296296296,216
10,0.75,2.0,0.0,2.5,3,7,True,0.7251851851851852,1.01,0.7182361111111111,0.9775,-51.5,28.8,-2.8775925925925927,-52.29,403,1.8657407407407407,82.4093567251462,62.03703703703704,216
10,0.3,2.0,0.3,2.5,3,3,True,0.7245833333333332,0.67,0.5752407407407407,0.6225,-19.98,16.3,-2.0974537037037035,-22.04,1006,4.657407407407407,65.74497607655503,63.42592592592593,216
10,0.5,1.5,0.3,1.5,3,7,True,0.7243055555555556,0.86,0.6384027777777777,1.0505,-20.55,16.43,-2.325648148148148,-22.61,725,3.3564814814814814,71.38829268292683,67.12962962962963,216
10,0.75,1.5,0.3,1.5,3,7,True,0.7233796296296297,0.975,0.6823657407407407,0.938,-22.52,16.1,-2.24962962962963,-22.61,412,1.9074074074074074,78.37456647398844,62.03703703703704,216
10,0.75,1.5,0.3,2.5,5,5,True,0.7233796296296297,0.0,0.5601527777777777,0.0,-17.73,12.1,-0.9888425925925927,-17.73,231,1.0694444444444444,86.00160000000001,49.53703703703704,216
10,0.5,1.5,0.3,2.0,5,3,True,0.722824074074074,0.27,0.5485046296296296,0.9119999999999999,-8.72,9.25,-0.8793055555555556,-10.69,439,2.0324074074074074,75.27836257309941,61.111111111111114,216
15,0.75,2.0,-0.3,2.5,3,3,True,0.7213425925925926,1.1,0.529550925925926,0.825,-72.71,19.58,-3.6550925925925926,-72.71,599,2.7731481481481484,67.07840909090909,62.96296296296296,216
20,0.3,2.0,-0.3,1.5,3,3,True,0.7207870370370371,0.29000000000000004,0.43268518518518523,0.33799999999999997,-53.85,25.5,-4.01625,-55.86,1158,5.361111111111111,58.95072463768116,56.018518518518526,216
10,0.5,1.5,0.3,2.5,5,7,True,0.7205092592592592,0.305,0.5735324074074074,0.8300000000000001,-17.73,12.1,-1.1219444444444444,-17.73,427,1.9768518518518519,78.536,63.888888888888886,216
10,0.5,1.0,0.3,2.0,5,5,True,0.7203703703703703,0.355,0.36396759259259254,0.793,-10.23,12.1,-1.3912037037037037,-10.69,526,2.435185185185185,70.43314285714285,59.72222222222222,216
10,0.3,1.0,0.0,2.5,2,3,True,0.7202777777777778,1.795,0.551787037037037,0.7995000000000001,-33.78,18.8,-5.730185185185185,-58.34,1827,8.458333333333334,59.06805555555556,61.111111111111114,216
10,0.5,1.0,0.3,2.5,5,7,True,0.7185185185185184,0.35,0.4723101851851852,0.787,-17.73,12.1,-1.5572685185185184,-17.73,525,2.4305555555555554,72.59226519337017,61.111111111111114,216
10,0.3,2.0,0.0,1.5,5,5,True,0.7184722222222222,0.245,0.5687777777777777,0.886,-11.53,9.63,-1.087037037037037,-13.58,615,2.8472222222222223,72.2839378238342,61.57407407407407,216
10,0.3,1.0,0.0,1.5,5,7,True,0.7181944444444445,0.2,0.39671296296296304,0.7845,-11.53,12.1,-1.48875,-13.58,721,3.337962962962963,66.9826530612245,57.407407407407405,216
15,0.5,1.5,0.3,1.5,3,3,True,0.717037037037037,0.96,0.5628703703703704,0.7905,-34.18,19.81,-3.1483796296296296,-35.59,897,4.152777777777778,62.15422885572139,65.27777777777779,216
10,0.5,1.5,0.3,2.5,5,5,True,0.7166666666666666,0.33,0.5614722222222223,0.8300000000000001,-17.73,12.1,-1.0891666666666666,-17.73,427,1.9768518518518519,77.99884393063583,62.96296296296296,216
20,0.3,2.0,0.0,1.5,3,3,True,0.7165277777777777,0.46499999999999997,0.45889351851851856,0.471,-53.85,25.22,-3.9518055555555556,-55.86,1160,5.37037037037037,61.00622009569378,57.870370370370374,216
10,0.3,1.0,0.0,2.0,5,5,True,0.7155555555555556,0.32,0.39709259259259255,0.844,-11.53,12.1,-1.5636574074074074,-13.58,721,3.337962962962963,68.93604060913707,60.64814814814815,216
10,0.3,1.5,0.0,1.5,3,3,True,0.7152777777777778,0.6,0.6141666666666666,0.985,-19.98,16.3,-2.193055555555556,-22.04,1016,4.703703703703703,61.90576923076924,64.35185185185185,216
20,0.75,2.0,0.3,2.5,3,3,True,0.7136111111111111,0.81,0.5010833333333333,0.5295,-68.93,28.11,-4.048333333333334,-75.99,640,2.962962962962963,65.73425414364641,57.407407407407405,216
10,0.5,1.0,-0.3,2.5,5,5,True,0.7132870370370369,0.22,0.3669537037037037,0.4215,-17.73,14.17,-1.7806944444444446,-17.73,525,2.4305555555555554,66.20809248554913,56.94444444444444,216
10,0.75,2.0,0.3,2.0,5,5,True,0.713101851851852,0.0,0.5138472222222222,0.0,-8.72,9.81,-0.8673148148148149,-9.8,219,1.0138888888888888,86.36446280991736,46.75925925925926,216
10,0.75,1.0,-0.3,2.5,5,5,True,0.7123148148148147,0.0,0.37717129629629625,0.0,-17.73,14.17,-1.669861111111111,-17.73,329,1.5231481481481481,73.45882352941176,49.074074074074076,216
10,0.75,1.5,0.3,2.0,5,3,True,0.7116203703703703,0.0,0.5499166666666666,0.0,-8.72,9.81,-0.7983796296296296,-9.8,234,1.0833333333333333,83.6544,48.61111111111111,216
10,0.75,1.0,0.0,1.5,5,5,True,0.7108796296296297,0.0,0.3328842592592593,0.0,-11.53,12.1,-1.291435185185185,-13.58,327,1.5138888888888888,73.15725190839694,48.61111111111111,216
10,0.75,2.0,0.3,2.0,3,3,True,0.7101388888888889,0.685,0.6076759259259258,1.0725,-22.52,16.15,-1.9810648148148147,-22.61,409,1.8935185185185186,76.49254658385094,56.94444444444444,216
10,0.5,2.0,0.0,2.0,5,7,True,0.7089351851851852,0.23,0.5103935185185186,0.7424999999999999,-11.53,9.82,-1.1531018518518519,-13.58,418,1.9351851851851851,77.37076023391813,59.72222222222222,216
10,0.5,2.0,0.3,1.5,3,7,True,0.7089351851851852,0.8,0.6221157407407408,0.9704999999999999,-20.55,16.43,-2.314675925925926,-22.61,716,3.314814814814815,72.0039603960396,66.66666666666666,216
20,0.3,1.5,0.3,2.0,3,3,True,0.7085185185185187,0.91,0.4870879629629629,0.6505,-75.18,28.32,-4.256111111111111,-76.59,1200,5.555555555555555,64.50377358490566,60.18518518518518,216
10,0.75,2.0,0.3,1.5,3,7,True,0.7080092592592593,0.94,0.6732083333333334,0.9,-22.52,16.1,-2.234583333333333,-22.61,403,1.8657407407407407,79.29647058823531,61.57407407407407,216
10,0.5,2.0,-0.3,1.5,5,7,True,0.7055555555555555,0.14500000000000002,0.42241203703703706,0.44699999999999995,-11.53,9.63,-1.2516203703703705,-13.58,416,1.9259259259259258,70.12948717948719,54.166666666666664,216
15,0.75,2.0,0.0,2.0,2,3,True,0.7048611111111112,1.25,0.5178009259259259,0.473,-48.47,29.38,-5.752314814814815,-61.22,779,3.6064814814814814,62.96417910447761,54.629629629629626,216
10,0.5,1.5,0.0,2.5,2,7,True,0.7042592592592593,1.145,0.557412037037037,0.6185,-31.16,26.14,-5.5522685185185185,-55.62,1000,4.62962962962963,67.27169811320756,61.111111111111114,216
10,0.5,2.0,0.3,2.0,5,5,True,0.7028240740740741,0.245,0.5128379629629629,0.797,-8.72,9.25,-0.963287037037037,-10.69,418,1.9351851851851851,77.6438596491228,61.111111111111114,216
10,0.5,2.0,0.0,2.0,3,3,True,0.7021296296296297,0.51,0.5425462962962962,0.894,-20.55,16.48,-2.1616666666666666,-22.61,734,3.3981481481481484,65.77076923076923,61.57407407407407,216
15,0.3,2.0,0.0,2.0,5,7,True,0.7013888888888887,0.29000000000000004,0.5116574074074074,0.6930000000000001,-19.67,31.26,-2.1921296296296298,-21.43,653,3.0231481481481484,69.54083769633509,60.18518518518518,216
10,0.75,2.0,0.0,2.0,5,7,True,0.7011574074074074,0.0,0.4472777777777778,0.0,-11.53,9.82,-1.0437500000000002,-13.58,219,1.0138888888888888,85.04358974358975,43.51851851851852,216
15,0.3,1.5,0.3,1.5,3,3,True,0.7000925925925926,1.03,0.5413287037037038,0.7565,-34.18,20.02,-3.2397685185185185,-35.59,1143,5.291666666666667,63.28878048780488,64.81481481481481,216
10,0.3,1.5,0.3,1.5,3,3,True,0.6981944444444445,0.67,0.5961527777777778,0.886,-19.98,16.3,-2.0608796296296297,-22.04,1019,4.717592592592593,64.24951923076924,63.42592592592593,216
10,0.75,2.0,0.0,2.0,3,3,True,0.6979629629629629,0.275,0.540962962962963,0.633,-22.52,16.15,-2.107314814814815,-22.61,409,1.8935185185185186,73.0386075949367,54.629629629629626,216
10,0.3,2.0,0.3,2.5,5,5,True,0.697824074074074,0.27,0.6566203703703702,1.0205,-17.6,9.57,-1.0373148148148148,-17.6,610,2.824074074074074,75.39086294416244,67.5925925925926,216
15,0.75,1.5,0.0,1.5,3,3,True,0.6965277777777777,1.065,0.4920879629629629,0.772,-51.98,19.58,-3.4172685185185183,-51.98,632,2.925925925925926,62.32802197802198,61.57407407407407,216
10,0.5,1.0,-0.3,2.5,2,3,True,0.696388888888889,1.655,0.4852870370370371,0.6445000000000001,-33.78,18.8,-5.943472222222222,-58.34,1545,7.152777777777778,53.85813953488372,60.64814814814815,216
10,0.75,2.0,0.3,2.5,3,3,True,0.695925925925926,0.685,0.59975,1.0725,-22.52,16.15,-2.0006944444444446,-22.61,409,1.8935185185185186,76.64782608695653,57.407407407407405,216
10,0.5,1.0,-0.3,2.5,5,7,True,0.6955555555555555,0.28,0.36096759259259265,0.4275,-17.73,14.17,-2.0253703703703705,-17.73,523,2.4212962962962963,66.78705882352942,56.481481481481474,216
10,0.5,1.5,0.0,1.5,3,3,True,0.695324074074074,0.52,0.5657037037037037,0.9934999999999999,-20.55,16.48,-2.1443981481481478,-22.61,747,3.4583333333333335,63.727411167512685,62.03703703703704,216
10,0.5,1.5,0.0,2.5,5,5,True,0.6952777777777778,0.29500000000000004,0.5393379629629629,0.902,-17.73,12.1,-1.2542129629629628,-17.73,427,1.9768518518518519,77.15672514619882,60.64814814814815,216
10,0.5,2.0,0.3,2.0,5,7,True,0.6937037037037037,0.225,0.5139166666666667,0.7955000000000001,-8.72,9.25,-0.9957407407407407,-10.69,418,1.9351851851851851,77.90231213872832,61.57407407407407,216
10,0.3,2.0,0.0,1.5,3,3,True,0.6930555555555556,0.56,0.592212962962963,0.894,-19.98,16.3,-2.1865740740740742,-22.04,1007,4.662037037037037,62.10048309178744,63.888888888888886,216
10,0.3,2.0,0.3,2.5,5,7,True,0.6925462962962962,0.265,0.6439953703703702,1.028,-17.6,9.89,-1.0705555555555557,-17.6,608,2.814814814814815,75.34010152284264,67.12962962962963,216
10,0.75,1.5,-0.3,2.5,5,7,True,0.6916666666666667,0.0,0.4650231481481481,0.0,-17.73,12.1,-1.3905092592592594,-17.73,229,1.0601851851851851,83.04655172413794,44.44444444444444,216
20,0.5,2.0,0.0,2.5,5,3,True,0.6913425925925926,0.235,0.4237314814814815,0.455,-24.72,30.59,-2.3784722222222223,-26.54,612,2.8333333333333335,66.91666666666667,55.55555555555556,216
20,0.3,1.5,0.3,2.5,3,3,True,0.6897222222222223,0.91,0.47728240740740735,0.627,-75.18,28.32,-4.281064814814815,-76.59,1198,5.546296296296297,64.71132075471698,60.64814814814815,216
10,0.3,1.0,0.0,1.5,5,5,True,0.6889351851851852,0.2,0.3806759259259259,0.792,-11.53,12.1,-1.4418055555555553,-13.58,723,3.3472222222222223,66.52806122448979,56.94444444444444,216
15,0.5,2.0,0.0,1.5,3,3,True,0.6886111111111112,1.01,0.47075925925925916,0.731,-34.18,18.9,-3.291157407407408,-35.59,877,4.060185185185185,59.795918367346935,63.888888888888886,216
10,0.5,2.0,0.0,2.0,5,5,True,0.6884722222222222,0.225,0.4981620370370371,0.8365,-11.53,9.82,-1.1212962962962962,-13.58,418,1.9351851851851851,76.78757396449703,58.79629629629629,216
10,0.5,1.5,-0.3,1.5,5,3,True,0.6881481481481481,0.245,0.5125601851851852,0.874,-11.53,9.63,-1.0167592592592594,-13.58,439,2.0324074074074074,70.97791411042945,57.870370370370374,216
10,0.75,1.0,-0.3,2.5,2,3,True,0.6879629629629629,1.415,0.49180092592592595,0.6605000000000001,-34.24,18.9,-5.846666666666668,-58.79,1209,5.597222222222222,54.74230769230769,60.64814814814815,216
15,0.75,1.5,0.3,1.5,3,3,True,0.6879166666666667,1.08,0.5451018518518518,0.791,-51.98,19.58,-3.266481481481481,-51.98,632,2.925925925925926,64.75027027027026,62.96296296296296,216
10,0.3,1.5,-0.3,2.0,2,7,True,0.6860185185185186,1.03,0.4512824074074074,0.537,-31.16,26.5,-5.75087962962963,-55.62,1195,5.532407407407407,62.98744186046511,57.870370370370374,216
10,0.5,2.0,0.0,2.5,3,3,True,0.6850925925925926,0.49,0.5319444444444444,0.8534999999999999,-20.55,16.48,-2.186851851851852,-22.61,734,3.3981481481481484,65.87333333333333,61.57407407407407,216
20,0.3,2.0,-0.3,2.0,3,3,True,0.6818518518518517,0.44499999999999995,0.47515277777777776,0.4185,-74.58,28.16,-4.226944444444445,-76.59,1124,5.203703703703703,60.089371980676326,58.79629629629629,216
15,0.3,2.0,0.0,1.5,3,3,True,0.6812962962962964,1.03,0.4768935185185186,0.724,-34.18,19.12,-3.3763425925925925,-35.59,1119,5.180555555555555,60.782758620689656,62.5,216
10,0.5,1.0,0.3,2.0,5,3,True,0.6802314814814815,0.35,0.4364953703703704,0.8485,-8.72,9.25,-1.1663425925925925,-10.69,537,2.486111111111111,70.21542857142857,59.25925925925925,216
10,0.5,2.0,0.3,2.0,3,3,True,0.6801388888888888,0.52,0.5436388888888889,0.903,-20.55,16.48,-2.0747222222222224,-22.61,738,3.4166666666666665,68.61269035532996,63.888888888888886,216
10,0.3,2.0,-0.3,2.5,2,7,True,0.6800925925925928,1.065,0.4904074074074074,0.548,-31.16,26.5,-5.806851851851852,-55.62,1152,5.333333333333333,64.94439252336448,60.18518518518518,216
10,0.75,2.0,-0.3,2.0,2,7,True,0.6788425925925926,0.975,0.4064675925925926,0.4555,-31.47,26.5,-5.512222222222222,-56.07,675,3.125,64.35189189189191,58.333333333333336,216
15,0.3,1.5,0.0,2.5,5,7,True,0.6775462962962963,0.375,0.5213935185185185,0.6565000000000001,-19.67,31.26,-2.351388888888889,-21.54,667,3.087962962962963,70.18298969072166,59.72222222222222,216
10,0.5,2.0,-0.3,2.5,2,7,True,0.6771759259259258,1.17,0.47794444444444445,0.5985,-31.16,26.5,-5.7669444444444435,-55.62,959,4.439814814814815,63.41904761904762,60.64814814814815,216
10,0.3,2.0,0.3,1.5,3,3,True,0.6759722222222222,0.605,0.5736388888888889,0.748,-19.98,16.3,-2.0543981481481484,-22.04,1010,4.675925925925926,64.44444444444444,62.96296296296296,216
10,0.75,1.5,-0.3,1.5,5,3,True,0.6743055555555556,0.0,0.490949074074074,0.0,-11.53,9.81,-0.9228703703703702,-13.58,234,1.0833333333333333,81.76694915254237,44.907407407407405,216
10,0.3,1.0,-0.3,2.0,2,3,True,0.6737962962962963,1.585,0.48055555555555557,0.6255,-33.78,18.8,-5.858888888888889,-58.34,1825,8.449074074074074,55.71898148148148,59.72222222222222,216
10,0.5,1.5,-0.3,2.0,2,7,True,0.6733333333333333,1.16,0.44237499999999996,0.5774999999999999,-31.16,26.5,-5.705879629629629,-55.62,998,4.62037037037037,61.12761904761905,59.25925925925925,216
10,0.5,2.0,0.0,1.5,3,3,True,0.6731018518518519,0.51,0.5444814814814815,0.894,-20.55,16.48,-2.1378703703703703,-22.61,738,3.4166666666666665,64.25463917525774,61.57407407407407,216
10,0.3,2.0,0.0,2.5,5,7,True,0.6701388888888888,0.32,0.6199398148148147,1.0085,-17.6,10.36,-1.289814814814815,-17.6,608,2.814814814814815,75.84871794871795,64.81481481481481,216
10,0.3,1.5,-0.3,2.5,5,7,True,0.669675925925926,0.33499999999999996,0.5586296296296296,0.8545,-17.6,12.1,-1.5583333333333333,-17.6,615,2.8472222222222223,71.24247311827958,61.111111111111114,216
10,0.75,2.0,0.0,2.5,2,7,True,0.6691666666666668,0.975,0.5162175925925926,0.519,-31.47,26.14,-5.355555555555556,-56.07,671,3.1064814814814814,68.86632124352332,58.333333333333336,216
10,0.75,1.0,0.3,2.0,5,3,True,0.6689814814814815,0.415,0.49506944444444445,0.701,-8.72,9.81,-1.090138888888889,-9.8,332,1.537037037037037,77.16267605633803,54.166666666666664,216
15,0.5,2.0,0.3,1.5,3,3,True,0.6688888888888889,0.915,0.5464722222222222,0.779,-34.18,19.81,-3.12787037037037,-35.59,879,4.069444444444445,62.982412060301506,64.35185185185185,216
20,0.3,2.0,-0.3,2.5,3,3,True,0.6684722222222219,0.44499999999999995,0.46827314814814824,0.4185,-74.58,28.16,-4.246527777777778,-76.59,1122,5.194444444444445,60.307729468599035,59.25925925925925,216
10,0.3,1.5,0.3,2.5,5,3,True,0.6682870370370372,0.31,0.6543101851851852,1.1435,-17.6,9.57,-0.9831018518518518,-17.6,636,2.9444444444444446,72.40927835051548,66.66666666666666,216
10,0.75,1.5,0.0,2.5,5,5,True,0.6668981481481482,0.0,0.47199074074074077,0.0,-17.73,12.1,-1.1653703703703704,-17.73,231,1.0694444444444444,84.16833333333334,45.83333333333333,216
10,0.75,2.0,-0.3,2.0,5,7,True,0.6647222222222221,0.0,0.40944444444444444,0.0,-11.53,9.82,-1.2556481481481483,-13.58,217,1.0046296296296295,82.13243243243244,40.74074074074074,216
10,0.3,2.0,-0.3,2.5,5,5,True,0.6642592592592593,0.305,0.5931157407407407,0.7755000000000001,-17.6,10.36,-1.344814814814815,-17.6,607,2.810185185185185,71.23510638297873,62.03703703703704,216
10,0.75,2.0,0.0,2.0,5,5,True,0.6636574074074074,0.0,0.43160185185185185,0.0,-11.53,9.82,-1.0368055555555555,-13.58,219,1.0138888888888888,84.48362068965515,43.05555555555556,216
20,0.5,2.0,0.3,1.5,3,3,True,0.6631481481481482,0.76,0.485662037037037,0.484,-54.45,24.87,-3.8089814814814815,-55.86,922,4.268518518518518,63.958291457286435,59.25925925925925,216
10,0.5,2.0,0.3,2.5,3,3,True,0.6631018518518518,0.5,0.5341111111111111,0.819,-20.55,16.48,-2.100277777777778,-22.61,738,3.4166666666666665,68.71421319796954,63.888888888888886,216
10,0.5,2.0,0.3,1.5,5,3,True,0.66,0.20500000000000002,0.5059212962962962,0.8155,-8.72,9.48,-0.79625,-9.88,427,1.9768518518518519,74.77738095238094,60.18518518518518,216
10,0.5,1.0,0.0,2.0,5,5,True,0.6598148148148147,0.28,0.31122685185185184,0.6930000000000001,-11.53,12.1,-1.5787037037037037,-13.58,526,2.435185185185185,68.81965317919075,56.481481481481474,216
10,0.75,1.5,-0.3,2.0,3,7,True,0.6596759259259259,0.91,0.613361111111111,0.6950000000000001,-51.5,26.99,-3.2775000000000003,-52.29,412,1.9074074074074074,78.65389221556886,61.111111111111114,216
15,0.3,1.5,0.0,1.5,5,7,True,0.6591203703703704,0.21000000000000002,0.4436759259259259,0.3665,-23.19,31.26,-2.1355555555555554,-23.19,683,3.162037037037037,65.2084656084656,55.55555555555556,216
10,0.3,2.0,0.3,2.0,5,3,True,0.658425925925926,0.215,0.6106527777777778,1.0205,-9.11,9.57,-0.8672685185185185,-9.11,627,2.9027777777777777,72.64870466321244,64.81481481481481,216
10,0.5,1.0,-0.3,1.5,5,3,True,0.6565277777777778,0.265,0.38536574074074076,0.7144999999999999,-11.53,9.48,-1.2955092592592592,-13.58,537,2.486111111111111,65.17380952380952,55.55555555555556,216
10,0.75,1.0,0.3,2.5,5,5,True,0.6555555555555557,0.365,0.4608333333333334,0.3715,-17.73,12.1,-1.4174537037037038,-17.73,329,1.5231481481481481,76.78541666666666,53.70370370370371,216
10,0.75,2.0,0.0,2.5,3,3,True,0.6553240740740741,0.28500000000000003,0.5257962962962963,0.5874999999999999,-22.52,16.15,-2.1549074074074075,-22.61,409,1.8935185185185186,73.19683544303798,55.092592592592595,216
10,0.5,1.5,0.3,1.5,3,3,True,0.6551388888888889,0.535,0.5594768518518519,0.9704999999999999,-20.55,16.48,-2.057916666666667,-22.61,751,3.4768518518518516,66.78743718592965,63.42592592592593,216
10,0.3,1.0,-0.3,1.5,5,7,True,0.6541203703703702,0.265,0.324175925925926,0.531,-11.53,13.45,-1.7347685185185184,-13.58,716,3.314814814814815,61.76470588235294,56.018518518518526,216
10,0.5,1.5,0.0,1.5,5,3,True,0.653425925925926,0.245,0.5033611111111111,0.8975,-11.53,9.63,-0.9560648148148148,-13.58,439,2.0324074074074074,72.96545454545453,58.333333333333336,216
15,0.3,2.0,0.3,1.5,3,3,True,0.6519444444444444,1.01,0.5224074074074074,0.715,-34.18,20.02,-3.220185185185185,-35.59,1125,5.208333333333333,63.767156862745104,63.888888888888886,216
10,0.5,1.0,0.3,2.5,5,5,True,0.6491666666666666,0.35,0.42442129629629627,0.793,-17.73,12.1,-1.5089814814814817,-17.73,525,2.4305555555555554,70.93575418994413,60.18518518518518,216
15,0.75,2.0,0.0,1.5,3,3,True,0.6483796296296296,1.0150000000000001,0.4741527777777778,0.7404999999999999,-51.98,19.58,-3.401944444444445,-51.98,614,2.8425925925925926,63.80505617977528,61.57407407407407,216
10,0.3,1.5,0.0,2.0,2,7,True,0.6477314814814815,0.905,0.526462962962963,0.5945,-31.16,26.14,-5.448148148148148,-55.62,1207,5.587962962962963,67.42962962962963,59.25925925925925,216
10,0.3,2.0,0.0,2.5,2,7,True,0.6462962962962963,0.905,0.5714583333333333,0.617,-31.16,26.14,-5.502731481481482,-55.62,1164,5.388888888888889,69.62418604651162,61.57407407407407,216
20,0.3,2.0,0.0,2.0,3,3,True,0.6462962962962961,0.665,0.491125,0.5135000000000001,-74.58,28.67,-4.16875,-76.59,1126,5.212962962962963,62.0598086124402,57.870370370370374,216
10,0.5,2.0,-0.3,2.5,5,5,True,0.6452314814814815,0.2,0.5112083333333334,0.5925,-17.73,9.82,-1.327037037037037,-17.73,415,1.9212962962962963,74.35636363636362,58.333333333333336,216
10,0.3,2.0,0.0,2.5,5,5,True,0.6448611111111112,0.32,0.6254861111111112,1.0205,-17.6,10.36,-1.2573148148148148,-17.6,610,2.824074074074074,75.45641025641025,64.35185185185185,216
10,0.3,1.5,-0.3,2.0,3,3,True,0.6447685185185185,0.46499999999999997,0.5205324074074075,0.777,-19.98,11.93,-2.4012962962962963,-22.04,1010,4.675925925925926,60.046601941747575,62.03703703703704,216
10,0.75,2.0,-0.3,2.5,5,5,True,0.6445833333333334,0.0,0.4479722222222222,0.0,-17.73,9.82,-1.2028703703703707,-17.73,219,1.0138888888888888,84.44070796460176,43.05555555555556,216
10,0.75,2.0,0.3,1.5,5,3,True,0.6427777777777778,0.0,0.4970694444444444,0.0,-8.72,9.81,-0.7248148148148148,-9.8,222,1.0277777777777777,83.53025210084034,46.75925925925926,216
10,0.75,1.0,-0.3,1.5,5,3,True,0.6424537037037038,0.0,0.42993981481481486,0.0,-11.53,9.81,-1.205925925925926,-13.58,332,1.537037037037037,74.86466165413533,49.074074074074076,216
10,0.75,1.5,-0.3,2.5,3,7,True,0.6424537037037036,0.895,0.6225092592592594,0.512,-51.5,26.99,-3.35,-52.29,411,1.9027777777777777,78.95562130177515,60.64814814814815,216
10,0.3,1.5,-0.3,2.0,5,3,True,0.6419444444444444,0.275,0.5934305555555556,0.949,-11.53,10.36,-1.1142592592592593,-13.58,639,2.9583333333333335,69.53597883597884,62.5,216
10,0.5,1.5,-0.3,2.0,5,3,True,0.64,0.20500000000000002,0.4971851851851852,0.8614999999999999,-11.53,9.82,-1.0906018518518519,-13.58,439,2.0324074074074074,71.89815950920246,56.481481481481474,216
15,0.75,2.0,0.3,1.5,3,3,True,0.6397685185185185,1.04,0.5274953703703703,0.8,-51.98,19.58,-3.2487500000000002,-51.98,614,2.8425925925925926,66.25635359116023,62.03703703703704,216
10,0.75,1.5,0.3,1.5,3,3,True,0.639212962962963,0.685,0.6025694444444446,1.0070000000000001,-22.52,16.15,-1.9779166666666668,-22.61,418,1.9351851851851851,74.05304878048781,57.407407407407405,216
10,0.3,2.0,-0.3,2.0,5,7,True,0.6379629629629631,0.28,0.4975787037037037,0.7355,-11.53,10.36,-1.4257870370370371,-13.58,606,2.8055555555555554,70.66864864864866,59.72222222222222,216
10,0.3,1.0,0.0,2.5,5,5,True,0.6362037037037036,0.325,0.43686574074074075,0.844,-17.6,12.1,-1.6821759259259261,-17.6,720,3.3333333333333335,69.8989898989899,59.72222222222222,216
10,0.75,2.0,0.3,2.5,5,7,True,0.6353240740740742,0.0,0.5377222222222222,0.0,-17.73,9.81,-0.9752314814814814,-17.73,219,1.0138888888888888,86.8860655737705,48.148148148148145,216
10,0.3,2.0,-0.3,2.0,2,7,True,0.6350000000000001,0.87,0.45482407407407405,0.5135000000000001,-31.16,26.5,-5.652129629629629,-55.62,1162,5.37962962962963,63.671495327102804,58.79629629629629,216
15,0.3,2.0,0.0,2.5,5,7,True,0.6347685185185186,0.32999999999999996,0.5300972222222222,0.6565000000000001,-19.67,31.26,-2.291342592592593,-21.54,651,3.013888888888889,70.7279792746114,60.18518518518518,216
10,0.75,1.0,0.0,2.0,5,5,True,0.6345833333333333,0.0,0.3028240740740741,0.0,-11.53,12.1,-1.5022685185185185,-13.58,327,1.5138888888888888,74.31940298507462,49.074074074074076,216
10,0.3,1.0,0.3,2.5,5,3,True,0.6343055555555556,0.395,0.5320833333333334,1.024,-17.6,9.4,-1.2732870370370373,-17.6,736,3.4074074074074074,68.61122448979592,62.96296296296296,216
20,0.3,2.0,0.0,2.5,3,3,True,0.6329629629629628,0.6000000000000001,0.48430555555555554,0.5135000000000001,-74.58,28.67,-4.18837962962963,-76.59,1124,5.203703703703703,62.27607655502393,58.333333333333336,216
10,0.5,2.0,0.3,1.5,3,3,True,0.6329166666666666,0.52,0.5378564814814815,0.902,-20.55,16.48,-2.051388888888889,-22.61,742,3.435185185185185,67.35612244897959,62.96296296296296,216
10,0.3,1.5,-0.3,2.5,3,3,True,0.632824074074074,0.425,0.5151249999999999,0.611,-19.98,11.93,-2.4212962962962963,-22.04,1010,4.675925925925926,60.337864077669906,62.03703703703704,216
10,0.5,1.5,-0.3,2.5,5,7,True,0.632824074074074,0.22,0.4649398148148148,0.483,-17.73,12.1,-1.5491203703703704,-17.73,425,1.9675925925925926,72.87743902439026,56.94444444444444,216
10,0.75,1.5,-0.3,2.0,5,3,True,0.6322222222222222,0.0,0.4797314814814814,0.0,-11.53,9.82,-0.9874537037037038,-13.58,234,1.0833333333333333,82.19067796610169,43.98148148148148,216
10,0.5,1.0,0.0,2.5,2,3,True,0.6305555555555554,1.72,0.5102361111111112,0.793,-33.78,18.8,-5.73888888888889,-58.34,1547,7.162037037037037,56.16558139534884,60.64814814814815,216
10,0.75,1.5,0.0,1.5,3,3,True,0.6270370370370371,0.32,0.5358148148148149,0.534,-22.52,16.15,-2.1037962962962964,-22.61,418,1.9351851851851851,70.61801242236025,55.092592592592595,216
10,0.3,1.0,0.0,2.0,2,3,True,0.626388888888889,1.65,0.5179490740740741,0.7104999999999999,-33.78,18.8,-5.645370370370371,-58.34,1831,8.476851851851851,58.673611111111114,61.111111111111114,216
20,0.5,2.0,0.3,2.0,3,3,True,0.6262500000000001,0.87,0.5334537037037037,0.594,-75.18,28.32,-4.033888888888889,-76.59,896,4.148148148148148,65.55929648241205,60.18518518518518,216
20,0.3,2.0,0.3,1.5,3,3,True,0.6245833333333333,0.56,0.49676388888888895,0.4945,-54.45,24.87,-3.847777777777778,-55.86,1169,5.412037037037037,64.06714285714285,59.25925925925925,216
10,0.5,2.0,-0.3,2.0,5,7,True,0.6224074074074074,0.175,0.41444444444444445,0.4215,-11.53,9.82,-1.4120833333333334,-13.58,416,1.9259259259259258,72.26832298136647,54.629629629629626,216
10,0.5,2.0,-0.3,2.0,2,7,True,0.6223148148148149,1.105,0.435462962962963,0.565,-31.16,26.5,-5.609768518518519,-55.62,965,4.467592592592593,61.78755980861244,58.79629629629629,216
10,0.3,1.5,0.0,2.0,5,3,True,0.6200462962962964,0.295,0.5931527777777779,1.0205,-11.53,10.36,-1.080462962962963,-13.58,639,2.9583333333333335,71.41623036649214,62.96296296296296,216
10,0.3,2.0,-0.3,1.5,5,7,True,0.6200000000000001,0.235,0.4792361111111112,0.8205,-11.53,9.63,-1.3412962962962964,-13.58,608,2.814814814814815,67.17663043478261,58.333333333333336,216
10,0.3,2.0,0.3,1.5,5,3,True,0.6199537037037037,0.20500000000000002,0.5767083333333333,0.9325,-9.11,9.63,-0.8768981481481481,-10.18,629,2.912037037037037,71.7078125,64.35185185185185,216
10,0.5,1.5,0.3,2.5,5,3,True,0.6196759259259259,0.275,0.5530694444444444,0.974,-17.73,9.25,-0.9856018518518518,-17.73,436,2.0185185185185186,75.61715976331361,61.57407407407407,216
10,0.5,1.5,-0.3,2.0,3,3,True,0.619351851851852,0.475,0.4753842592592593,0.8845000000000001,-20.55,11.37,-2.352638888888889,-22.61,743,3.439814814814815,62.353092783505154,61.111111111111114,216
10,0.5,2.0,0.0,2.5,2,7,True,0.6182407407407408,1.1349999999999998,0.5447916666666667,0.586,-31.16,26.14,-5.470416666666666,-55.62,965,4.467592592592593,67.9824644549763,60.64814814814815,216
10,0.75,2.0,0.3,2.5,5,5,True,0.6180092592592593,0.0,0.5273425925925926,0.0,-17.73,9.81,-0.9682870370370369,-17.73,219,1.0138888888888888,86.36446280991736,47.22222222222222,216
10,0.3,1.5,0.0,1.5,3,7,True,0.6176388888888888,0.915,0.6745324074074075,1.0585,-54.35,29.01,-2.7248148148148146,-55.09,923,4.273148148148148,68.90772946859904,65.27777777777779,216
10,0.75,2.0,0.3,1.5,3,3,True,0.6169907407407408,0.64,0.5882777777777778,0.938,-22.52,16.15,-1.9671759259259258,-22.61,409,1.8935185185185186,74.83664596273293,56.94444444444444,216
10,0.75,1.5,0.0,2.0,2,7,True,0.6169444444444444,0.77,0.46311111111111103,0.338,-31.47,26.14,-5.344212962962962,-56.07,708,3.2777777777777777,65.87268041237112,57.870370370370374,216
10,0.75,1.5,0.0,1.5,5,3,True,0.6161574074074074,0.0,0.47462037037037036,0.0,-11.53,9.81,-0.8837499999999999,-13.58,234,1.0833333333333333,81.56974789915965,45.83333333333333,216
10,0.75,2.0,0.0,2.5,5,7,True,0.6156944444444443,0.0,0.4686805555555555,0.0,-17.73,9.82,-1.1517592592592594,-17.73,219,1.0138888888888888,85.59406779661018,45.370370370370374,216
15,0.3,2.0,0.0,1.5,5,7,True,0.615601851851852,0.21000000000000002,0.45705555555555555,0.3705,-23.19,31.26,-2.099907407407407,-23.19,667,3.087962962962963,65.99840425531916,56.94444444444444,216
10,0.75,1.5,0.3,2.5,5,3,True,0.6146759259259258,0.0,0.561699074074074,0.0,-17.73,9.81,-0.8993518518518518,-17.73,234,1.0833333333333333,83.6544,49.074074074074076,216
10,0.5,1.0,0.0,1.5,5,3,True,0.6119907407407408,0.265,0.37710648148148146,0.7835000000000001,-11.53,9.48,-1.2376388888888887,-13.58,537,2.486111111111111,67.26331360946746,55.55555555555556,216
10,0.5,2.0,0.3,2.5,5,5,True,0.6112962962962962,0.26,0.5517407407407406,0.797,-17.73,9.25,-1.0686111111111112,-17.73,415,1.9212962962962963,78.38439306358381,62.96296296296296,216
15,0.5,1.5,0.0,2.0,3,3,True,0.6110648148148149,1.145,0.5062314814814814,0.7795000000000001,-54.91,18.9,-3.502824074074074,-56.32,880,4.074074074074074,61.283838383838386,64.35185185185185,216
10,0.5,1.5,0.0,2.0,2,7,True,0.6102777777777777,0.9450000000000001,0.5032824074074074,0.5365,-31.16,26.14,-5.41412037037037,-55.62,1004,4.648148148148148,65.59478672985782,59.72222222222222,216
10,0.5,2.0,0.3,2.0,5,3,True,0.6083796296296297,0.19,0.5113703703703705,0.7975000000000001,-8.72,9.25,-0.8703703703703703,-10.69,427,1.9768518518518519,75.36823529411765,60.18518518518518,216
15,0.5,1.5,0.3,2.0,3,3,True,0.6079629629629629,1.11,0.5839166666666666,0.842,-54.91,19.81,-3.3276388888888886,-56.32,882,4.083333333333333,64.58258706467663,63.42592592592593,216
10,0.5,1.0,-0.3,2.0,2,3,True,0.605462962962963,1.405,0.4514398148148148,0.5775,-33.78,18.8,-5.8593518518518515,-58.34,1543,7.143518518518518,53.336279069767436,60.18518518518518,216
10,0.5,1.5,0.0,2.0,5,3,True,0.6052777777777778,0.22499999999999998,0.4902685185185185,0.8634999999999999,-11.53,9.82,-1.0300462962962962,-13.58,439,2.0324074074074074,73.87454545454545,57.407407407407405,216
10,0.75,2.0,0.0,1.5,3,3,True,0.6048148148148148,0.275,0.5217962962962963,0.5265,-22.52,16.15,-2.093425925925926,-22.61,409,1.8935185185185186,71.35126582278481,54.629629629629626,216
10,0.5,2.0,0.0,2.5,5,7,True,0.6030555555555556,0.235,0.5381712962962963,0.6645,-17.73,9.82,-1.2715277777777776,-17.73,415,1.9212962962962963,78.11445086705201,62.03703703703704,216
10,0.5,1.5,-0.3,2.5,3,3,True,0.602314814814815,0.385,0.4647962962962963,0.6155,-20.55,11.37,-2.378611111111111,-22.61,743,3.439814814814815,62.45618556701031,61.111111111111114,216
10,0.75,2.0,-0.3,2.0,3,7,True,0.6020833333333334,0.91,0.6035462962962962,0.6950000000000001,-51.5,26.99,-3.24212962962963,-52.29,403,1.8657407407407407,79.10670731707317,60.64814814814815,216
10,0.3,2.0,0.0,1.5,3,7,True,0.6015277777777778,0.89,0.6556296296296296,1.0305,-54.35,29.01,-2.713611111111111,-55.09,914,4.231481481481482,69.12961165048544,65.27777777777779,216
10,0.3,1.5,-0.3,1.5,5,3,True,0.6004629629629629,0.275,0.5724490740740741,0.9075,-11.53,9.63,-1.123888888888889,-13.58,641,2.9675925925925926,68.54867724867725,62.5,216
10,0.75,1.5,-0.3,2.5,2,5,True,0.5999074074074073,1.005,0.4575555555555556,0.51,-32.86,26.5,-5.424861111111111,-57.44,714,3.3055555555555554,64.96269430051814,60.18518518518518,216
15,0.5,1.5,0.0,2.5,3,3,True,0.5975925925925928,1.12,0.5180462962962963,0.7675000000000001,-54.91,18.9,-3.5296759259259263,-56.32,876,4.055555555555555,61.62676767676767,63.888888888888886,216
10,0.5,1.5,-0.3,1.5,2,7,True,0.5975,0.925,0.38105555555555554,0.536,-32.4,26.5,-5.425324074074074,-56.99,1022,4.731481481481482,57.054854368932034,56.94444444444444,216
10,0.75,2.0,0.3,2.0,5,3,True,0.5971759259259259,0.0,0.48381944444444447,0.0,-8.72,9.81,-0.7894907407407408,-9.8,222,1.0277777777777777,83.95042016806723,45.83333333333333,216
10,0.75,1.5,-0.3,1.5,2,7,True,0.5962037037037037,0.825,0.3406296296296296,0.4535,-32.86,26.5,-5.369861111111111,-57.44,722,3.3425925925925926,58.52362637362638,56.018518518518526,216
10,0.5,2.0,0.3,2.5,5,7,True,0.5960648148148148,0.24,0.5517407407407406,0.7955000000000001,-17.73,9.73,-1.1071296296296296,-17.73,415,1.9212962962962963,78.63142857142857,63.888888888888886,216
20,0.5,2.0,0.3,2.5,3,3,True,0.5952314814814814,0.87,0.5276990740740741,0.5765,-75.18,28.32,-4.068333333333334,-76.59,894,4.138888888888889,65.79346733668342,60.18518518518518,216
15,0.5,1.5,0.3,2.5,3,3,True,0.5944907407407406,1.09,0.5960833333333334,0.842,-54.91,19.81,-3.359768518518518,-56.32,878,4.064814814814815,64.96169154228856,62.96296296296296,216
10,0.3,2.0,-0.3,1.5,3,7,True,0.5901851851851851,0.89,0.573388888888889,0.9359999999999999,-54.35,27.2,-2.9547685185185184,-55.09,907,4.199074074074074,65.2843137254902,63.888888888888886,216
10,0.5,2.0,0.0,2.5,5,5,True,0.5899074074074073,0.26,0.5296064814814815,0.8260000000000001,-17.73,9.82,-1.2336574074074076,-17.73,415,1.9212962962962963,77.546783625731,60.64814814814815,216
10,0.3,1.5,-0.3,1.5,3,7,True,0.5898148148148147,0.89,0.5789722222222222,0.9359999999999999,-54.35,27.2,-2.9770370370370367,-55.09,916,4.2407407407407405,65.03024390243903,64.35185185185185,216
15,0.3,1.5,0.0,2.0,3,3,True,0.5895833333333333,1.03,0.5002962962962964,0.7505,-54.91,19.12,-3.5730555555555554,-56.32,1118,5.175925925925926,62.28921568627451,62.96296296296296,216
10,0.3,1.5,0.0,2.0,3,5,True,0.5863888888888888,0.86,0.6617083333333333,1.0035,-54.35,21.95,-2.609027777777778,-55.09,929,4.300925925925926,70.48,66.66666666666666,216
10,0.5,1.0,0.3,2.5,5,3,True,0.5859722222222222,0.34,0.4468796296296297,0.8354999999999999,-17.73,9.25,-1.2850925925925925,-17.73,536,2.4814814814814814,70.29367816091954,59.25925925925925,216
10,0.75,2.0,-0.3,2.5,3,7,True,0.584861111111111,0.895,0.6131666666666666,0.512,-51.5,26.99,-3.3144907407407405,-52.29,402,1.8611111111111112,79.42891566265061,60.18518518518518,216
10,0.5,1.0,0.0,2.5,5,5,True,0.5815277777777778,0.275,0.36424537037037036,0.5894999999999999,-17.73,12.1,-1.7018055555555558,-17.73,525,2.4305555555555554,69.36440677966101,56.94444444444444,216
10,0.75,1.0,0.3,2.5,5,3,True,0.5810185185185185,0.33999999999999997,0.5114259259259258,0.667,-17.73,9.81,-1.2028703703703707,-17.73,334,1.5462962962962963,76.33333333333333,53.70370370370371,216
10,0.3,1.5,0.0,2.5,3,5,True,0.5806018518518519,0.865,0.6722499999999999,0.9139999999999999,-54.35,21.95,-2.6406481481481485,-55.09,929,4.300925925925926,71.18,67.12962962962963,216
10,0.75,1.0,0.0,2.5,2,3,True,0.5802777777777778,1.64,0.49325925925925923,0.7415,-34.24,18.9,-5.656342592592592,-58.79,1209,5.597222222222222,55.40142857142857,59.72222222222222,216
10,0.3,1.5,0.0,1.5,5,3,True,0.5778703703703704,0.28500000000000003,0.571675925925926,0.9644999999999999,-11.53,9.63,-1.0902314814814813,-13.58,641,2.9675925925925926,70.43926701570682,62.96296296296296,216
15,0.3,1.5,0.0,2.5,3,3,True,0.5776851851851852,0.99,0.5223842592592592,0.741,-54.91,19.12,-3.599305555555556,-56.32,1114,5.157407407407407,62.60536585365854,62.03703703703704,216
10,0.75,1.0,0.0,1.5,5,3,True,0.5745370370370371,0.01,0.4049861111111111,0.018,-11.53,9.81,-1.171574074074074,-13.58,332,1.537037037037037,74.7410447761194,50.0,216
10,0.75,1.5,0.0,2.0,5,3,True,0.5740740740740741,0.0,0.462162037037037,0.0,-11.53,9.82,-0.9483796296296297,-13.58,234,1.0833333333333333,81.98991596638655,44.907407407407405,216
10,0.5,2.0,-0.3,1.5,5,3,True,0.5737037037037037,0.17,0.4532407407407408,0.7075,-11.53,9.63,-1.007824074074074,-13.58,427,1.9768518518518519,71.30875,56.018518518518526,216
15,0.75,1.5,0.3,2.0,3,3,True,0.569398148148148,1.2850000000000001,0.5715648148148148,0.813,-72.71,19.58,-3.464675925925926,-72.71,619,2.865740740740741,67.99617486338798,63.42592592592593,216
10,0.3,1.0,-0.3,2.0,5,3,True,0.5691203703703704,0.28500000000000003,0.44658333333333333,0.8065,-11.53,9.4,-1.4011574074074074,-13.58,737,3.412037037037037,65.24322916666667,60.18518518518518,216
10,0.3,1.0,-0.3,1.5,5,3,True,0.5686574074074074,0.28,0.45379629629629636,0.7755000000000001,-11.53,9.63,-1.3829629629629632,-13.58,739,3.4212962962962963,64.40104166666667,59.25925925925925,216
10,0.5,1.0,-0.3,2.0,5,3,True,0.5675925925925926,0.22499999999999998,0.3470138888888889,0.7,-11.53,9.28,-1.4014351851851854,-13.58,537,2.486111111111111,65.86904761904762,54.166666666666664,216
15,0.3,1.5,0.3,2.0,3,3,True,0.5673611111111112,1.06,0.5408240740740741,0.728,-54.91,20.02,-3.404768518518518,-56.32,1124,5.203703703703703,65.35463414634145,62.5,216
15,0.75,1.5,0.0,2.0,3,3,True,0.5670833333333333,1.2850000000000001,0.5146203703703703,0.804,-72.71,19.58,-3.6262037037037036,-72.71,619,2.865740740740741,65.60111111111111,62.96296296296296,216
10,0.3,2.0,-0.3,2.0,3,3,True,0.5664351851851852,0.445,0.4777314814814815,0.688,-19.98,11.93,-2.3971296296296294,-22.04,1001,4.6342592592592595,60.030392156862746,61.57407407407407,216
10,0.5,2.0,-0.3,1.5,3,7,True,0.5662962962962962,0.9,0.5997083333333334,1.0379999999999998,-51.5,27.32,-3.0111574074074077,-52.29,700,3.240740740740741,66.16994818652849,67.12962962962963,216
10,0.5,1.5,-0.3,1.5,3,7,True,0.5659259259259258,0.9,0.6046620370370371,1.0379999999999998,-51.5,27.32,-3.033240740740741,-52.29,709,3.2824074074074074,65.52142857142857,67.5925925925926,216
10,0.75,2.0,-0.3,2.5,5,7,True,0.5651851851851852,0.0,0.4215925925925926,0.0,-17.73,9.82,-1.3756944444444446,-17.73,217,1.0046296296296295,82.73839285714287,42.129629629629626,216
10,0.3,1.5,-0.3,1.5,2,7,True,0.5649074074074074,0.865,0.3887731481481481,0.512,-32.4,26.5,-5.480740740740742,-56.99,1227,5.680555555555555,59.124299065420566,56.018518518518526,216
10,0.3,2.0,0.0,2.0,2,7,True,0.5643055555555555,0.87,0.5260648148148148,0.59,-31.16,26.14,-5.356157407407408,-55.62,1174,5.435185185185185,68.08232558139535,60.18518518518518,216
10,0.75,2.0,0.0,2.5,5,5,True,0.5615277777777777,0.0,0.4391805555555556,0.0,-17.73,9.82,-1.1448148148148147,-17.73,219,1.0138888888888888,84.48362068965515,43.51851851851852,216
10,0.3,1.0,-0.3,1.5,2,3,True,0.5603703703703703,1.6,0.4318333333333334,0.584,-34.43,18.8,-5.738379629629629,-58.98,1833,8.48611111111111,54.04120370370371,59.72222222222222,216
10,0.5,1.5,0.0,1.5,2,7,True,0.5601851851851853,0.725,0.44811574074074073,0.443,-32.4,26.14,-5.142453703703704,-56.99,1026,4.75,61.30579710144927,57.407407407407405,216
10,0.75,2.0,-0.3,1.5,5,3,True,0.5598611111111111,0.0,0.4255787037037037,0.0,-11.53,9.81,-0.9139814814814814,-13.58,222,1.0277777777777777,81.98035714285713,42.129629629629626,216
10,0.75,1.0,-0.3,2.0,5,3,True,0.5595833333333334,0.0,0.3975694444444444,0.0,-11.53,9.81,-1.3012037037037036,-13.58,332,1.537037037037037,75.11578947368422,48.148148148148145,216
10,0.3,1.5,0.0,1.5,2,7,True,0.5588425925925926,0.955,0.4744907407407407,0.4645,-32.4,26.14,-5.188425925925925,-56.99,1237,5.726851851851852,63.42744186046512,56.481481481481474,216
20,0.3,2.0,0.3,2.0,3,3,True,0.5556481481481482,0.8,0.5291759259259259,0.607,-75.18,28.32,-4.059074074074074,-76.59,1135,5.25462962962963,65.28142857142856,59.72222222222222,216
10,0.3,2.0,-0.3,2.5,3,3,True,0.5544907407407407,0.37,0.472324074074074,0.573,-19.98,11.93,-2.41712962962963,-22.04,1001,4.6342592592592595,60.32450980392157,61.57407407407407,216
10,0.3,2.0,0.3,2.5,5,3,True,0.5538425925925926,0.22999999999999998,0.6064675925925926,1.0205,-17.6,9.57,-0.9744444444444444,-17.6,624,2.888888888888889,72.45854922279793,64.81481481481481,216
10,0.5,1.5,0.0,1.5,3,7,True,0.5533796296296296,0.8300000000000001,0.6724537037037037,1.0765,-51.5,29.13,-2.797314814814815,-52.29,714,3.3055555555555554,68.671,67.12962962962963,216
15,0.3,1.5,0.3,2.5,3,3,True,0.5530555555555555,1.01,0.560337962962963,0.6975,-54.91,20.02,-3.437314814814815,-56.32,1120,5.185185185185185,65.67815533980583,61.57407407407407,216
10,0.75,1.0,0.0,2.5,5,5,True,0.5526388888888889,0.0,0.33596296296296296,0.0,-17.73,12.1,-1.6231944444444446,-17.73,329,1.5231481481481481,73.9036231884058,49.074074074074076,216
10,0.75,1.0,-0.3,2.0,2,3,True,0.5483333333333333,1.16,0.44531018518518517,0.633,-34.24,18.9,-5.8009722222222235,-58.79,1207,5.587962962962963,54.11586538461539,59.72222222222222,216
10,0.3,1.5,-0.3,1.5,3,3,True,0.5474074074074075,0.46499999999999997,0.4995324074074074,0.765,-19.98,11.93,-2.377314814814815,-22.04,1014,4.694444444444445,58.31804878048781,62.03703703703704,216
10,0.75,1.5,0.0,2.5,2,5,True,0.5452314814814816,0.97,0.5095648148148149,0.545,-32.86,26.14,-5.239305555555556,-57.44,714,3.3055555555555554,66.69441624365483,59.72222222222222,216
10,0.3,2.0,-0.3,2.5,5,7,True,0.5431944444444444,0.28,0.5253564814814815,0.739,-17.6,10.36,-1.5442592592592594,-17.6,603,2.7916666666666665,71.40756756756758,60.18518518518518,216
20,0.3,2.0,0.3,2.5,3,3,True,0.5418518518518518,0.77,0.522787037037037,0.5794999999999999,-75.18,28.32,-4.078935185185186,-76.59,1133,5.24537037037037,65.49095238095238,60.18518518518518,216
10,0.5,1.5,-0.3,1.5,3,3,True,0.5414351851851852,0.46499999999999997,0.46258333333333335,0.8845000000000001,-20.55,11.37,-2.3251851851851857,-22.61,747,3.4583333333333335,60.6041450777202,61.111111111111114,216
10,0.5,2.0,-0.3,2.0,3,3,True,0.5410185185185186,0.46499999999999997,0.4344861111111112,0.625,-20.55,11.37,-2.346157407407407,-22.61,734,3.3981481481481484,62.421989528795805,60.64814814814815,216
15,0.5,2.0,0.0,2.0,3,3,True,0.540138888888889,1.06,0.4778703703703703,0.731,-54.91,18.9,-3.479722222222222,-56.32,862,3.990740740740741,61.57448979591837,62.96296296296296,216
10,0.5,1.0,0.0,2.0,2,3,True,0.5396296296296296,1.545,0.47492592592592603,0.67,-33.78,18.8,-5.654814814814815,-58.34,1545,7.152777777777778,55.64372093023257,60.64814814814815,216
10,0.5,2.0,0.0,1.5,5,3,True,0.5389814814814814,0.19,0.44712500000000005,0.8365,-11.53,9.63,-0.9471296296296297,-13.58,427,1.9768518518518519,73.32901234567902,56.481481481481474,216
10,0.75,1.5,-0.3,2.0,3,3,True,0.5388888888888889,0.24,0.4628842592592593,0.519,-22.52,12.24,-2.3883796296296294,-22.66,418,1.9351851851851851,70.97371794871795,54.166666666666664,216
10,0.3,1.0,0.0,2.0,5,3,True,0.5373148148148149,0.28500000000000003,0.4367824074074074,0.862,-11.53,9.4,-1.3633333333333335,-13.58,737,3.412037037037037,67.2279792746114,59.25925925925925,216
10,0.5,2.0,0.0,1.5,3,7,True,0.5372685185185185,0.795,0.6560648148148147,1.0445,-51.5,29.13,-2.7864351851851845,-52.29,705,3.263888888888889,69.26091370558376,66.66666666666666,216
10,0.3,1.0,0.0,1.5,5,3,True,0.5361574074074075,0.28,0.44386574074074076,0.839,-11.53,9.63,-1.3453703703703705,-13.58,739,3.4212962962962963,66.39015544041452,58.333333333333336,216
10,0.3,1.0,0.3,2.5,2,3,True,0.5358796296296297,1.65,0.552625,0.729,-39.71,20.1,-5.441203703703705,-56.98,1840,8.518518518518519,61.34907407407408,62.5,216
10,0.75,1.5,0.0,1.5,3,7,True,0.5344444444444444,0.825,0.6692638888888889,0.847,-51.5,28.8,-2.7701851851851846,-52.29,412,1.9074074074074074,77.17159763313609,60.64814814814815,216
10,0.75,2.0,0.0,2.0,2,7,True,0.5335185185185186,0.74,0.4471527777777778,0.338,-31.47,26.14,-5.24337962962963,-56.07,675,3.125,66.36874999999999,57.407407407407405,216
10,0.3,1.0,0.0,1.5,2,3,True,0.5320370370370371,1.2650000000000001,0.470587962962963,0.6675,-34.43,18.8,-5.521435185185186,-58.98,1839,8.51388888888889,56.911111111111104,60.18518518518518,216
10,0.3,1.5,-0.3,2.5,5,3,True,0.5302314814814815,0.27,0.5864953703703704,0.9445,-17.6,10.36,-1.2274074074074075,-17.6,636,2.9444444444444446,69.35714285714286,61.57407407407407,216
15,0.75,1.5,0.3,2.5,3,3,True,0.5301851851851851,1.26,0.5760509259259259,0.8214999999999999,-72.71,19.58,-3.5031944444444445,-72.71,617,2.8564814814814814,68.47868852459015,63.42592592592593,216
10,0.5,1.5,-0.3,2.5,5,3,True,0.5298148148148148,0.20500000000000002,0.4934398148148148,0.859,-17.73,9.82,-1.203935185185185,-17.73,436,2.0185185185185186,72.21180124223602,56.481481481481474,216
10,0.75,1.5,0.3,2.5,2,7,True,0.5285648148148149,1.0150000000000001,0.5325648148148149,0.5774999999999999,-38.28,34.0,-4.930324074074075,-55.58,706,3.2685185185185186,71.73838383838384,57.407407407407405,216
10,0.75,1.5,-0.3,2.5,5,3,True,0.5282407407407407,0.0,0.48501851851851846,0.0,-17.73,9.82,-1.095462962962963,-17.73,234,1.0833333333333333,82.19067796610169,44.44444444444444,216
15,0.75,1.5,0.0,2.5,3,3,True,0.5278703703703703,1.26,0.5191990740740741,0.795,-72.71,19.58,-3.6624537037037035,-72.71,617,2.8564814814814814,66.09166666666667,62.96296296296296,216
10,0.75,2.0,-0.3,2.5,2,5,True,0.5275925925925926,1.005,0.4363472222222222,0.501,-32.86,26.5,-5.371342592592593,-57.44,679,3.1435185185185186,65.9342105263158,59.72222222222222,216
10,0.3,2.0,-0.3,2.0,5,3,True,0.5275,0.21,0.5436990740740741,0.8365,-11.53,10.36,-1.1064814814814814,-13.58,627,2.9027777777777777,69.55585106382979,60.64814814814815,216
10,0.5,1.5,0.0,2.0,3,5,True,0.5270833333333333,0.765,0.6843611111111111,1.0379999999999998,-51.5,21.95,-2.6814351851851854,-52.29,710,3.287037037037037,70.485,68.51851851851852,216
10,0.5,2.0,0.0,2.0,2,7,True,0.526851851851852,0.8500000000000001,0.4897129629629629,0.505,-31.16,26.14,-5.3220370370370365,-55.62,971,4.49537037037037,66.21666666666667,59.25925925925925,216
15,0.5,2.0,0.0,2.5,3,3,True,0.5266666666666667,1.0550000000000002,0.48975,0.731,-54.91,18.9,-3.511574074074074,-56.32,858,3.9722222222222223,61.91785714285715,62.5,216
15,0.5,2.0,0.3,2.0,3,3,True,0.5261111111111111,0.97,0.5519629629629629,0.7875000000000001,-54.91,19.81,-3.312453703703704,-56.32,864,4.0,64.94371859296481,62.03703703703704,216
10,0.5,2.0,-0.3,2.0,5,3,True,0.5255555555555556,0.17,0.45696759259259256,0.683,-11.53,9.82,-1.0816666666666666,-13.58,427,1.9768518518518519,71.97160493827161,55.55555555555556,216
10,0.3,2.0,-0.3,1.5,3,3,True,0.5251851851851852,0.445,0.47422685185185187,0.725,-19.98,11.93,-2.3768055555555554,-22.04,1005,4.652777777777778,58.91287128712871,61.57407407407407,216
10,0.5,2.0,-0.3,2.5,3,3,True,0.5239814814814815,0.32999999999999996,0.42389814814814814,0.5145,-20.55,11.37,-2.3721296296296295,-22.61,734,3.3981481481481484,62.52670157068062,60.64814814814815,216
10,0.5,1.0,0.0,2.0,5,3,True,0.5230555555555556,0.22499999999999998,0.34061111111111114,0.6705000000000001,-11.53,9.28,-1.3452777777777778,-13.58,537,2.486111111111111,67.95443786982248,54.629629629629626,216
10,0.3,1.5,0.3,2.5,2,7,True,0.5208796296296294,0.94,0.573087962962963,0.722,-38.28,34.0,-5.039861111111111,-55.58,1220,5.648148148148148,72.40277777777777,60.18518518518518,216
10,0.75,1.5,0.0,1.5,2,7,True,0.5206481481481481,0.69,0.3983564814814815,0.291,-32.86,26.14,-5.08949074074074,-57.44,722,3.3425925925925926,61.227659574468085,55.092592592592595,216
10,0.75,1.5,0.0,2.0,3,5,True,0.5196759259259259,0.8,0.6604907407407408,0.8414999999999999,-51.5,21.48,-2.678055555555556,-52.29,412,1.9074074074074074,77.85833333333333,60.18518518518518,216
10,0.5,2.0,-0.3,1.5,3,3,True,0.5192129629629629,0.46,0.44043981481481476,0.7869999999999999,-20.55,11.37,-2.3223148148148147,-22.61,738,3.4166666666666665,61.09315789473685,60.64814814814815,216
15,0.3,2.0,0.0,2.0,3,3,True,0.5186574074074075,0.975,0.4699583333333333,0.7284999999999999,-54.91,19.12,-3.550925925925926,-56.32,1100,5.092592592592593,62.36354679802955,61.57407407407407,216
10,0.75,2.0,0.0,1.5,3,7,True,0.5183333333333334,0.81,0.6598518518518518,0.8225,-51.5,28.8,-2.755601851851852,-52.29,403,1.8657407407407407,78.09397590361445,60.18518518518518,216
10,0.75,2.0,-0.3,2.0,5,3,True,0.5177777777777778,0.0,0.41436111111111107,0.0,-11.53,9.82,-0.9785648148148148,-13.58,222,1.0277777777777777,82.42678571428571,41.2037037037037,216
10,0.5,1.0,-0.3,1.5,2,3,True,0.5170370370370371,1.48,0.40693981481481484,0.591,-34.43,18.8,-5.710555555555556,-58.98,1547,7.162037037037037,51.8018779342723,58.79629629629629,216
10,0.5,1.5,0.0,2.5,3,5,True,0.5159259259259259,0.795,0.6903564814814814,1.0165,-51.5,21.95,-2.7212962962962965,-52.29,710,3.287037037037037,71.06450000000001,68.51851851851852,216
10,0.5,2.0,-0.3,1.5,2,7,True,0.5128703703703704,0.71,0.3699074074074074,0.491,-32.4,26.5,-5.388287037037037,-56.99,989,4.578703703703703,57.76975609756098,55.092592592592595,216
15,0.5,2.0,0.3,2.5,3,3,True,0.5126388888888889,0.92,0.564125,0.7875000000000001,-54.91,19.81,-3.344490740740741,-56.32,860,3.9814814814814814,65.32361809045226,61.57407407407407,216
10,0.75,2.0,-0.3,1.5,2,7,True,0.5115740740740741,0.67,0.326574074074074,0.284,-32.86,26.5,-5.3187500000000005,-57.44,689,3.189814814814815,59.25777777777778,53.70370370370371,216
10,0.3,1.5,0.0,2.5,5,3,True,0.5083333333333334,0.305,0.5864398148148149,1.0205,-17.6,10.36,-1.1936111111111112,-17.6,636,2.9444444444444446,71.23926701570682,62.5,216
15,0.3,2.0,0.0,2.5,3,3,True,0.5067592592592592,0.94,0.49211111111111105,0.716,-54.91,19.12,-3.582175925925926,-56.32,1096,5.074074074074074,62.67794117647058,60.64814814814815,216
10,0.5,2.0,-0.3,2.5,5,7,True,0.5063425925925925,0.195,0.4397916666666667,0.4275,-17.73,9.82,-1.5343055555555556,-17.73,413,1.912037037037037,73.12024539877301,56.481481481481474,216
10,0.3,2.0,0.0,2.0,5,3,True,0.5056018518518518,0.245,0.5465416666666667,0.955,-11.53,10.36,-1.072685185185185,-13.58,627,2.9027777777777777,71.44578947368421,61.111111111111114,216
10,0.5,2.0,0.3,2.5,5,3,True,0.5052314814814814,0.20500000000000002,0.5155694444444444,0.806,-17.73,9.25,-0.9766666666666667,-17.73,424,1.962962962962963,75.67023809523809,60.64814814814815,216
10,0.75,2.0,0.0,1.5,5,3,True,0.501712962962963,0.0,0.4085231481481481,0.0,-11.53,9.81,-0.8748611111111112,-13.58,222,1.0277777777777777,81.77079646017698,43.05555555555556,216
10,0.75,2.0,0.3,2.5,5,3,True,0.5002314814814816,0.0,0.49560185185185185,0.0,-17.73,9.81,-0.890462962962963,-17.73,222,1.0277777777777777,83.95042016806723,46.2962962962963,216
10,0.3,2.0,0.0,2.0,3,5,True,0.49712962962962953,0.735,0.6225925925925926,0.9035,-54.35,21.95,-2.6081481481481483,-55.09,920,4.2592592592592595,70.03853658536586,65.27777777777779,216
10,0.75,1.5,-0.3,2.5,3,3,True,0.49624999999999997,0.24,0.44810648148148147,0.3825,-22.52,12.24,-2.4359722222222224,-22.66,418,1.9351851851851851,71.13397435897436,54.629629629629626,216
15,0.75,2.0,0.0,2.0,3,3,True,0.49615740740740727,1.16,0.48488888888888887,0.795,-72.71,19.58,-3.605648148148148,-72.71,601,2.7824074074074074,66.57670454545455,62.03703703703704,216
10,0.5,1.5,0.0,2.5,5,3,True,0.49509259259259264,0.255,0.4867777777777778,0.9319999999999999,-17.73,9.82,-1.1433796296296297,-17.73,436,2.0185185185185186,74.20858895705521,57.870370370370374,216
10,0.75,1.5,0.0,2.5,3,5,True,0.4930555555555556,0.875,0.6523379629629631,0.8345,-51.5,21.48,-2.7363888888888885,-52.29,412,1.9074074074074074,78.70119047619048,61.111111111111114,216
10,0.75,1.0,0.0,2.0,5,3,True,0.49166666666666675,0.0,0.37094907407407407,0.0,-11.53,9.81,-1.2684722222222222,-13.58,332,1.537037037037037,74.9902985074627,49.074074074074076,216
10,0.3,2.0,0.0,2.5,3,5,True,0.4913425925925925,0.735,0.6331342592592593,0.8565,-54.35,21.95,-2.639768518518519,-55.09,920,4.2592592592592595,70.73853658536586,65.74074074074075,216
10,0.5,2.0,0.0,2.0,5,3,True,0.4908333333333333,0.175,0.45313425925925926,0.749,-11.53,9.82,-1.021111111111111,-13.58,427,1.9768518518518519,73.95914634146341,56.481481481481474,216
10,0.75,1.5,-0.3,2.0,2,5,True,0.4906481481481482,0.86,0.4005509259259259,0.42000000000000004,-32.86,26.5,-5.312731481481482,-57.44,714,3.3055555555555554,62.91780104712041,57.407407407407405,216
15,0.75,2.0,0.3,2.0,3,3,True,0.4875462962962962,1.08,0.5381851851851851,0.8109999999999999,-72.71,19.58,-3.452314814814815,-72.71,601,2.7824074074074074,69.00893854748604,61.57407407407407,216
10,0.3,2.0,-0.3,1.5,5,3,True,0.48601851851851846,0.20500000000000002,0.5097314814814816,0.7435,-11.53,9.63,-1.116111111111111,-13.58,629,2.912037037037037,68.57326203208557,60.18518518518518,216
15,0.3,2.0,0.3,2.0,3,3,True,0.4855092592592593,0.895,0.5070509259259259,0.664,-54.91,20.02,-3.3905555555555558,-56.32,1106,5.12037037037037,65.525,61.111111111111114,216
10,0.3,2.0,-0.3,1.5,2,7,True,0.48027777777777797,0.71,0.3856064814814815,0.444,-32.4,26.5,-5.437962962962962,-56.99,1194,5.527777777777778,59.87793427230047,55.092592592592595,216
10,0.5,1.5,0.3,2.5,2,7,True,0.47555555555555556,1.09,0.5508981481481482,0.6990000000000001,-38.28,34.0,-5.027175925925925,-55.58,1006,4.657407407407407,71.1206572769953,59.25925925925925,216
10,0.75,2.0,-0.3,1.5,3,7,True,0.47208333333333335,0.9,0.5796898148148149,0.734,-51.5,26.99,-3.065046296296296,-52.29,403,1.8657407407407407,75.73,61.57407407407407,216
10,0.75,1.5,-0.3,1.5,3,7,True,0.47171296296296283,0.9,0.5767777777777778,0.734,-51.5,26.99,-3.087037037037037,-52.29,412,1.9074074074074074,74.81717791411043,62.03703703703704,216
15,0.3,2.0,0.3,2.5,3,3,True,0.47120370370370374,0.865,0.5265601851851852,0.613,-54.91,20.02,-3.4230092592592594,-56.32,1102,5.101851851851852,65.84634146341463,60.18518518518518,216
10,0.5,1.0,0.0,1.5,2,3,True,0.4707870370370371,1.3050000000000002,0.4353055555555556,0.73,-34.43,18.8,-5.504305555555555,-58.98,1549,7.171296296296297,54.000469483568075,60.18518518518518,216
10,0.75,1.5,0.0,2.5,5,3,True,0.47009259259259256,0.0,0.46744907407407404,0.0,-17.73,9.82,-1.0563888888888888,-17.73,234,1.0833333333333333,81.98991596638655,45.370370370370374,216
10,0.75,1.5,-0.3,1.5,3,3,True,0.4673148148148148,0.24,0.4357638888888889,0.3205,-22.52,12.24,-2.3013425925925923,-22.66,418,1.9351851851851851,68.51089743589743,54.166666666666664,216
10,0.3,1.0,-0.3,2.5,5,3,True,0.4663888888888889,0.275,0.4452916666666667,0.7755000000000001,-17.6,9.4,-1.526898148148148,-17.6,736,3.4074074074074074,65.10208333333333,58.79629629629629,216
10,0.5,1.0,-0.3,2.5,5,3,True,0.46629629629629626,0.18,0.3489953703703704,0.5755,-17.73,9.28,-1.5272222222222223,-17.73,536,2.4814814814814814,65.9245508982036,53.70370370370371,216
10,0.75,1.0,-0.3,2.5,5,3,True,0.464537037037037,0.0,0.40782870370370367,0.0,-17.73,9.81,-1.4209722222222223,-17.73,334,1.5462962962962963,74.26148148148148,47.68518518518518,216
10,0.3,2.0,0.0,1.5,5,3,True,0.4634259259259259,0.21,0.5120787037037038,0.839,-11.53,9.63,-1.0824537037037036,-13.58,629,2.912037037037037,70.48359788359788,60.64814814814815,216
10,0.75,2.0,-0.3,2.0,3,3,True,0.46055555555555555,0.24,0.42843981481481486,0.321,-22.52,12.24,-2.3802777777777777,-22.66,409,1.8935185185185186,70.96928104575164,53.70370370370371,216
10,0.75,2.0,0.0,2.0,5,3,True,0.4596296296296296,0.0,0.3960648148148148,0.0,-11.53,9.82,-0.9394907407407408,-13.58,222,1.0277777777777777,82.21327433628318,42.129629629629626,216
10,0.75,1.0,-0.3,1.5,2,3,True,0.4591666666666667,1.19,0.3955925925925926,0.6005,-34.89,18.9,-5.66226851851852,-59.43,1211,5.606481481481482,52.633823529411764,59.25925925925925,216
10,0.3,1.5,-0.3,2.0,3,5,True,0.4576388888888887,0.72,0.5495185185185185,0.8035000000000001,-54.35,21.39,-2.8809722222222227,-55.09,918,4.25,66.47623762376239,66.66666666666666,216
15,0.75,2.0,0.0,2.5,3,3,True,0.4569444444444443,1.1,0.4894675925925926,0.791,-72.71,19.58,-3.6418981481481487,-72.71,599,2.7731481481481484,67.07840909090909,62.03703703703704,216
10,0.75,1.5,0.3,2.5,2,5,True,0.45402777777777786,1.0550000000000002,0.5347083333333333,0.613,-38.28,34.0,-4.772037037037037,-55.58,714,3.3055555555555554,69.9615,58.79629629629629,216
10,0.5,1.5,-0.3,2.5,2,5,True,0.4519907407407407,0.935,0.42081481481481486,0.4155,-32.4,26.5,-5.574629629629629,-56.99,1012,4.685185185185185,61.65865384615385,60.18518518518518,216
15,0.75,2.0,0.3,2.5,3,3,True,0.4483333333333332,1.04,0.5426712962962962,0.813,-72.71,19.58,-3.4908333333333332,-72.71,599,2.7731481481481484,69.5022346368715,61.57407407407407,216
10,0.75,2.0,0.3,2.5,2,7,True,0.4474537037037038,1.0150000000000001,0.5151944444444445,0.553,-38.28,34.0,-4.848194444444444,-55.58,671,3.1064814814814814,72.36615384615384,56.94444444444444,216
10,0.75,1.5,-0.3,1.5,2,5,True,0.44625,0.865,0.33535648148148156,0.451,-32.86,26.5,-5.113287037037037,-57.44,724,3.3518518518518516,59.01086956521739,56.018518518518526,216
10,0.75,2.0,-0.3,1.5,3,3,True,0.44509259259259254,0.24,0.4207314814814815,0.28700000000000003,-22.52,12.24,-2.296759259259259,-22.66,409,1.8935185185185186,69.22679738562093,53.70370370370371,216
10,0.5,1.5,0.0,2.5,2,5,True,0.44263888888888897,1.025,0.49645833333333333,0.5435000000000001,-32.4,26.14,-5.377777777777777,-56.99,1018,4.712962962962963,65.40765550239234,61.57407407407407,216
10,0.5,1.0,0.3,2.5,2,3,True,0.44134259259259256,1.7,0.5155972222222223,0.69,-39.71,20.1,-5.466342592592593,-56.98,1553,7.189814814814815,59.21581395348838,62.96296296296296,216
10,0.75,1.0,0.0,2.0,2,3,True,0.4406481481481482,1.355,0.44550000000000006,0.727,-34.24,18.9,-5.613287037037037,-58.79,1207,5.587962962962963,54.78095238095238,59.72222222222222,216
10,0.3,1.0,0.3,2.0,2,3,True,0.4398611111111111,1.5350000000000001,0.5154722222222222,0.5774999999999999,-39.71,20.1,-5.358796296296297,-56.98,1844,8.537037037037036,60.96481481481482,62.5,216
10,0.3,2.0,0.3,2.5,2,7,True,0.43976851851851856,0.925,0.5729166666666667,0.648,-38.28,34.0,-4.961018518518518,-55.58,1185,5.486111111111111,72.96,60.18518518518518,216
10,0.5,2.0,0.0,1.5,2,7,True,0.43962962962962965,0.665,0.4298055555555556,0.4015,-32.4,26.14,-5.111296296296296,-56.99,993,4.597222222222222,61.973786407766994,55.55555555555556,216
10,0.3,2.0,0.0,1.5,2,7,True,0.4382870370370371,0.775,0.4648055555555555,0.437,-32.4,26.14,-5.153333333333332,-56.99,1204,5.574074074074074,64.14205607476636,55.55555555555556,216
10,0.5,2.0,0.0,2.0,3,5,True,0.437824074074074,0.595,0.6471481481481481,1.019,-51.5,21.95,-2.68087962962963,-52.29,701,3.2453703703703702,70.68832487309646,67.12962962962963,216
10,0.75,2.0,0.0,2.5,2,5,True,0.4369907407407407,0.975,0.4810277777777778,0.5265,-32.86,26.14,-5.193564814814814,-57.44,679,3.1435185185185186,67.51804123711341,59.25925925925925,216
10,0.3,1.5,-0.3,2.5,3,5,True,0.4364351851851851,0.695,0.5546481481481481,0.8035000000000001,-54.35,21.39,-2.9294444444444445,-55.09,918,4.25,67.11534653465347,66.66666666666666,216
10,0.3,1.0,0.0,2.5,5,3,True,0.4345833333333334,0.28,0.4354953703703704,0.851,-17.6,9.4,-1.489074074074074,-17.6,736,3.4074074074074074,67.08756476683939,58.333333333333336,216
10,0.75,2.0,-0.3,2.0,2,5,True,0.4321296296296296,0.86,0.38058333333333333,0.42000000000000004,-32.86,26.5,-5.241296296296297,-57.44,681,3.1527777777777777,63.85159574468084,56.94444444444444,216
10,0.75,2.0,0.0,2.0,3,5,True,0.43041666666666667,0.79,0.629189814814815,0.815,-51.5,21.48,-2.6737037037037035,-52.29,403,1.8657407407407407,78.11212121212121,58.79629629629629,216
10,0.75,1.5,0.0,2.0,2,5,True,0.4303703703703704,0.74,0.4512731481481481,0.515,-32.86,26.14,-5.124074074074074,-57.44,714,3.3055555555555554,64.70923076923077,56.94444444444444,216
10,0.5,2.0,0.0,2.5,3,5,True,0.4266666666666666,0.63,0.6531435185185186,0.9824999999999999,-51.5,21.95,-2.720740740740741,-52.29,701,3.2453703703703702,71.27664974619289,67.12962962962963,216
10,0.75,1.0,0.3,2.5,2,3,True,0.4262500000000001,1.51,0.5127546296296296,0.72,-39.71,20.1,-5.365925925925926,-56.98,1209,5.597222222222222,57.923222748815164,62.5,216
10,0.5,1.5,-0.3,2.0,3,5,True,0.4241203703703705,0.67,0.5856712962962963,0.864,-51.5,21.39,-2.939490740740741,-52.29,703,3.2546296296296298,66.78711340206185,67.12962962962963,216
10,0.5,1.0,0.0,2.5,5,3,True,0.4217592592592593,0.2,0.3429814814814815,0.629,-17.73,9.28,-1.4710648148148149,-17.73,536,2.4814814814814814,68.02202380952382,54.629629629629626,216
10,0.75,2.0,-0.3,2.5,3,3,True,0.41791666666666666,0.22499999999999998,0.4136620370370371,0.2595,-22.52,12.24,-2.4278703703703703,-22.66,409,1.8935185185185186,71.1326797385621,54.166666666666664,216
10,0.3,2.0,-0.3,2.5,5,3,True,0.41578703703703707,0.21,0.5356481481481482,0.78,-17.6,10.36,-1.2195833333333335,-17.6,624,2.888888888888889,69.36063829787234,59.72222222222222,216
10,0.5,2.0,-0.3,2.5,5,3,True,0.4153703703703704,0.17,0.4528564814814815,0.66,-17.73,9.82,-1.195,-17.73,424,1.962962962962963,72.24625,55.55555555555556,216
10,0.3,1.5,0.3,2.0,2,7,True,0.41416666666666657,0.925,0.5221851851851852,0.6154999999999999,-38.28,34.0,-4.919999999999999,-55.58,1230,5.694444444444445,70.87916666666668,60.18518518518518,216
10,0.5,1.5,-0.3,1.5,2,5,True,0.41402777777777783,0.81,0.3416527777777778,0.47550000000000003,-32.4,26.5,-5.196712962962963,-56.99,1034,4.787037037037037,56.951219512195124,56.481481481481474,216
10,0.75,2.0,-0.3,2.5,5,3,True,0.4137962962962963,0.0,0.41964814814814816,0.0,-17.73,9.82,-1.0865740740740741,-17.73,222,1.0277777777777777,82.42678571428571,41.66666666666667,216
10,0.5,1.5,0.0,1.5,2,5,True,0.41222222222222227,0.74,0.42064351851851856,0.49,-32.4,26.14,-4.977453703703704,-56.99,1038,4.805555555555555,60.51796116504855,56.94444444444444,216
10,0.3,1.5,0.3,1.5,2,7,True,0.4074074074074074,0.835,0.4931481481481481,0.6495,-38.28,34.0,-4.6903240740740735,-55.58,1258,5.824074074074074,67.08511627906977,58.79629629629629,216
10,0.75,1.5,0.0,1.5,2,5,True,0.4045833333333333,0.775,0.39610185185185187,0.4,-32.86,26.14,-4.901342592592592,-57.44,724,3.3518518518518516,61.351595744680864,55.55555555555556,216
10,0.3,1.5,-0.3,2.5,2,5,True,0.40435185185185185,0.905,0.44107870370370367,0.4205,-32.4,26.5,-5.630416666666667,-56.99,1234,5.712962962962963,61.317674418604646,59.25925925925925,216
10,0.3,1.5,0.0,2.5,2,5,True,0.4039351851851852,0.905,0.5288657407407408,0.602,-32.4,26.14,-5.421990740740741,-56.99,1244,5.7592592592592595,65.97175925925926,62.03703703703704,216
10,0.75,2.0,0.0,2.5,3,5,True,0.40379629629629626,0.795,0.6223981481481481,0.8075,-51.5,21.48,-2.7320370370370366,-52.29,403,1.8657407407407407,78.99090909090908,60.18518518518518,216
10,0.75,2.0,0.0,1.5,2,7,True,0.40009259259259256,0.53,0.37678703703703703,0.269,-32.86,26.14,-5.050925925925926,-57.44,689,3.189814814814815,61.80591397849463,53.24074074074075,216
10,0.5,1.5,-0.3,2.5,3,5,True,0.3975925925925927,0.615,0.5866666666666667,0.8140000000000001,-51.5,21.39,-2.9956944444444447,-52.29,703,3.2546296296296298,67.28092783505154,66.66666666666666,216
10,0.75,1.0,0.0,2.5,5,3,True,0.3966666666666667,0.0,0.38085185185185183,0.0,-17.73,9.81,-1.3882407407407409,-17.73,334,1.5462962962962963,74.14411764705882,48.61111111111111,216
10,0.5,2.0,0.3,2.5,2,7,True,0.39444444444444443,1.02,0.5363935185185185,0.6234999999999999,-38.28,34.0,-4.953333333333334,-55.58,971,4.49537037037037,71.56745283018867,59.25925925925925,216
10,0.5,1.5,0.3,1.5,2,7,True,0.39398148148148143,0.74,0.46570833333333334,0.47150000000000003,-38.28,34.0,-4.675,-55.58,1032,4.777777777777778,65.41626794258373,59.25925925925925,216
10,0.3,2.0,0.0,2.5,5,3,True,0.3938888888888889,0.245,0.5387083333333333,0.9435,-17.6,10.36,-1.185787037037037,-17.6,624,2.888888888888889,71.25263157894737,60.64814814814815,216
10,0.5,1.5,-0.3,2.0,2,5,True,0.3884722222222223,0.825,0.37750925925925927,0.4,-32.4,26.5,-5.422731481481481,-56.99,1016,4.703703703703703,60.007729468599024,59.25925925925925,216
10,0.3,1.5,0.0,1.5,2,5,True,0.3873148148148148,0.955,0.45754629629629634,0.597,-32.4,26.14,-5.043055555555555,-56.99,1272,5.888888888888889,61.79162790697675,57.407407407407405,216
10,0.5,2.0,0.0,2.5,5,3,True,0.3806481481481481,0.185,0.4492777777777778,0.721,-17.73,9.82,-1.1344444444444446,-17.73,424,1.962962962962963,74.25493827160494,56.94444444444444,216
10,0.5,2.0,-0.3,2.5,2,5,True,0.379675925925926,0.935,0.40277314814814813,0.417,-32.4,26.5,-5.534537037037037,-56.99,977,4.523148148148148,62.26521739130435,61.111111111111114,216
10,0.75,2.0,0.3,2.5,2,5,True,0.3783796296296296,0.99,0.512837962962963,0.5395000000000001,-38.28,34.0,-4.723148148148148,-55.58,679,3.1435185185185186,70.90710659898477,57.870370370370374,216
10,0.3,1.5,0.0,1.5,3,5,True,0.3782870370370371,0.665,0.5980787037037038,0.867,-54.35,21.95,-2.5918518518518514,-55.09,935,4.328703703703703,66.9093137254902,65.27777777777779,216
10,0.75,1.5,0.3,2.0,2,7,True,0.37754629629629627,0.845,0.46190740740740743,0.4325,-38.28,34.0,-4.847175925925926,-55.58,708,3.2777777777777777,69.2786802030457,56.94444444444444,216
10,0.75,2.0,-0.3,1.5,2,5,True,0.3755092592592592,0.735,0.32329629629629636,0.37,-32.86,26.5,-5.062824074074075,-57.44,691,3.199074074074074,59.82527472527473,54.629629629629626,216
10,0.5,1.5,0.0,2.0,2,5,True,0.37361111111111117,0.755,0.4529259259259259,0.5425,-32.4,26.14,-5.224675925925925,-56.99,1022,4.731481481481482,63.78221153846154,59.72222222222222,216
10,0.75,1.0,0.0,1.5,2,3,True,0.3712962962962964,1.18,0.3998148148148149,0.6825,-34.89,18.9,-5.472083333333332,-59.43,1211,5.606481481481482,53.31941747572815,59.72222222222222,216
10,0.3,1.5,-0.3,1.5,2,5,True,0.36884259259259267,0.83,0.3548055555555556,0.40800000000000003,-32.4,26.5,-5.2780555555555555,-56.99,1264,5.851851851851852,57.13177570093458,56.94444444444444,216
10,0.3,2.0,-0.3,2.0,3,5,True,0.36652777777777773,0.6799999999999999,0.5118981481481482,0.779,-54.35,21.39,-2.874814814814815,-55.09,909,4.208333333333333,66.02079207920792,65.27777777777779,216
10,0.5,1.5,0.3,2.5,2,5,True,0.3634722222222222,0.905,0.515875,0.627,-38.28,34.0,-4.900925925925925,-55.58,1022,4.731481481481482,69.5047619047619,61.57407407407407,216
10,0.5,1.5,0.3,2.0,2,7,True,0.36333333333333334,0.975,0.4913703703703704,0.527,-38.28,34.0,-4.911296296296297,-55.58,1010,4.675925925925926,69.33301886792452,59.25925925925925,216
10,0.75,1.5,0.3,1.5,2,7,True,0.3592592592592592,0.75,0.42354166666666665,0.355,-38.28,34.0,-4.631990740740741,-55.58,722,3.3425925925925926,65.23298429319372,55.55555555555556,216
10,0.3,1.5,-0.3,2.0,2,5,True,0.3576388888888889,0.83,0.4073425925925926,0.39849999999999997,-32.4,26.5,-5.479444444444444,-56.99,1240,5.7407407407407405,59.73441860465116,58.333333333333336,216
10,0.3,2.0,0.0,1.5,3,5,True,0.3560648148148148,0.62,0.5741666666666666,0.8565,-54.35,21.95,-2.5854166666666667,-55.09,926,4.287037037037037,67.12758620689655,65.27777777777779,216
10,0.75,2.0,0.0,2.5,5,3,True,0.3556481481481481,0.0,0.4013518518518519,0.0,-17.73,9.82,-1.0474999999999999,-17.73,222,1.0277777777777777,82.21327433628318,42.592592592592595,216
10,0.75,1.5,-0.3,2.0,3,5,True,0.3528703703703704,0.71,0.5684583333333334,0.666,-51.5,21.48,-3.0085648148148145,-52.29,412,1.9074074074074074,75.5521472392638,59.72222222222222,216
10,0.3,1.5,0.0,2.0,2,5,True,0.35111111111111104,0.845,0.4936574074074074,0.5720000000000001,-32.4,26.14,-5.268148148148147,-56.99,1250,5.787037037037037,64.28935185185185,60.18518518518518,216
10,0.3,2.0,0.3,2.0,2,7,True,0.3487037037037038,0.885,0.5217314814814815,0.6005,-38.28,34.0,-4.830370370370371,-55.58,1197,5.541666666666667,71.44558139534884,60.18518518518518,216
10,0.5,1.0,0.3,2.0,2,3,True,0.34842592592592586,1.51,0.47750925925925924,0.619,-39.71,20.1,-5.383425925925926,-56.98,1551,7.180555555555555,58.693953488372095,62.96296296296296,216
10,0.3,1.5,0.3,2.5,2,5,True,0.3467592592592592,0.855,0.5503472222222222,0.628,-38.28,34.0,-4.92,-55.58,1261,5.837962962962963,69.41620370370372,61.57407407407407,216
10,0.3,2.0,-0.3,2.5,3,5,True,0.3453240740740741,0.65,0.5170277777777778,0.751,-54.35,21.39,-2.923287037037037,-55.09,909,4.208333333333333,66.659900990099,65.27777777777779,216
10,0.5,2.0,-0.3,1.5,2,5,True,0.343287037037037,0.71,0.33231481481481484,0.4355,-32.4,26.5,-5.16050925925926,-56.99,1001,4.6342592592592595,57.726470588235294,55.55555555555556,216
10,0.3,1.0,0.3,1.5,2,3,True,0.3404629629629629,1.24,0.4629537037037037,0.613,-40.36,20.1,-5.2289814814814815,-57.63,1852,8.574074074074074,59.11064814814816,62.5,216
10,0.5,1.5,0.0,1.5,3,5,True,0.3393055555555555,0.7,0.6252870370370371,0.9704999999999999,-51.5,21.95,-2.665694444444444,-52.29,714,3.3055555555555554,66.8808080808081,66.66666666666666,216
10,0.75,2.0,0.0,2.0,2,5,True,0.33592592592592596,0.775,0.4240509259259259,0.5,-32.86,26.14,-5.06412037037037,-57.44,681,3.1527777777777777,65.49583333333332,56.481481481481474,216
10,0.5,2.0,0.0,2.5,2,5,True,0.33439814814814817,1.025,0.4705370370370371,0.5425,-32.4,26.14,-5.342268518518518,-56.99,983,4.550925925925926,65.97211538461538,60.64814814814815,216
10,0.5,2.0,-0.3,2.0,3,5,True,0.3330092592592593,0.615,0.5475972222222223,0.8140000000000001,-51.5,21.39,-2.933472222222222,-52.29,694,3.212962962962963,66.92146596858639,66.20370370370371,216
10,0.3,2.0,-0.3,2.5,2,5,True,0.332037037037037,0.88,0.43156481481481485,0.427,-32.4,26.5,-5.586620370370371,-56.99,1199,5.550925925925926,61.89392523364486,59.25925925925925,216
10,0.5,2.0,-0.3,2.0,2,5,True,0.32995370370370375,0.825,0.3605092592592593,0.417,-32.4,26.5,-5.366805555555556,-56.99,983,4.550925925925926,60.62378640776699,58.79629629629629,216
10,0.75,1.5,0.0,1.5,3,5,True,0.3205092592592592,0.795,0.6164120370370371,0.767,-51.5,21.48,-2.6356481481481477,-52.29,412,1.9074074074074074,74.1634730538922,58.79629629629629,216
10,0.3,1.5,0.0,2.5,2,3,True,0.3196296296296296,1.0950000000000002,0.5513472222222222,0.784,-32.4,18.2,-5.012361111111112,-56.99,1359,6.291666666666667,62.68888888888888,59.72222222222222,216
10,0.3,2.0,0.3,1.5,2,7,True,0.31944444444444436,0.835,0.48926851851851844,0.579,-38.28,34.0,-4.659027777777777,-55.58,1225,5.671296296296297,67.86308411214954,58.79629629629629,216
10,0.5,2.0,0.0,1.5,3,5,True,0.31708333333333333,0.595,0.6051018518518518,0.9105,-51.5,21.95,-2.659490740740741,-52.29,705,3.263888888888889,67.45846153846155,66.20370370370371,216
10,0.75,2.0,0.3,2.0,2,7,True,0.31208333333333343,0.78,0.44650000000000006,0.415,-38.28,34.0,-4.747870370370371,-55.58,675,3.125,69.88711340206186,56.481481481481474,216
10,0.75,1.5,-0.3,2.5,3,5,True,0.3112037037037036,0.665,0.5564953703703703,0.6615,-51.5,21.48,-3.0839814814814814,-52.29,412,1.9074074074074074,75.80243902439025,59.72222222222222,216
10,0.5,2.0,-0.3,2.5,3,5,True,0.3064814814814816,0.59,0.5485925925925925,0.7344999999999999,-51.5,21.39,-2.989675925925926,-52.29,694,3.212962962962963,67.42303664921467,65.74074074074075,216
10,0.5,2.0,0.3,1.5,2,7,True,0.30601851851851847,0.715,0.4531759259259259,0.4805,-38.28,34.0,-4.642407407407408,-55.58,999,4.625,66.19423076923077,58.79629629629629,216
10,0.5,2.0,0.0,1.5,2,5,True,0.3055555555555556,0.715,0.4048379629629629,0.49,-32.4,26.14,-4.9460648148148145,-56.99,1005,4.652777777777778,61.24243902439025,56.018518518518526,216
10,0.75,1.5,0.3,2.0,2,5,True,0.3045833333333335,0.74,0.46885185185185196,0.4905,-38.28,34.0,-4.6875,-55.58,714,3.3055555555555554,67.69748743718594,57.870370370370374,216
10,0.3,2.0,-0.3,2.0,2,5,True,0.2991203703703703,0.81,0.398824074074074,0.4265,-32.4,26.5,-5.4191666666666665,-56.99,1207,5.587962962962963,60.32523364485982,57.870370370370374,216
10,0.75,2.0,0.0,1.5,3,5,True,0.29828703703703696,0.79,0.603087962962963,0.734,-51.5,21.48,-2.6256944444444446,-52.29,403,1.8657407407407407,75.06280487804878,58.333333333333336,216
10,0.3,2.0,-0.3,1.5,2,5,True,0.2981018518518519,0.7949999999999999,0.35294907407407405,0.416,-32.4,26.5,-5.238240740740741,-56.99,1231,5.699074074074074,57.83004694835681,56.481481481481474,216
10,0.75,2.0,0.0,1.5,2,5,True,0.29791666666666666,0.73,0.3771898148148148,0.3355,-32.86,26.14,-4.862361111111111,-57.44,691,3.199074074074074,62.012365591397845,54.629629629629626,216
10,0.5,2.0,0.3,2.0,2,7,True,0.29787037037037045,0.875,0.478138888888889,0.506,-38.28,34.0,-4.820648148148148,-55.58,977,4.523148148148148,69.81184834123222,59.25925925925925,216
10,0.3,2.0,0.0,2.5,2,5,True,0.2956944444444445,0.87,0.5139814814814815,0.599,-32.4,26.14,-5.381805555555555,-56.99,1209,5.597222222222222,66.5493023255814,61.111111111111114,216
10,0.5,2.0,0.3,2.5,2,5,True,0.28782407407407407,0.905,0.4966157407407407,0.585,-38.28,34.0,-4.8620370370370365,-55.58,987,4.569444444444445,70.1822966507177,60.64814814814815,216
10,0.75,1.0,0.3,2.0,2,3,True,0.2872222222222223,1.395,0.4630185185185185,0.6255,-39.71,20.1,-5.324953703703704,-56.98,1207,5.587962962962963,57.30568720379147,62.03703703703704,216
10,0.3,1.5,-0.3,1.5,3,5,True,0.28078703703703695,0.65,0.49754629629629626,0.7805,-54.35,21.04,-2.807777777777778,-55.09,926,4.287037037037037,63.181592039801,63.42592592592593,216
10,0.3,2.0,0.0,1.5,2,5,True,0.28064814814814826,0.845,0.4503287037037037,0.5755,-32.4,26.14,-5.007592592592592,-56.99,1239,5.736111111111111,62.452336448598125,56.94444444444444,216
10,0.5,2.0,0.0,2.0,2,5,True,0.27916666666666673,0.785,0.42809259259259264,0.5435000000000001,-32.4,26.14,-5.173518518518518,-56.99,989,4.578703703703703,64.35700483091789,58.79629629629629,216
10,0.5,1.5,0.3,1.5,2,5,True,0.2787037037037037,0.73,0.44043055555555555,0.4675,-38.28,34.0,-4.579074074074074,-55.58,1042,4.824074074074074,64.57932692307692,58.333333333333336,216
10,0.3,1.5,0.3,1.5,2,5,True,0.2771759259259258,0.785,0.47750925925925924,0.714,-38.28,34.0,-4.614212962962963,-55.58,1289,5.967592592592593,65.4120930232558,58.333333333333336,216
10,0.75,2.0,0.3,1.5,2,7,True,0.2712962962962963,0.81,0.4079351851851852,0.3755,-38.28,34.0,-4.592037037037037,-55.58,689,3.189814814814815,65.93280423280424,54.629629629629626,216
10,0.3,2.0,0.3,2.5,2,5,True,0.27111111111111114,0.855,0.5422175925925926,0.599,-38.28,34.0,-4.877592592592593,-55.58,1226,5.675925925925926,70.07906976744187,60.64814814814815,216
10,0.5,1.5,-0.3,1.5,3,5,True,0.270787037037037,0.64,0.5464953703703704,0.869,-51.5,21.04,-2.8669907407407407,-52.29,709,3.2824074074074074,63.672020725388606,67.5925925925926,216
10,0.5,1.0,0.3,1.5,2,3,True,0.2668055555555556,1.16,0.43223148148148144,0.6759999999999999,-40.36,20.1,-5.225833333333333,-57.63,1555,7.199074074074074,56.86401869158879,62.5,216
10,0.75,1.5,0.3,1.5,2,5,True,0.26601851851851854,0.75,0.4235,0.4325,-38.28,34.0,-4.5095370370370365,-55.58,724,3.3518518518518516,64.77916666666668,55.55555555555556,216
10,0.75,2.0,-0.3,2.0,3,5,True,0.26175925925925925,0.675,0.536675925925926,0.6615,-51.5,21.48,-3.000925925925926,-52.29,403,1.8657407407407407,75.770625,58.79629629629629,216
10,0.3,2.0,-0.3,1.5,3,5,True,0.25856481481481475,0.595,0.47447685185185184,0.7204999999999999,-54.35,21.04,-2.805138888888889,-55.09,917,4.24537037037037,63.4345,63.42592592592593,216
10,0.3,2.0,0.0,2.0,2,5,True,0.2566666666666666,0.845,0.47910648148148144,0.599,-32.4,26.14,-5.213055555555555,-56.99,1217,5.6342592592592595,64.87627906976745,59.25925925925925,216
10,0.5,1.5,0.3,2.0,2,5,True,0.25277777777777766,0.855,0.46047685185185183,0.5085,-38.28,34.0,-4.785370370370369,-55.58,1026,4.75,67.90717703349281,61.111111111111114,216
10,0.3,1.5,0.3,2.0,2,5,True,0.25249999999999995,0.825,0.5052268518518518,0.6005,-38.28,34.0,-4.8002314814814815,-55.58,1269,5.875,67.83981481481482,60.64814814814815,216
10,0.75,1.5,-0.3,1.5,3,5,True,0.2502777777777777,0.7050000000000001,0.5402916666666667,0.666,-51.5,21.48,-2.8502314814814813,-52.29,412,1.9074074074074074,71.4820987654321,59.72222222222222,216
10,0.5,2.0,-0.3,1.5,3,5,True,0.2485648148148147,0.6,0.5250324074074074,0.803,-51.5,21.04,-2.8644444444444446,-52.29,700,3.240740740740741,64.31105263157895,67.12962962962963,216
10,0.75,2.0,0.3,2.0,2,5,True,0.24273148148148158,0.725,0.44793055555555555,0.488,-38.28,34.0,-4.625,-55.58,681,3.1527777777777777,68.59897959183674,56.94444444444444,216
10,0.3,1.5,-0.3,2.5,2,3,True,0.24171296296296307,0.98,0.45327777777777783,0.618,-32.4,19.76,-5.196435185185185,-56.99,1353,6.263888888888889,58.91203703703704,56.018518518518526,216
10,0.3,1.5,0.0,2.0,2,3,True,0.23148148148148145,0.855,0.5075833333333334,0.6715,-32.4,18.2,-4.918981481481482,-56.99,1363,6.310185185185185,62.104166666666664,59.25925925925925,216
10,0.5,1.5,0.0,2.5,2,3,True,0.23023148148148143,1.05,0.4603611111111111,0.7055,-32.4,18.11,-4.992916666666667,-56.99,1079,4.99537037037037,60.68564593301435,57.870370370370374,216
10,0.3,2.0,0.0,2.5,2,3,True,0.2285185185185185,1.025,0.5534907407407408,0.7044999999999999,-32.4,16.34,-4.960138888888888,-56.99,1324,6.12962962962963,63.320465116279074,60.18518518518518,216
10,0.75,2.0,-0.3,1.5,3,5,True,0.22805555555555554,0.67,0.525587962962963,0.6615,-51.5,21.48,-2.846064814814815,-52.29,403,1.8657407407407407,72.35911949685534,59.25925925925925,216
10,0.75,2.0,-0.3,2.5,3,5,True,0.22009259259259256,0.575,0.5260648148148148,0.6505000000000001,-51.5,21.48,-3.0763425925925927,-52.29,403,1.8657407407407407,76.04534161490683,58.79629629629629,216
10,0.3,1.5,0.0,1.5,2,3,True,0.20601851851851846,0.9450000000000001,0.484875,0.636,-32.4,18.2,-4.793333333333333,-56.99,1369,6.337962962962963,60.973364485981314,58.79629629629629,216
10,0.5,2.0,0.3,1.5,2,5,True,0.2046296296296296,0.72,0.43130092592592595,0.4805,-38.28,34.0,-4.546111111111111,-55.58,1009,4.671296296296297,65.4135265700483,58.333333333333336,216
10,0.3,2.0,0.3,1.5,2,5,True,0.2031018518518518,0.8049999999999999,0.47700000000000004,0.6525000000000001,-38.28,34.0,-4.5825,-55.58,1256,5.814814814814815,66.14766355140188,58.79629629629629,216
10,0.75,1.0,0.3,1.5,2,3,True,0.19680555555555565,1.18,0.4078148148148148,0.6255,-40.36,20.1,-5.182361111111112,-57.63,1211,5.606481481481482,55.44615384615384,62.03703703703704,216
10,0.75,2.0,0.3,1.5,2,5,True,0.19194444444444442,0.725,0.411287037037037,0.372,-38.28,34.0,-4.469166666666666,-55.58,691,3.199074074074074,65.55,55.092592592592595,216
10,0.5,2.0,0.3,2.0,2,5,True,0.19092592592592594,0.855,0.4419722222222222,0.5235000000000001,-38.28,34.0,-4.731481481481482,-55.58,993,4.597222222222222,68.59567307692308,60.18518518518518,216
10,0.3,2.0,0.3,2.0,2,5,True,0.19064814814814812,0.855,0.4970416666666666,0.5994999999999999,-38.28,34.0,-4.74736111111111,-55.58,1236,5.722222222222222,68.50093023255815,59.72222222222222,216
10,0.75,1.5,0.0,2.5,2,3,True,0.17157407407407405,1.03,0.4373148148148149,0.5695,-32.86,17.33,-4.875694444444445,-57.44,740,3.425925925925926,62.68072916666667,56.481481481481474,216
10,0.5,1.5,-0.3,2.5,2,3,True,0.17046296296296296,0.98,0.3839814814814815,0.552,-32.4,19.85,-5.166296296296297,-56.99,1077,4.986111111111111,57.92884615384616,56.481481481481474,216
10,0.3,2.0,-0.3,2.5,2,3,True,0.15652777777777785,0.885,0.4481157407407408,0.45899999999999996,-32.4,16.34,-5.148287037037037,-56.99,1318,6.101851851851852,59.39767441860465,56.481481481481474,216
10,0.3,2.0,0.0,2.0,2,3,True,0.15638888888888888,0.855,0.5124537037037037,0.6225,-32.4,16.34,-4.853101851851852,-56.99,1330,6.157407407407407,62.78186046511628,59.72222222222222,216
10,0.75,1.5,-0.3,2.5,2,3,True,0.154074074074074,0.9450000000000001,0.3842222222222222,0.4355,-32.86,19.3,-5.035972222222222,-57.44,740,3.425925925925926,62.36470588235294,56.018518518518526,216
10,0.3,1.5,-0.3,2.0,2,3,True,0.15356481481481482,0.78,0.4083981481481481,0.511,-32.4,19.76,-5.10337962962963,-56.99,1357,6.282407407407407,58.363425925925924,55.55555555555556,216
10,0.5,1.5,0.0,2.0,2,3,True,0.145,0.8500000000000001,0.41277777777777774,0.5954999999999999,-32.4,18.11,-4.896574074074073,-56.99,1077,4.986111111111111,60.16183574879227,56.94444444444444,216
10,0.5,1.5,0.0,1.5,2,3,True,0.14486111111111108,0.715,0.3978703703703704,0.446,-32.4,18.11,-4.740555555555556,-56.99,1079,4.99537037037037,58.34682926829269,56.481481481481474,216
10,0.5,2.0,0.0,2.5,2,3,True,0.1391203703703703,1.005,0.45264814814814824,0.5825,-32.4,16.37,-4.936157407407408,-56.99,1044,4.833333333333333,61.26634615384616,57.870370370370374,216
10,0.3,1.5,0.3,2.5,2,3,True,0.13370370370370369,0.855,0.5422222222222223,0.7144999999999999,-38.28,20.1,-4.689166666666667,-55.58,1372,6.351851851851852,65.23379629629629,58.79629629629629,216
10,0.3,1.5,-0.3,1.5,2,3,True,0.1288425925925926,0.815,0.385574074074074,0.4245,-32.4,19.76,-4.977870370370369,-56.99,1363,6.310185185185185,57.32943925233645,56.481481481481474,216
10,0.3,2.0,0.0,1.5,2,3,True,0.11416666666666665,0.825,0.4832916666666666,0.656,-32.4,16.32,-4.752685185185185,-56.99,1336,6.185185185185185,61.61596244131456,58.79629629629629,216
10,0.5,1.5,-0.3,1.5,2,3,True,0.08578703703703701,0.71,0.31860185185185186,0.446,-32.4,19.85,-4.913472222222222,-56.99,1077,4.986111111111111,55.70392156862745,55.092592592592595,216
10,0.5,2.0,-0.3,2.5,2,3,True,0.08527777777777779,0.815,0.37599537037037034,0.4905,-32.4,16.37,-5.1154629629629635,-56.99,1042,4.824074074074074,58.46231884057971,56.481481481481474,216
10,0.5,1.5,-0.3,2.0,2,3,True,0.08523148148148156,0.79,0.3360972222222222,0.5115000000000001,-32.4,19.85,-5.069675925925925,-56.99,1075,4.976851851851852,57.37572815533981,55.55555555555556,216
10,0.3,2.0,-0.3,2.0,2,3,True,0.0843981481481481,0.625,0.40600462962962963,0.4255,-32.4,16.34,-5.0414814814814815,-56.99,1324,6.12962962962963,58.90790697674419,56.018518518518526,216
10,0.75,2.0,0.0,2.5,2,3,True,0.0804629629629629,0.95,0.42767129629629635,0.5135000000000001,-32.86,16.72,-4.810092592592593,-57.44,705,3.263888888888889,63.29263157894737,56.481481481481474,216
10,0.3,2.0,0.3,2.5,2,3,True,0.07518518518518516,0.905,0.5502222222222222,0.606,-38.28,20.1,-4.636342592592593,-55.58,1337,6.189814814814815,65.91767441860465,60.64814814814815,216
10,0.5,2.0,0.0,2.0,2,3,True,0.06990740740740738,0.8500000000000001,0.4076944444444444,0.5545,-32.4,16.37,-4.829814814814815,-56.99,1044,4.833333333333333,60.816990291262144,56.94444444444444,216
10,0.75,2.0,-0.3,2.5,2,3,True,0.06888888888888887,0.735,0.37496759259259255,0.392,-32.86,16.72,-4.976203703703704,-57.44,705,3.263888888888889,62.97135135135135,55.55555555555556,216
10,0.5,2.0,0.0,1.5,2,3,True,0.05300925925925927,0.71,0.3869351851851852,0.4425,-32.4,16.35,-4.704120370370371,-56.99,1046,4.842592592592593,58.95441176470589,56.481481481481474,216
10,0.75,1.5,0.0,2.0,2,3,True,0.04870370370370372,0.755,0.38192129629629634,0.477,-32.86,17.33,-4.81587962962963,-57.44,738,3.4166666666666665,61.94157894736843,55.55555555555556,216
10,0.3,1.5,0.3,2.0,2,3,True,0.04361111111111112,0.75,0.4954166666666666,0.5455000000000001,-38.28,20.1,-4.595648148148149,-55.58,1376,6.37037037037037,64.66990740740741,58.79629629629629,216
10,0.3,2.0,-0.3,1.5,2,3,True,0.04291666666666675,0.565,0.376962962962963,0.401,-32.4,16.32,-4.943148148148147,-56.99,1330,6.157407407407407,57.83849765258216,56.481481481481474,216
10,0.75,1.5,0.0,1.5,2,3,True,0.041851851851851814,0.5800000000000001,0.3567453703703704,0.3255,-32.86,17.33,-4.674861111111111,-57.44,740,3.425925925925926,60.22432432432432,55.55555555555556,216
10,0.5,1.5,0.3,2.5,2,3,True,0.03949074074074068,0.9850000000000001,0.45795833333333325,0.655,-38.28,20.1,-4.690787037037037,-55.58,1085,5.023148148148148,63.971090047393375,58.79629629629629,216
10,0.3,1.5,0.3,1.5,2,3,True,0.031481481481481416,0.76,0.4748055555555556,0.5115000000000001,-38.28,20.1,-4.4507870370370375,-55.58,1382,6.398148148148148,63.259534883720924,59.72222222222222,216
10,0.75,1.5,-0.3,2.0,2,3,True,0.031203703703703616,0.6799999999999999,0.3290092592592593,0.349,-32.86,19.3,-4.975833333333333,-57.44,738,3.4166666666666665,61.60216216216217,55.092592592592595,216
10,0.75,1.5,-0.3,1.5,2,3,True,0.02435185185185181,0.585,0.30201388888888886,0.3105,-32.86,19.3,-4.835277777777778,-57.44,740,3.425925925925926,59.82722222222222,55.092592592592595,216
10,0.5,2.0,-0.3,2.0,2,3,True,0.01606481481481484,0.6499999999999999,0.33075925925925925,0.4555,-32.4,16.37,-5.008842592592592,-56.99,1042,4.824074074074074,57.98341463414634,55.55555555555556,216
10,0.75,1.5,0.3,2.5,2,3,True,0.010138888888888845,1.03,0.4505370370370371,0.604,-38.28,20.1,-4.560509259259259,-55.58,740,3.425925925925926,65.4454081632653,57.407407407407405,216
10,0.3,2.0,0.3,2.0,2,3,True,0.0011111111111110875,0.8200000000000001,0.5061111111111112,0.5665,-38.28,20.1,-4.533379629629629,-55.58,1343,6.217592592592593,65.38976744186046,60.64814814814815,216
10,0.5,2.0,-0.3,1.5,2,3,True,-0.00013888888888889415,0.575,0.3062314814814815,0.33399999999999996,-32.4,16.35,-4.882962962962962,-56.99,1044,4.833333333333333,56.26453201970444,54.629629629629626,216
10,0.5,2.0,0.3,2.5,2,3,True,-0.01902777777777784,0.9450000000000001,0.4560277777777778,0.531,-38.28,20.1,-4.632407407407407,-55.58,1050,4.861111111111111,64.64142857142858,59.25925925925925,216
10,0.75,2.0,0.0,2.0,2,3,True,-0.026388888888888837,0.735,0.3749398148148148,0.4585,-32.86,16.72,-4.740324074074074,-57.44,705,3.263888888888889,62.6436170212766,55.55555555555556,216
10,0.3,2.0,0.3,1.5,2,3,True,-0.027777777777777776,0.77,0.47971296296296295,0.5235000000000001,-38.28,20.1,-4.413981481481482,-55.58,1349,6.24537037037037,63.94859813084112,61.111111111111114,216
10,0.75,2.0,-0.3,2.0,2,3,True,-0.03796296296296304,0.545,0.32243981481481476,0.34850000000000003,-32.86,16.72,-4.90611111111111,-57.44,705,3.263888888888889,62.30109289617487,54.629629629629626,216
10,0.5,1.5,0.3,1.5,2,3,True,-0.042361111111111134,0.6950000000000001,0.39590277777777777,0.4375,-38.28,20.1,-4.426574074074074,-55.58,1085,5.023148148148148,61.59759615384615,57.870370370370374,216
10,0.5,1.5,0.3,2.0,2,3,True,-0.04773148148148149,0.72,0.4082268518518518,0.505,-38.28,20.1,-4.597314814814815,-55.58,1083,5.013888888888889,63.48373205741627,58.333333333333336,216
10,0.75,2.0,0.3,2.5,2,3,True,-0.048379629629629745,0.95,0.4467777777777777,0.54,-38.28,20.1,-4.493564814814814,-55.58,705,3.263888888888889,66.15927835051546,57.870370370370374,216
10,0.75,2.0,0.0,1.5,2,3,True,-0.049999999999999954,0.535,0.3430092592592593,0.3255,-32.86,16.72,-4.63087962962963,-57.44,707,3.2731481481481484,60.89016393442624,55.092592592592595,216
10,0.75,2.0,-0.3,1.5,2,3,True,-0.06157407407407406,0.435,0.2872175925925926,0.284,-32.86,16.72,-4.79712962962963,-57.44,707,3.2731481481481484,60.48876404494382,53.70370370370371,216
10,0.5,2.0,0.3,2.0,2,3,True,-0.0902314814814815,0.72,0.408962962962963,0.487,-38.28,20.1,-4.528935185185185,-55.58,1050,4.861111111111111,64.22884615384615,58.79629629629629,216
10,0.5,2.0,0.3,1.5,2,3,True,-0.10162037037037042,0.67,0.39140740740740737,0.4125,-38.28,20.1,-4.388518518518519,-55.58,1052,4.87037037037037,62.30869565217392,58.79629629629629,216
10,0.75,1.5,0.3,2.0,2,3,True,-0.11217592592592592,0.725,0.3934398148148148,0.488,-38.28,20.1,-4.501481481481481,-55.58,738,3.4166666666666665,64.75,56.481481481481474,216
10,0.75,1.5,0.3,1.5,2,3,True,-0.11564814814814818,0.5800000000000001,0.36750462962962965,0.32299999999999995,-38.28,20.1,-4.349120370370371,-55.58,740,3.425925925925926,63.143386243386246,56.481481481481474,216
10,0.75,2.0,0.3,2.0,2,3,True,-0.15467592592592594,0.725,0.3923888888888889,0.488,-38.28,20.1,-4.424583333333333,-55.58,705,3.263888888888889,65.55364583333333,56.94444444444444,216
10,0.75,2.0,0.3,1.5,2,3,True,-0.17490740740740734,0.535,0.3602731481481481,0.32299999999999995,-38.28,20.1,-4.30375,-55.58,707,3.2731481481481484,63.91550802139038,56.481481481481474,216
